,,,,,,,,,,,,,,,,,,,,
,,,,,,,,,,,,,,,,,,,,
project_id,ifi,country,year,doc_type,item_type,label,primary_category,specific_outcome,intended_or_measured,species_tags,evidence_text,citations,needs_review_flag,duplicate_flag,source_pages,source_sections,,,,
P171266,World Bank,Bosnia and Herzegovina,2022,PAD,objective,Increase climate resilience and competitiveness of the agriculture sector,,,,,The Project Development Objective is to increase climate resilience and competitiveness of the agriculture sector.,"World Bank, 2022, p. 2",FALSE,FALSE,p.2,Datasheet,,,,
P171266,World Bank,Bosnia and Herzegovina,2022,PAD,intervention,"Develop farm and client registers, upgraded payment system and Farm Accountancy Data Network (FADN)",Policy & Regulatory,,,multiple,"The subcomponent will support establishing farm and client registers, upgrading the payment system, strengthening the Country Agriculture Rural Payment Office, and establishing a Farm Accountancy Data Network (FADN).","World Bank, 2022, p. 23",FALSE,FALSE,p.23,Component 1 (Enhancing agriculture information systems),,,,
P171266,World Bank,Bosnia and Herzegovina,2022,PAD,intervention,"Support climate-resilient agriculture through improved seeds, climate risk awareness, extension services, and diversification strategies",Advisory and Extension,,,multiple,"The project will raise awareness on climate change impacts, improve extension services, promote adoption of Good Agricultural Practices and integrated pest management, facilitate climate risk assessment, and support diversification strategies such as agroforestry and intercropping using improved seeds.","World Bank, 2022, p. 24",FALSE,FALSE,p.24,Component 1 (Supporting climate-resilient agriculture),,,,
P171266,World Bank,Bosnia and Herzegovina,2022,PAD,intervention,"Provide matching grants and capacity building to aggregators for climate-smart value-chain investments across fruits, vegetables, dairy and livestock",Markets & Finance,,,multiple,"The project will strengthen value chains by providing matching grants to aggregators for investments in renewable energy, cold chain, climate-smart post-harvest storage and processing across fruits, vegetables, dairy and livestock; technical assistance and capacity building will accompany these investments.","World Bank, 2022, p. 25",FALSE,FALSE,p.25,Component 2 (Strengthening value chains and productive partnerships),,,,
P171266,World Bank,Bosnia and Herzegovina,2022,PAD,intervention,Rehabilitate irrigation and drainage systems and develop new energy-efficient schemes with training for water user associations,Rural/Public Infrastructure,,,unspecified,"Subcomponent 2 will rehabilitate irrigation networks, promote energy-efficient irrigation and renewable energy, develop new irrigation schemes and provide capacity building for water user associations, including operations and maintenance agreements and an Irrigation and Drainage Information Management System.","World Bank, 2022, p. 27",FALSE,FALSE,p.27,Component 2 (Improving irrigation and drainage systems),,,,
P171266,World Bank,Bosnia and Herzegovina,2022,PAD,intervention,Upgrade food quality and safety institutions and laboratories to meet EU standards,Public Health,,,unspecified,"The project will invest in food quality and safety by upgrading laboratories and risk-based controls, strengthening veterinary, food safety and plant health institutions, conducting risk assessments and ensuring compliance with EU food safety standards.","World Bank, 2022, p. 28",FALSE,FALSE,p.28,Component 3 (Food quality and safety standards),,,,
P171266,World Bank,Bosnia and Herzegovina,2022,PAD,intervention,"Develop integrated IT systems for veterinary, food safety and plant health information and traceability",Policy & Regulatory,,,unspecified,"An IT system will be developed to integrate veterinary, food safety and plant health information for real-time traceability and ensure compatibility with EU systems, strengthening official controls and documentation.","World Bank, 2022, p. 29",FALSE,FALSE,p.29,Component 3 (IT systems for food safety),,,,
P171266,World Bank,Bosnia and Herzegovina,2022,PAD,outcome,Farmers adopting improved agricultural technology,Sustainable Economic Growth,Adoption,Intended,multiple,"The results framework includes an indicator for the number of farmers adopting improved agricultural technology, disaggregated by gender, reflecting adoption of climate-smart production practices and technologies.","World Bank, 2022, p. 45",FALSE,FALSE,p.45,Results Framework,,,,
P171266,World Bank,Bosnia and Herzegovina,2022,PAD,outcome,Farmers with access to irrigation or drainage services supported by the project,Resilience,Resilience,Intended,unspecified,"The PDO indicator “Farmers with access to irrigation/drainage services supported by the project” measures the area and number of farmers served by rehabilitated or new irrigation schemes, aiming to enhance climate resilience.","World Bank, 2022, p. 45",FALSE,FALSE,p.45,Results Framework,,,,
P171266,World Bank,Bosnia and Herzegovina,2022,PAD,outcome,Aggregators reporting increased sales of agricultural produce,Sustainable Economic Growth,Market efficiency,Intended,multiple,"One of the PDO indicators tracks the percentage of aggregators reporting increases in sales of agricultural produce from farmers they support, reflecting improved market efficiency and commercialization.","World Bank, 2022, p. 45",FALSE,FALSE,p.45,Results Framework,,,,
P171266,World Bank,Bosnia and Herzegovina,2022,PAD,outcome,"Increase in percentage of risk‑based official controls in veterinary, food safety and plant health services",Inducing Policy Change,Institutional changes,Intended,unspecified,"The project aims to increase the percentage of improved risk‑based official controls by veterinary, food safety and plant health services, enhancing institutional capacity and regulatory compliance.","World Bank, 2022, p. 45",FALSE,FALSE,p.45,Results Framework,,,,
P171266,World Bank,Bosnia and Herzegovina,2022,PAD,outcome,Farm and client registry improved and new value‑chain registers established,Inducing Policy Change,Institutional changes,Intended,unspecified,Intermediate indicators include improvement of the farm and client registry and establishment of new registers for priority value chains to enhance targeting and transparency of support programs.,"World Bank, 2022, p. 46",FALSE,FALSE,p.46,Results Framework,,,,
P171266,World Bank,Bosnia and Herzegovina,2022,PAD,outcome,Establishment of a Farm Accountancy Data Network (FADN),Inducing Policy Change,Institutional changes,Intended,unspecified,"The results framework includes an intermediate indicator for establishing a Farm Accountancy Data Network (FADN), contributing to transparent and evidence-based agricultural policy.","World Bank, 2022, p. 46",FALSE,FALSE,p.46,Results Framework,,,,
P171266,World Bank,Bosnia and Herzegovina,2022,PAD,outcome,Extension staff trained in climate‑smart production practices and number of farmers reached with agricultural assets or services,Inclusivity & Women’s Empowerment,Knowledge increase,Intended,multiple,"Intermediate indicators track the number of extension staff trained in climate‑smart production practices, including women, as well as the number of farmers (male and female) reached with agricultural assets or services, reflecting efforts to build capacity and inclusivity.","World Bank, 2022, p. 46",FALSE,FALSE,p.46,Results Framework,,,,
P171266,World Bank,Bosnia and Herzegovina,2022,PAD,outcome,Area provided with new or improved irrigation or drainage services,Resilience,Resilience,Intended,unspecified,"An intermediate indicator measures the hectares of area provided with new or improved irrigation or drainage services, highlighting investment in climate‑resilient infrastructure.","World Bank, 2022, p. 47",FALSE,FALSE,p.47,Results Framework,,,,
P171266,World Bank,Bosnia and Herzegovina,2022,PAD,outcome,Number of upgraded veterinary and food safety laboratories and adoption of IT systems,Inducing Policy Change,Institutional changes,Intended,unspecified,"Intermediate indicators measure the number of veterinary and food safety laboratories upgraded and the adoption of new IT systems by staff (with female disaggregation), reflecting strengthening of regulatory and control capacity.","World Bank, 2022, p. 47",FALSE,FALSE,p.47,Results Framework,,,,
P171266,World Bank,Bosnia and Herzegovina,2021,PID,objective,Duplicate PID; content ignored because PAD exists,,,,,,,FALSE,TRUE,,,,,,
P159476,World Bank,Burkina Faso,2017,PAD,objective,Enhance productivity and commercialization of non‑pastoral animal production and strengthen capacity to respond to crises,,,,,"The project development objectives are to enhance productivity and commercialization of non‑pastoral animal production in selected value chains and strengthen the country’s capacity to respond to severe crises affecting the livestock sector, providing immediate and effective response in an eligible emergency.","World Bank, 2017, p. 30",FALSE,FALSE,p.30,Datasheet,,,,
P159476,World Bank,Burkina Faso,2017,PAD,intervention,"Improve access to animal health services through vaccination campaigns, disease surveillance and laboratory rehabilitation",Public Health,,,cattle; small ruminants; poultry; swine,"Subcomponent 1.1 finances vaccination campaigns against priority diseases such as CBPP, FMD, fowl pox, PPR, ASF and HPAI, strengthens disease surveillance and diagnostic capacity, rehabilitates veterinary laboratories and posts, and trains veterinary services to improve animal health.","World Bank, 2017, p. 70",FALSE,FALSE,p.70,Component 1.1 (Access to animal health services),,,,
P159476,World Bank,Burkina Faso,2017,PAD,intervention,"Improve access to quality inputs including feed, forage seeds and superior genetics through artificial insemination and improved fingerlings",Livestock Management & Technologies,,,cattle; dairy; small ruminants; poultry; swine; fish,"Subcomponent 1.2 improves access to quality inputs by supporting feed quality control, producing forage seeds, providing high‑performance bulls for genetic improvement, expanding artificial insemination, regulating animal genetic resources and introducing improved fingerlings for aquaculture.","World Bank, 2017, p. 71",FALSE,FALSE,p.71,Component 1.2 (Access to quality inputs),,,,
P159476,World Bank,Burkina Faso,2017,PAD,intervention,"Strengthen institutions through training, guidelines, rehabilitation of veterinary posts and markets and central procurement of veterinary drugs",Advisory and Extension,,,multiple,"Subcomponent 1.3 provides institutional strengthening by developing technical guidelines, transferring new farming techniques, training veterinary school staff (with emphasis on women), rehabilitating veterinary posts and markets, raising awareness about quality standards and establishing a central procurement unit to combat counterfeit veterinary medicines.","World Bank, 2017, p. 72",FALSE,FALSE,p.72,Component 1.3 (Institutional strengthening),,,,
P159476,World Bank,Burkina Faso,2017,PAD,intervention,"Enhance the investment climate through studies, training and capacity building for financial institutions and private sector actors",Markets & Finance,,,multiple,"Subcomponent 2.1 finances studies, training, business exchanges and strategic planning to improve the investment climate, promotes livestock product branding and quality certification and builds capacity of partner financial institutions to develop tailored financial products for livestock investors.","World Bank, 2017, p. 74",FALSE,FALSE,p.74,Component 2.1 (Investment climate),,,,
P159476,World Bank,Burkina Faso,2017,PAD,intervention,"Provide matching grants to productive alliances and micro‑projects for equipment, livestock and inputs with favourable terms for women and youth",Markets & Finance,,,multiple,"Subcomponent 2.2 provides matching grants to productive alliances and micro‑projects to finance equipment, small civil works, live animals and inputs. Grants include capacity building and more favourable terms for women and youth to support inclusive value‑chain development.","World Bank, 2017, p. 75",FALSE,FALSE,p.75,Component 2.2 (Productive alliances and micro‑projects),,,,
P159476,World Bank,Burkina Faso,2017,PAD,intervention,"Strengthen crisis management through operationalizing the Permanent Secretariat, developing crisis tools and contingency responses",Policy & Regulatory,,,multiple,"Component 3 supports crisis management by operationalizing the Permanent Secretariat for livestock crises, providing equipment, training and tools for crisis management and establishing a Contingency Emergency Response mechanism to respond rapidly to livestock shocks.","World Bank, 2017, p. 78",FALSE,FALSE,p.78,Component 3 (Crisis management),,,,
P159476,World Bank,Burkina Faso,2017,PAD,outcome,Increase in yields of selected animal value chains,Sustainable Economic Growth,Productivity,Intended,cattle; dairy; small ruminants; poultry; swine,"PDO indicators include a percentage increase in yields for selected animal value chains (targeting a 20 percent gain), reflecting improved productivity in cattle, small ruminant, milk, poultry and pork value chains.","World Bank, 2017, p. 120",FALSE,FALSE,p.120,Results Framework,,,,
P159476,World Bank,Burkina Faso,2017,PAD,outcome,Incremental sales in targeted value chains,Sustainable Economic Growth,Market efficiency,Intended,cattle; dairy; small ruminants; poultry; swine,"A PDO indicator measures incremental sales in targeted value chains (target 30 percent), indicating enhanced commercialization and market efficiency for livestock producers.","World Bank, 2017, p. 120",FALSE,FALSE,p.120,Results Framework,,,,
P159476,World Bank,Burkina Faso,2017,PAD,outcome,Reduced prevalence of animal diseases such as CBPP and PPR,Resilience,Resilience,Intended,cattle; small ruminants,Intermediate results indicators track reductions in prevalence of Contagious Bovine Pleuropneumonia (CBPP) and Peste des Petits Ruminants (PPR) as a result of improved vaccination and disease surveillance.,"World Bank, 2017, p. 121",FALSE,FALSE,p.121,Results Framework,,,,
P159476,World Bank,Burkina Faso,2017,PAD,outcome,Number of poultry vaccinated against priority diseases,Resilience,Resilience,Intended,poultry,"The results framework counts the number of poultry vaccinated against diseases like fowl pox and highly pathogenic avian influenza, showing efforts to control epidemics and increase resilience.","World Bank, 2017, p. 121",FALSE,FALSE,p.121,Results Framework,,,,
P159476,World Bank,Burkina Faso,2017,PAD,outcome,Farmers adopting improved agricultural technology,Sustainable Economic Growth,Adoption,Intended,multiple,"An intermediate indicator records the number of farmers adopting improved agricultural technology, such as better feeding practices or animal management methods, indicating diffusion of innovations.","World Bank, 2017, p. 121",FALSE,FALSE,p.121,Results Framework,,,,
P159476,World Bank,Burkina Faso,2017,PAD,outcome,"Farmers reached with agricultural assets or services (male, female, youth)",Sustainable Economic Growth,Adoption,Intended,multiple,"PDO and intermediate indicators track the number of farmers reached with agricultural assets or services, including disaggregation by female and youth beneficiaries, reflecting inclusive outreach and adoption of technologies.","World Bank, 2017, p. 122",FALSE,FALSE,p.122,Results Framework,,,,
P159476,World Bank,Burkina Faso,2017,PAD,outcome,Number of micro‑projects funded and volume of loans granted by partner financial institutions,Sustainable Economic Growth,Income diversity,Intended,multiple,"Intermediate indicators include the number of micro-projects funded (with female and youth disaggregation) and the volume of loans granted by partner financial institutions, supporting diversification and access to finance.","World Bank, 2017, p. 122",FALSE,FALSE,p.122,Results Framework,,,,
P159476,World Bank,Burkina Faso,2017,PAD,outcome,Time between crisis requests and disbursement and beneficiary satisfaction rate,Resilience,Resilience,Intended,multiple,"Indicators measure the number of weeks between a crisis request and disbursement under the Contingency Emergency Response and the beneficiary satisfaction rate with services, reflecting responsiveness and resilience capacity.","World Bank, 2017, p. 123",FALSE,FALSE,p.123,Results Framework,,,,
P178598,World Bank,Burkina Faso,2023,PAD,objective,"Improve productivity, commercialization and resilience of key sedentary livestock production systems for targeted beneficiaries",,,,,"The Project Development Objective is to improve the productivity, commercialization and resilience of key sedentary livestock production systems for targeted beneficiaries in project areas.","World Bank, 2023, p. 17",FALSE,FALSE,p.17,Datasheet,,,,
P178598,World Bank,Burkina Faso,2023,PAD,intervention,"Develop Livestock Master Plan, update feeding, breeding, dairy and animal health policies and improve food safety and SPS regulations",Policy & Regulatory,,,multiple,"Subcomponent 1.1 provides technical assistance to prepare a Livestock Master Plan, update policies on feeding, breeding, dairy and animal health, improve food safety and SPS regulations, develop a genetic resource management strategy and build the Ministry’s capacity for climate‑smart policy formulation and M&E.","World Bank, 2023, p. 35",FALSE,FALSE,p.35,Component 1.1 (Policy formulation and capacity strengthening),,,,
P178598,World Bank,Burkina Faso,2023,PAD,intervention,"Strengthen animal husbandry and advisory services through GAHP training, extension support, improved breeds and drought‑tolerant forage seeds",Advisory and Extension,,,cattle; dairy; small ruminants; poultry,"Subcomponent 1.2 supports animal husbandry by developing training materials and farmer field schools, training extension agents, distributing improved bulls and establishing artificial insemination centres, providing drought‑tolerant forage seeds, and supplying livestock to internally displaced and conflict‑affected populations.","World Bank, 2023, p. 36",FALSE,FALSE,p.36,Component 1.2 (Animal husbandry and advisory services),,,,
P178598,World Bank,Burkina Faso,2023,PAD,intervention,"Enhance animal health services through disease surveillance, training and vaccination programs for CBPP, FMD, Newcastle disease, Fowl Pox and PPR",Public Health,,,cattle; small ruminants; poultry,"Subcomponent 1.3 strengthens animal health services by improving surveillance and control of endemic and emerging diseases, rehabilitating quarantine posts, training farmers and veterinarians, and delivering vaccination campaigns targeting diseases such as CBPP, FMD, Newcastle disease, Fowl Pox and PPR. It also provides vaccines, solar‑powered cold chains, strengthens laboratories, digitalizes livestock identification, supports One Health implementation and equips private veterinary practitioners.","World Bank, 2023, p. 37",FALSE,FALSE,p.37,Component 1.3 (Animal health services strengthening),,,,
P178598,World Bank,Burkina Faso,2023,PAD,intervention,"Develop climate‑smart productive infrastructure and markets including cooling centres, transport, slaughterhouses, climate‑smart markets and food safety laboratories",Rural/Public Infrastructure,,,multiple,"Subcomponent 2.1 finances climate‑resilient livestock infrastructure such as cooling centres, transport services, slaughterhouses and climate‑smart livestock markets with water, shade and weighbridges. It upgrades abattoirs, links producers and traders, improves price discovery, professionalizes trade, upgrades the ABNORM food certification laboratory and develops an integrated Livestock Market Information System (LMIS).","World Bank, 2023, p. 40",FALSE,FALSE,p.40,Component 2.1 (Productive infrastructure and marketing),,,,
P178598,World Bank,Burkina Faso,2023,PAD,intervention,"Improve access to finance through business development services, capacity building for PFIs and establishment of the Livestock Improvement Financial Facility",Markets & Finance,,,multiple,"Subcomponent 2.2 provides business development services to livestock value‑chain actors, builds capacity of partner financial institutions, and establishes a Livestock Improvement Financial Facility to provide matching grants for climate‑smart productive investments, with carbon impact assessments and prioritization of women and youth.","World Bank, 2023, p. 43",FALSE,FALSE,p.43,Component 2.2 (Access to finance),,,,
P178598,World Bank,Burkina Faso,2023,PAD,outcome,Increase in productivity of livestock species (milk yield and carcass weight),Sustainable Economic Growth,Productivity,Intended,cattle; dairy; small ruminants,"PDO indicators measure increases in productivity of key livestock species, such as higher milk yield per cow and heavier carcass weights for cattle, sheep and goats, reflecting improved feeding and husbandry practices.","World Bank, 2023, p. 90",FALSE,FALSE,p.90,Results Framework,,,,
P178598,World Bank,Burkina Faso,2023,PAD,outcome,"Increase in volume of market sales for milk, meat and eggs",Sustainable Economic Growth,Market efficiency,Intended,cattle; dairy; small ruminants; poultry,"The results framework tracks increases in the volume of sales of milk, meat and eggs by producers supported by the project, indicating enhanced commercialization and market linkages.","World Bank, 2023, p. 90",FALSE,FALSE,p.90,Results Framework,,,,
P178598,World Bank,Burkina Faso,2023,PAD,outcome,Farmers adopting Good Animal Husbandry Practices (GAHPs),Sustainable Economic Growth,Adoption,Intended,multiple,"A key PDO indicator counts the number of farmers adopting Good Animal Husbandry Practices as a result of training and extension support, demonstrating uptake of improved practices.","World Bank, 2023, p. 90",FALSE,FALSE,p.90,Results Framework,,,,
P178598,World Bank,Burkina Faso,2023,PAD,outcome,Vulnerable farmers affected by insecurity supported for stock asset replenishment,Resilience,Resilience,Intended,unspecified,"The results framework includes an indicator counting vulnerable and internally displaced farmers who receive livestock and inputs to replenish their herds, enhancing resilience in conflict‑affected areas.","World Bank, 2023, p. 91",FALSE,FALSE,p.91,Results Framework,,,,
P178598,World Bank,Burkina Faso,2023,PAD,outcome,Direct project beneficiaries (percentage female),Inclusivity & Women’s Empowerment,Women’s empowerment,Intended,unspecified,"An outcome indicator counts the number of direct project beneficiaries and the percentage of female beneficiaries, aiming to ensure equitable participation and empowerment of women in the livestock sector.","World Bank, 2023, p. 91",FALSE,FALSE,p.91,Results Framework,,,,
P178598,World Bank,Burkina Faso,2023,PAD,outcome,Climate‑friendly livestock master plan developed and integrated animal feed strategy prepared,Inducing Policy Change,Institutional changes,Intended,unspecified,"Intermediate results indicators include development of a climate‑friendly livestock master plan and preparation of an integrated animal feed strategy, reflecting strategic planning and institutional reform.","World Bank, 2023, p. 92",FALSE,FALSE,p.92,Results Framework,,,,
P178598,World Bank,Burkina Faso,2023,PAD,outcome,"Percentage of animals vaccinated (cattle, small ruminants, poultry)",Resilience,Resilience,Intended,cattle; small ruminants; poultry,"Intermediate indicators measure the percentage of cattle, small ruminants and poultry vaccinated against priority diseases, reflecting improved disease control and resilience.","World Bank, 2023, p. 92",FALSE,FALSE,p.92,Results Framework,,,,
P178598,World Bank,Burkina Faso,2023,PAD,outcome,Number of cows inseminated and number of artificial insemination centres rehabilitated,Sustainable Economic Growth,Productivity,Intended,cattle; dairy,"The results framework counts the number of cows inseminated and the number of artificial insemination centres rehabilitated, indicating improvements in genetic quality and productivity.","World Bank, 2023, p. 92",FALSE,FALSE,p.92,Results Framework,,,,
P178598,World Bank,Burkina Faso,2023,PAD,outcome,Number of milk collection centres and slaughterhouses built or rehabilitated,Sustainable Economic Growth,Market efficiency,Intended,cattle; dairy; small ruminants,"Intermediate indicators record the number of milk collection centres and slaughterhouses built or rehabilitated, improving post‑harvest handling and market efficiency.","World Bank, 2023, p. 93",FALSE,FALSE,p.93,Results Framework,,,,
P178598,World Bank,Burkina Faso,2023,PAD,outcome,Number of business plans co‑financed by the Livestock Improvement Financial Facility and proportion of grants to female farmers,Sustainable Economic Growth,Income diversity,Intended,unspecified,"Indicators track the number of business plans co‑financed through the Livestock Improvement Financial Facility and the proportion of grants awarded to female farmers, supporting inclusive financing and enterprise development.","World Bank, 2023, p. 93",FALSE,FALSE,p.93,Results Framework,,,,
P178598,World Bank,Burkina Faso,2023,PAD,outcome,Livestock Market Information System operational and reporting statistics,Inducing Policy Change,Institutional changes,Intended,unspecified,"An intermediate indicator specifies that an integrated Livestock Market Information System (LMIS) should be operational and reporting market statistics, improving transparency and decision‑making.","World Bank, 2023, p. 93",FALSE,FALSE,p.93,Results Framework,,,,
P178598,World Bank,Burkina Faso,2023,PID,objective,Duplicate PID; content ignored because PAD exists,,,,,,,FALSE,TRUE,,,,,,
P164696,World Bank,Burkina Faso,2018,PAD,objective,"Increase the quality and utilization of health services with focus on maternal, child and adolescent health, nutrition and disease surveillance",,,,,"The Project Development Objective is to increase the quality and utilization of health services with a particular focus on maternal, child and adolescent health, nutrition and disease surveillance.","World Bank, 2018, p. 30",FALSE,FALSE,p.30,Datasheet,,,,
P164696,World Bank,Burkina Faso,2018,PAD,intervention,Establish a One Health platform and emergency operations centre for cross‑sectoral disease surveillance coordination,Public Health,,,multiple,"Component 3 supports establishing a national One Health platform and an emergency operations centre to coordinate across ministries of health, agriculture, animal husbandry and environment, enabling rapid cross‑sectoral disease surveillance and response.","World Bank, 2018, p. 45",FALSE,FALSE,p.45,Component 3 (One Health platform),,,,
P164696,World Bank,Burkina Faso,2018,PAD,intervention,"Strengthen disease surveillance through interoperable electronic reporting, community surveillance and training of surveillance agents",Public Health,,,multiple,"Subcomponent 3.1 finances improved ICT capacity to establish an interoperable electronic real‑time reporting system, strengthens linkages between national animal and human health surveillance systems, supports community‑level surveillance and trains surveillance agents and veterinary facilities.","World Bank, 2018, p. 46",FALSE,FALSE,p.46,Component 3.1 (Disease surveillance),,,,
P164696,World Bank,Burkina Faso,2018,PAD,intervention,Enhance preparedness and emergency response capacity through updated cross‑sectoral plans and training for health professionals,Public Health,,,multiple,"Subcomponent 3.2 strengthens health system preparedness by updating cross‑sectoral emergency preparedness plans for priority zoonotic diseases and food safety and providing training for health professionals in disease surveillance, laboratory biosafety and food safety.","World Bank, 2018, p. 47",FALSE,FALSE,p.47,Component 3.2 (Preparedness and response),,,,
P164696,World Bank,Burkina Faso,2018,PAD,intervention,Build institutional capacity through assessments of animal and human health systems and training,Public Health,,,multiple,"Subcomponent 3.3 supports institutional capacity building, financing routine independent assessments of animal and human health capacities using OIE and WHO tools and providing training and project management for One Health implementation.","World Bank, 2018, p. 48",FALSE,FALSE,p.48,Component 3.3 (Institutional capacity building),,,,
P164696,World Bank,Burkina Faso,2018,PAD,outcome,Multi‑hazard national public health emergency preparedness and response plan implemented,Inducing Policy Change,Institutional changes,Intended,multiple,"A PDO indicator measures whether a multi‑hazard national public health emergency preparedness and response plan is implemented, signifying strengthened institutional preparedness and cross‑sectoral coordination.","World Bank, 2018, p. 100",FALSE,FALSE,p.100,Results Framework,,,,
P164696,World Bank,Burkina Faso,2018,PAD,outcome,Interoperable electronic real‑time disease reporting system operational,Inducing Policy Change,Institutional changes,Intended,multiple,"Intermediate indicators include establishment of an interoperable electronic real‑time reporting system linking animal and human health surveillance, demonstrating improved surveillance capacity.","World Bank, 2018, p. 101",FALSE,FALSE,p.101,Results Framework,,,,
P164696,World Bank,Burkina Faso,2018,PID,objective,Duplicate PID; content ignored because PAD exists,,,,,,,FALSE,TRUE,,,,,,
P170934,World Bank,Burkina Faso,2020,PID,objective,"Support government efforts to strengthen fiscal management, improve natural resources management and raise mining and livestock productivity, and improve health service delivery",,,,,"The Program Development Objective is to support government efforts to strengthen fiscal management, improve natural resources management and raise mining and livestock productivity, and improve health service delivery and social spending efficiency.","World Bank, 2020, p. 2",FALSE,FALSE,p.2,Program Development Objective,,,,
P170934,World Bank,Burkina Faso,2020,PID,intervention,Adopt animal vaccination mechanisms to improve natural resources management and livestock productivity,Policy & Regulatory,,,small ruminants,"Under Pillar 2, the operation supports adoption of animal vaccination mechanisms to improve natural resource management and raise mining and livestock productivity, strengthening delivery of animal health services.","World Bank, 2020, p. 3",FALSE,FALSE,p.3,Pillar 2: Natural resources management and livestock productivity,,,,
P170934,World Bank,Burkina Faso,2020,PID,outcome,Increase in share of small ruminant herd vaccinated against PPR,Resilience,Resilience,Intended,small ruminants,The expected results matrix includes an increase in the share of small ruminant herd vaccinated against PPR as the key outcome under the pillar on natural resources management and livestock productivity.,"World Bank, 2020, p. 4",FALSE,FALSE,p.4,Expected Results,,,,
P173529,World Bank,Burkina Faso,2021,PID,objective,"Support government efforts to strengthen fiscal management, improve natural resources management and livestock productivity and enhance service delivery",,,,,"The Program Development Objective is to support government efforts to strengthen fiscal management, improve natural resources management and livestock productivity, and enhance service delivery and social spending efficiency.","World Bank, 2021, p. 2",FALSE,FALSE,p.2,Program Development Objective,,,,
P173529,World Bank,Burkina Faso,2021,PID,intervention,Promote animal vaccination to raise climate resilience and productivity of livestock,Policy & Regulatory,,,small ruminants,"Pillar 2 seeks to raise climate resilience and productivity of livestock through adoption of animal vaccination, reducing vulnerability to diseases.","World Bank, 2021, p. 3",FALSE,FALSE,p.3,Pillar 2 (Natural resources management and livestock productivity),,,,
P173529,World Bank,Burkina Faso,2021,PID,outcome,Increase in share of small ruminant herd vaccinated against PPR,Resilience,Resilience,Intended,small ruminants,"The expected results include a greater share of small ruminants vaccinated against PPR, reducing livestock depletion and helping households cope with shocks.","World Bank, 2021, p. 4",FALSE,FALSE,p.4,Expected Results,,,,
P166298,World Bank,Burkina Faso,2019,PID,objective,"Support government efforts to strengthen fiscal management, improve natural resources management and raise mining and livestock productivity, and improve health service delivery",,,,,"The objective of the First Development Policy Operation is to support the government’s efforts to strengthen fiscal management, improve natural resources management and raise mining and livestock productivity, and improve health service delivery.","World Bank, 2019, p. 2",FALSE,FALSE,p.2,Program Development Objective,,,,
P166298,World Bank,Burkina Faso,2019,PID,intervention,Develop mechanisms to expand animal vaccination and public veterinary health,Policy & Regulatory,,,small ruminants,"The operation aims to improve productivity in the livestock sector by supporting animal and public veterinary health, including adoption of mechanisms to develop animal vaccination.","World Bank, 2019, p. 3",FALSE,FALSE,p.3,Pillar 2 (Natural resources management and livestock productivity),,,,
P166298,World Bank,Burkina Faso,2019,PID,outcome,Increase in share of small ruminant herd vaccinated against PPR,Resilience,Resilience,Intended,small ruminants,"The expected results matrix includes an increase in the share of small ruminant herd vaccinated against PPR, leading to reduced livestock losses and helping rural households cope with shocks.","World Bank, 2019, p. 4",FALSE,FALSE,p.4,Expected Results,,,,
P165855,World Bank,Central African Republic,2019,PAD,objective,Increase agricultural productivity and agribusiness capacity with crisis response,,,,,"The project development objective (PDO) is to increase agricultural productivity of small-scale farmers, strengthen capacity of micro, small and medium-sized agribusiness enterprises in the project area, and provide immediate and effective response in the event of an Eligible Crisis or Emergency.",file:///home/oai/share/2019-04-25_PAD2887_central-african-republic-agriculture-recovery-and-agribusiness-development-support-project_english.pdf#:~:text=A,an%20Eligible%20Crisis%20or%20Emergency,FALSE,FALSE,Page 12,Datasheet,,,
P165855,World Bank,Central African Republic,2019,PAD,intervention,"Community-managed productive infrastructure including water points, small-scale irrigation, cattle dips, vaccination centers and early warning systems",Rural/Public Infrastructure,,,multiple,"The project will finance community-driven subprojects selected through participatory planning processes. Productive community infrastructure includes water points, footpaths, small-scale irrigation or drainage systems, cattle dips, vaccination centers, and community-based early warning systems and communication devices.",file:///home/oai/share/2019-04-25_PAD2887_central-african-republic-agriculture-recovery-and-agribusiness-development-support-project_english.pdf#:~:text=Sub,IDA%3A%20US%244%20million,FALSE,FALSE,Pages 14-15,Component 1; Subcomponent 1.1,,,
P165855,World Bank,Central African Republic,2019,PAD,intervention,"Provide matching grants for producer groups to rebuild animal stocks and invest in marketing, processing and conservation of animal products",Markets & Finance,,,multiple,"Producer groups with access to matching grants will be able to rebuild their animal stocks. The project will also finance the development of improved livestock husbandry training material as well as investments in upgrading animal products marketing, processing and conservation infrastructure services and equipment.",file:///home/oai/share/2019-04-25_PAD2887_central-african-republic-agriculture-recovery-and-agribusiness-development-support-project_english.pdf#:~:text=30,conservation%20infrastructure%20services%20and%20equipment,FALSE,FALSE,Page 14,Component 1; Subcomponent 1.2,,,
P165855,World Bank,Central African Republic,2019,PAD,intervention,Deliver improved livestock husbandry training to producers as part of agribusiness support,Advisory and Extension,,,multiple,Producer groups accessing matching grants will also receive improved livestock husbandry training materials.,file:///home/oai/share/2019-04-25_PAD2887_central-african-republic-agriculture-recovery-and-agribusiness-development-support-project_english.pdf#:~:text=30,as%20well%20as%20investments%20in,FALSE,FALSE,Page 14,Component 1; Subcomponent 1.2,,,
P165855,World Bank,Central African Republic,2019,PAD,intervention,Rehabilitate rural roads and markets with agri-logistics services including livestock auctions and storage,Rural/Public Infrastructure,,,multiple,This component focuses on ensuring all-season accessibility of selected rural roads and rehabilitating markets with associated agri-logistics services along agriculture trading corridors.,file:///home/oai/share/2019-04-25_PAD2887_central-african-republic-agriculture-recovery-and-agribusiness-development-support-project_english.pdf#:~:text=Sub,0%20million,FALSE,FALSE,Page 15,Component 2; Subcomponent 2.1,,,
P165855,World Bank,Central African Republic,2019,PAD,intervention,"Enhance agriculture public services to deliver climate and nutrition-smart agriculture technologies, plant and animal health advice and vaccines",Public Health,,,multiple,"Agriculture public services will be supported to disseminate climate and nutrition smart agriculture technologies and practices. Services will improve farmer producer group access to climate information, climate smart agriculture advice, plant and animal health advice and vaccines with a gender lens.",file:///home/oai/share/2019-04-25_PAD2887_central-african-republic-agriculture-recovery-and-agribusiness-development-support-project_english.pdf#:~:text=Sub,IDA%3A%20US%244%20million,FALSE,FALSE,Pages 18,Component 3; Subcomponent 3.1,,,
P165855,World Bank,Central African Republic,2019,PAD,outcome,Reduction in mortality rate of small stock and chickens,Resilience,Resilience,Intended,small ruminants; poultry,Among the PDO-level results indicators is the reduction in mortality rate of small stock and chickens (percentage).,file:///home/oai/share/2019-04-25_PAD2887_central-african-republic-agriculture-recovery-and-agribusiness-development-support-project_english.pdf#:~:text=1,Percentage,FALSE,FALSE,Page 12,Results Framework,,,
P165855,World Bank,Central African Republic,2019,PAD,outcome,Number of farmers reached with agricultural assets or services (including female and youth),Inclusivity & Women’s Empowerment,Inclusion,Intended,multiple,"The results framework includes an indicator for the number of farmers reached with agricultural assets or services, disaggregated by gender and youth.",file:///home/oai/share/2019-04-25_PAD2887_central-african-republic-agriculture-recovery-and-agribusiness-development-support-project_english.pdf#:~:text=1,Percentage,FALSE,FALSE,Page 12,Results Framework,,,
P165855,World Bank,Central African Republic,2019,PID,objective,Duplicate PID; content ignored because PAD exists,,,,,,,FALSE,TRUE,,,,,,
P171524,World Bank,Tajikistan,2022,PAD,objective,Increase area under sustainable landscape management and promote transboundary collaboration,,,,,The Project Development Objective is to increase the area under sustainable landscape management in selected locations in Tajikistan and promote Tajikistan's collaboration with Central Asia countries on transboundary landscape restoration.,file:///home/oai/share/2022-02-02_PAD4554_tajikistan-resilient-landscape-restoration-project_english.pdf#:~:text=The%20Project%20Development%20Objective%20is,countries%20on%20transboundary%20landscape%20restoration,FALSE,FALSE,Page 2,Datasheet,,,
P171524,World Bank,Tajikistan,2022,PAD,intervention,"Provide sub-grants to Pasture User Unions to prepare and implement pasture management plans with measures for pasture productivity, erosion control, grazing management, animal health and breed improvement",Livestock Management & Technologies,,,multiple,"The project will provide sub-grants to Pasture User Unions to support sustainable pasture- and fodder-based livestock production systems. The plans will identify activities to improve pasture productivity, implement erosion and landslide control, improve grazing management and silvo-pastoralism, and include animal health requirements and breed improvement measures.",file:///home/oai/share/2022-02-02_PAD4554_tajikistan-resilient-landscape-restoration-project_english.pdf,FALSE,FALSE,Pages 26,Component 2; Pasture/Livestock Management Plans,,,,
P171524,World Bank,Tajikistan,2022,PAD,intervention,"Establish small climate-resilient facilities such as shelters, feeding stalls, salt licks, sheep baths, vaccination dips and fences, and pens to protect livestock from predators",Rural/Public Infrastructure,,,multiple,"Pasture management will be complemented by the establishment of small productive and climate-resilient facilities such as shelters, feeding stalls, salt licks, scratching posts, drinking water troughs, sheep baths, and fences to enhance animal welfare and improve the productivity and resilience of livestock systems. Protected area management includes pilot measures to resolve human-wildlife conflicts, such as pens to protect livestock from predators.",file:///home/oai/share/2022-02-02_PAD4554_tajikistan-resilient-landscape-restoration-project_english.pdf#:~:text=establishment%20of%20small%20productive%20and,and%20resilience%20of%20livestock%20systemsfile:///home/oai/share/2022-02-02_PAD4554_tajikistan-resilient-landscape-restoration-project_english.pdf#:~:text=climate%20change%2959%3B%20,v%29%20preparation%20of%20management,FALSE,FALSE,Pages 26-27,Component 2; Pasture/Livestock Management Plans and Protected Area Management,,
P171524,World Bank,Tajikistan,2022,PAD,outcome,Area brought under pasture management plans,Environmental Sustainability,Land use change,Intended,multiple,"The results framework lists an indicator for the area brought under pasture management plans, with a target of 83,000 hectares.",file:///home/oai/share/2022-02-02_PAD4554_tajikistan-resilient-landscape-restoration-project_english.pdf#:~:text=Forest%20area%20brought%20under%20management,0,FALSE,FALSE,Page 52,Results Framework,,,
P171524,World Bank,Tajikistan,2022,PAD,outcome,"Number of persons trained on integrated landscape management, segregated by women",Sustainable Economic Growth,Adoption,Intended,multiple,"The results framework includes an indicator for the number of persons trained in central and local government units on integrated landscape management and related subjects, segregated by central, local and women, with a target of 550.",file:///home/oai/share/2022-02-02_PAD4554_tajikistan-resilient-landscape-restoration-project_english.pdf#:~:text=Number%20of%20persons%20trained%20in,Enhance%20Resilient%20Landscapes%20and%20Livelihoods,FALSE,FALSE,Page 52,Results Framework,,,
P171524,World Bank,Tajikistan,2022,PAD,outcome,Share of sub-grants disbursed to women-led groups and women participation in decision-making roles,Inclusivity & Women’s Empowerment,Women’s empowerment,Intended,multiple,The results framework specifies that 15 percent of sub-grants will be disbursed to women-led or predominantly women groups and that 50 percent of pasture user unions or community groups will have women members in decision-making roles.,file:///home/oai/share/2022-02-02_PAD4554_tajikistan-resilient-landscape-restoration-project_english.pdf#:~:text=Share%20of%20sub,0,FALSE,FALSE,Page 52,Results Framework,,,
P181459,World Bank,Central Asia Region,2024,PID,objective,"Improve One Health coordination and address capacity gaps to prevent, detect and respond to zoonotic diseases, AMR and food safety risks",,,,,"The proposed development objective is to improve One Health coordination and address key cross-sectoral capacity gaps to prevent, detect, and respond to key zoonotic diseases, antimicrobial resistance, and food safety risks in participating countries.",file:///home/oai/share/2024-02-23_PIDC36916_concept-project-information-document-pid_english.pdf#:~:text=Proposed%20Development%20Objective,and%20food%20safety%20risks%20in,FALSE,FALSE,Page 3,Basic Project Data,,,
P181459,World Bank,Central Asia Region,2024,PID,intervention,Establish national and regional One Health coordination structures and incorporate One Health into legislative and regulatory frameworks,Policy & Regulatory,,,multiple,"Component 1 will establish a regional One Health coordinating structure with a steering committee, technical committees and working groups on zoonotic diseases, food safety and AMR. National One Health mechanisms will coordinate communication with policymakers and guide implementation. Subcomponent 1c will incorporate One Health into legislative and regulatory frameworks by reviewing and updating legislation and strengthening regulatory agencies to inspect and enforce PPR, zoonotic disease, AMR and food safety standards.",file:///home/oai/share/2024-02-23_PIDC36916_concept-project-information-document-pid_english.pdf,FALSE,FALSE,Pages 8-9,Component 1; Subcomponents 1a-1c,,,,
P181459,World Bank,Central Asia Region,2024,PID,intervention,"Develop a regional One Health research and training center, conduct assessments and studies, and build multisector workforce capacity through training and education on zoonotic diseases, AMR and food safety",Advisory and Extension,,,multiple,"Component 2 will address knowledge and workforce capacity needs by establishing a Regional One Health Research, Education and Training Center, conducting risk assessments and epidemiological modeling to predict disease outbreaks, establishing partnerships for research, and disseminating knowledge. It will develop a multisector workforce strategy, mainstream One Health in sectoral education programs, and provide on-the-job training for professionals in agriculture, veterinary, environment and human health sectors.",file:///home/oai/share/2024-02-23_PIDC36916_concept-project-information-document-pid_english.pdf,FALSE,FALSE,Pages 8-9,Component 2; Subcomponents 2a-2b,,,,
P181459,World Bank,Central Asia Region,2024,PID,intervention,"Strengthen cross-sectoral surveillance, prevention and response systems for zoonotic diseases, AMR and food hazards and equip wildlife rangers and border points",Public Health,,,multiple,"Component 3 will strengthen One Health surveillance, laboratories and data systems. Subcomponent 3a will develop cross-sectoral animal, ecosystem and human health systems for early detection and response to zoonotic diseases, AMR and foodborne illnesses, establish epidemiology units, implement cross-sectoral early warning surveillance, carry out prevention and response activities based on risk assessments, equip wildlife rangers for sampling and cold equipment, and establish quarantine and border security with designated points of entry implementing routine core capacities.",file:///home/oai/share/2024-02-23_PIDC36916_concept-project-information-document-pid_english.pdf,FALSE,FALSE,Page 9,Component 3; Subcomponent 3a,,,,
P181459,World Bank,Central Asia Region,2024,PID,intervention,"Develop national and regional laboratory networks for diagnosis of zoonotic diseases, AMR and food safety",Public Health,,,multiple,"Subcomponent 3b will develop, renovate and equip priority laboratory facilities at local, national and regional levels for sampling, testing, data management and reporting of zoonotic diseases, AMR and food safety hazards; adapt and implement international standard operating procedures; and develop networks of accredited reference laboratories.",file:///home/oai/share/2024-02-23_PIDC36916_concept-project-information-document-pid_english.pdf#:~:text=Subcomponent%203b%3A%20Laboratory%20capacity%20Support,3%29%20develop,FALSE,FALSE,Page 9,Component 3; Subcomponent 3b,,,
P181459,World Bank,Central Asia Region,2024,PID,outcome,Strengthened surveillance and diagnostic capacity using a One Health approach,Resilience,Resilience,Intended,multiple,The development objective and key results indicate that the project aims to strengthen surveillance and diagnostic capacity in participating countries using a One Health approach.,file:///home/oai/share/2024-02-23_PIDC36916_concept-project-information-document-pid_english.pdf#:~:text=Proposed%20Development%20Objective,and%20food%20safety%20risks%20infile:///home/oai/share/2025-03-25_NO-REPNB_project-information-document-strengthening-prevention-preparedness-and-response-to-emerging-health-threats-in-the-oecs-r_english.pdf#:~:text=To%20strengthen%20surveillance%20and%20diagnostic,implementation%20of%20the%20Pandemic%20Fund,FALSE,FALSE,"Pages 3,7",Development Objective; Key Results,,
P509060,World Bank,OECS Region,2025,PID,objective,Strengthen surveillance and diagnostic capacity in OECS countries through a One Health approach,,,,,The development objective is to strengthen surveillance and diagnostic capacity in the selected four OECS countries through the implementation of a One Health approach.,file:///home/oai/share/2025-03-25_NO-REPNB_project-information-document-strengthening-prevention-preparedness-and-response-to-emerging-health-threats-in-the-oecs-r_english.pdf#:~:text=C,Key%20Results,FALSE,FALSE,Page 7,Development Objective,,,
P509060,World Bank,OECS Region,2025,PID,intervention,"Strengthen multisectoral surveillance systems and response for zoonosis, AMR and emerging health threats",Public Health,,,multiple,"Component 1 will strengthen multisectoral surveillance systems and responses for zoonosis, antimicrobial resistance and other emerging health threats by improving early warning systems, surveillance reporting completeness and quality across animal and human health sectors, developing joint preparedness and response plans and protocols, and enhancing port health protocols and incident management plans.",file:///home/oai/share/2025-03-25_NO-REPNB_project-information-document-strengthening-prevention-preparedness-and-response-to-emerging-health-threats-in-the-oecs-r_english.pdf,FALSE,FALSE,Pages 7-8,Component 1; Pillar 1,,,,
P509060,World Bank,OECS Region,2025,PID,intervention,"Strengthen regional diagnostic capacity through provision of consumables, equipment and maintenance plans for human and animal laboratories",Public Health,,,multiple,"The project will focus on strengthening human and animal laboratories by providing critical consumables, materials and machines for diagnostic tests and generating essential maintenance plans. Where animal laboratories do not exist, alternative mechanisms such as access to a regional laboratory will be established, and the project will contribute to regional diagnostic networks.",file:///home/oai/share/2025-03-25_NO-REPNB_project-information-document-strengthening-prevention-preparedness-and-response-to-emerging-health-threats-in-the-oecs-r_english.pdf#:~:text=Strengthened%20regional%20diagnostic%20capacity%3A%20The,the%20design%20and%20supervision%20for,FALSE,FALSE,Page 8,Component 1; Pillar 2,,,
P509060,World Bank,OECS Region,2025,PID,intervention,"Train health, veterinary and laboratory staff and establish antimicrobial stewardship programs",Advisory and Extension,,,multiple,"The project will provide training for ministry staff in laboratory management, diagnostic tests, sample collection and packaging for zoonotic and AMR threats, epidemiology and outbreak investigation. It will establish a functional antimicrobial stewardship program and provide capacity building for laboratory services.",file:///home/oai/share/2025-03-25_NO-REPNB_project-information-document-strengthening-prevention-preparedness-and-response-to-emerging-health-threats-in-the-oecs-r_english.pdf#:~:text=Increased%20human%20resources%20capacity%3A%20The,Assessment%2C%20Audit%2C%20and%20Strategic%20Plan,FALSE,FALSE,Page 8,Component 1; Pillar 3,,,
P509060,World Bank,OECS Region,2025,PID,outcome,Surveillance and diagnostic capacity strengthened using a One Health approach,Resilience,Resilience,Intended,multiple,The key results section states that the surveillance and diagnostic capacity of the selected four OECS countries is strengthened using a One Health approach through the implementation of the Pandemic Fund.,file:///home/oai/share/2025-03-25_NO-REPNB_project-information-document-strengthening-prevention-preparedness-and-response-to-emerging-health-threats-in-the-oecs-r_english.pdf#:~:text=C,implementation%20of%20the%20Pandemic%20Fund,FALSE,FALSE,Page 7,Key Results,,,
P166328,World Bank,Dominica,2018,PAD,objective,Restore agricultural livelihoods and enhance climate resilience for farmers and fisherfolk,,,,,"""The Project Development Objective (PDO) is to contribute to restoring agricultural livelihoods and enhancing climate resilience of farmers and fisherfolk affected by Hurricane Maria in Dominica.""",file:///home/oai/share/2018-03-30_PAD2717_dominica-emergency-agriculture-livelihoods-and-climate-resilience-project_english.pdf#:~:text=Proposed%20Development%20Objective,FALSE,FALSE,Page 5,Datasheet,,,,
P166328,World Bank,Dominica,2018,PAD,intervention,Restoration of livestock production base and climate‑resilient animal housing,Livestock Management & Technologies,,,poultry; goats; sheep; rabbits; pigs; bees,"The project finances procurement of inputs and technical advisory services for livestock farmers and fisherfolk. It supports about 200 livestock producers (20 % women) to reestablish their production base after Hurricane Maria by investing in restoration of damaged animal shelter/housing and other infrastructure for poultry (layers and broilers), goats, sheep, rabbits and pigs, and beekeeping, ensuring climate‑resilient specifications and co‑financing.",file:///home/oai/share/2018-03-30_PAD2717_dominica-emergency-agriculture-livelihoods-and-climate-resilience-project_english.pdf#:~:text=Subcomponent%20A,finance%20procurement%20of%20inputs%20and,FALSE,FALSE,Pages 8–9,Component A.2,,,
P166328,World Bank,Dominica,2018,PAD,intervention,"Rehabilitation of public agriculture infrastructure (Central Livestock Farm, propagation centres)",Rural/Public Infrastructure,,,multiple,"Subcomponent B.1 restores key public infrastructure and assets damaged by the hurricane. Reconstruction focuses on five crop propagation centers, a Central Livestock Farm (CLF), MAF regional offices and training centres, forestry facilities, eco‑trails, and community irrigation systems. The infrastructure will be rebuilt using resilient construction standards and improved safety specifications to reduce climate and weather risks.",file:///home/oai/share/2018-03-30_PAD2717_dominica-emergency-agriculture-livelihoods-and-climate-resilience-project_english.pdf#:~:text=Component%20B%3A%20Restoration%20of%20Key,of%20future%20climate%20and%20weather,FALSE,FALSE,Pages 10–11,Component B.1,,,
P166328,World Bank,Dominica,2018,PAD,intervention,Institutional strengthening of Ministry of Agriculture and Fisheries,Policy & Regulatory,,,unspecified,"Subcomponent B.2 provides capacity‑building assistance to the Ministry of Agriculture and Fisheries. It finances consulting services, training, analytical studies and development of information systems to revise policies and regulatory frameworks, support agricultural census, develop an e‑agriculture strategy, integrated sector management information systems, insurance models for fisheries, agribusiness strategies and other institutional strengthening activities.",file:///home/oai/share/2018-03-30_PAD2717_dominica-emergency-agriculture-livelihoods-and-climate-resilience-project_english.pdf#:~:text=Subcomponent%20B,e,FALSE,FALSE,Pages 10–12,Component B.2,,,
P166328,World Bank,Dominica,2018,PAD,outcome,Farmers with restored climate‑resilient livestock infrastructure,Resilience,Resilience,Intended,poultry; goats; sheep; rabbits; pigs; bees,"The results framework includes an indicator counting farmers with restored infrastructure for livestock production, including climate‑resilient animal houses. The baseline is zero and the end target is 200 farmers, with 20 % female farmers. Climate‑resilient animal houses apply storm‑resistant standards such as roof member connector straps.",file:///home/oai/share/2018-03-30_PAD2717_dominica-emergency-agriculture-livelihoods-and-climate-resilience-project_english.pdf#:~:text=80,FALSE,FALSE,Pages 27–28,Results Framework,,,,
P166328,World Bank,Dominica,2018,PAD,outcome,Farmers adopting improved agricultural technologies,Sustainable Economic Growth,Adoption,Intended,,"The results framework lists farmers adopting improved agricultural technologies promoted by the project. The baseline is zero and the end target is 3,600 farmers (20 % women), indicating adoption of improved technologies and practices, including climate‑resilient innovations.",file:///home/oai/share/2018-03-30_PAD2717_dominica-emergency-agriculture-livelihoods-and-climate-resilience-project_english.pdf#:~:text=End%20Target%20Farmers%20and%20fisherfolk,0,FALSE,FALSE,Pages 28–29,Results Framework,,,
P159037,World Bank,Democratic Republic of Congo,2017,PID,objective,Increase agricultural productivity and improve marketing of crops and animal products in targeted areas,,,,,The proposed Project Development Objective for the additional financing is to increase agricultural productivity and improve marketing of crops and animal products in targeted areas.,file:///home/oai/share/2017-01-23_PIDISDSA20175_appraisal-project-information-document-integrated-safeguards-data-sheet-drc-agriculture-rehabilitation-and-recovery-af-p_english.pdf#:~:text=Original%20Project%20Development%20Objective%28s%29%20,crops%20and%20animal%20products%20crops,FALSE,FALSE,Page 5,Project Development Objective,,,
P159037,World Bank,Democratic Republic of Congo,2017,PID,intervention,Improved agricultural and animal production with mixed farming and extension services,Livestock Management & Technologies,,,poultry,"Component 1 consolidates and develops activities to increase the capacity of smallholder farmers to produce staple crops and small stock, including chicken. It extends the program to additional territories and perennial crops, promotes mixed farming systems, revamps extension and advisory services, introduces climate adaptation technologies, supports micro‑projects for storage facilities, warehouses, processing centres and nurseries, and expands a matching grant facility combined with free technical assistance.",file:///home/oai/share/2017-01-23_PIDISDSA20175_appraisal-project-information-document-integrated-safeguards-data-sheet-drc-agriculture-rehabilitation-and-recovery-af-p_english.pdf#:~:text=reinforce%20the%20basic%20production%20capacity,farmers%20in%20three%20provinces%20to,FALSE,FALSE,Pages 5–6,Component 1,,,
P159037,World Bank,Democratic Republic of Congo,2017,PID,intervention,Rehabilitation of feeder roads and local markets with storage facilities,Rural/Public Infrastructure,,,unspecified,Component 2 aims to continue rehabilitation and maintenance of feeder roads and construction of key local markets and storage facilities across three provinces. It focuses on building capacity at local and provincial levels to ensure that infrastructure investments are maintained and sustainable.,file:///home/oai/share/2017-01-23_PIDISDSA20175_appraisal-project-information-document-integrated-safeguards-data-sheet-drc-agriculture-rehabilitation-and-recovery-af-p_english.pdf#:~:text=Component%202%3A%20Improving%20marketing%20infrastructure,that%20all%20infrastructure%20investments%20are,FALSE,FALSE,Page 6,Component 2,,,
P159037,World Bank,Democratic Republic of Congo,2017,PID,intervention,Re-engineering agricultural extension services and strengthening R&D and planning,Advisory and Extension,,,unspecified,"Component 3 supports the government’s efforts to re‑engineer national agricultural extension and advisory services, strengthen planning, coordination and monitoring and evaluation at national and provincial levels, and strengthen agricultural research and development for efficiency and effectiveness gains.",file:///home/oai/share/2017-01-23_PIDISDSA20175_appraisal-project-information-document-integrated-safeguards-data-sheet-drc-agriculture-rehabilitation-and-recovery-af-p_english.pdf#:~:text=Component%203%3A%20Capacity%20Building%20support,in%20their%20service%20delivery%20and,FALSE,FALSE,Page 6,Component 3,,,
P159037,World Bank,Democratic Republic of Congo,2017,PID,outcome,Increase in productivity of crops and animal products,Sustainable Economic Growth,Productivity,Intended,,"The project’s objective is to increase agricultural productivity of staple crops and small stock, including chicken, in targeted areas. Enhancing productivity is a key intended outcome of the additional financing.",file:///home/oai/share/2017-01-23_PIDISDSA20175_appraisal-project-information-document-integrated-safeguards-data-sheet-drc-agriculture-rehabilitation-and-recovery-af-p_english.pdf#:~:text=Original%20Project%20Development%20Objective%28s%29%20,crops%20and%20animal%20products%20cropsfile:///home/oai/share/2017-01-23_PIDISDSA20175_appraisal-project-information-document-integrated-safeguards-data-sheet-drc-agriculture-rehabilitation-and-recovery-af-p_english.pdf#:~:text=reinforce%20the%20basic%20production%20capacity,farmers%20in%20three%20provinces%20to,FALSE,FALSE,Page 5,Project Description,,
P159037,World Bank,Democratic Republic of Congo,2017,PID,outcome,Improved marketing of crops and animal products,Sustainable Economic Growth,Market Efficiency,Intended,,"The PDO specifies improving marketing of crops and animal products by smallholder farmers in targeted areas. Investments in feeder roads, local markets and storage facilities aim to enhance market efficiency for agricultural and livestock products.",file:///home/oai/share/2017-01-23_PIDISDSA20175_appraisal-project-information-document-integrated-safeguards-data-sheet-drc-agriculture-rehabilitation-and-recovery-af-p_english.pdf#:~:text=Original%20Project%20Development%20Objective%28s%29%20,crops%20and%20animal%20products%20cropsfile:///home/oai/share/2017-01-23_PIDISDSA20175_appraisal-project-information-document-integrated-safeguards-data-sheet-drc-agriculture-rehabilitation-and-recovery-af-p_english.pdf#:~:text=Component%202%3A%20Improving%20marketing%20infrastructure,that%20all%20infrastructure%20investments%20are,FALSE,FALSE,Pages 5–6,Project Description,,
P155541,World Bank,Timor-Leste,2016,PAD,objective,Improve productivity and profitability of smallholder agriculture in selected areas of Timor-Leste,,,,,The Sustainable Agriculture Productivity Improvement Project aims to improve productivity and profitability of smallholder agriculture in selected areas of Timor‑Leste through adoption of improved technologies and management practices.,file:///home/oai/share/2016-10-25_PAD1472_timor-leste-sustainable-agriculture-productivity-improvement-project_english.pdf#:~:text=processing%20facilities.%20This%20sub,can%20be%20supported%20for%20preparation,FALSE,FALSE,Annex 2,Project Description,,,
P155541,World Bank,Timor-Leste,2016,PAD,intervention,"Livestock control infrastructure for controlled grazing, feeding and fodder management",Livestock Management & Technologies,,,unspecified,"Subcomponent 3.3 (Technologies and small-scale works for sustainable watershed/sub‑watershed management) supports procurement and distribution of seeds, small‑scale equipment and technologies. It includes livestock control/management infrastructure for controlled grazing and improved feeding and fodder management, helping communities adopting stall feeding and penning instead of free grazing.",file:///home/oai/share/2016-10-25_PAD1472_timor-leste-sustainable-agriculture-productivity-improvement-project_english.pdf#:~:text=processing%20facilities.%20This%20sub,can%20be%20supported%20for%20preparation,FALSE,FALSE,Pages 7–8,Subcomponent 3.3,,,
P155541,World Bank,Timor-Leste,2016,PAD,outcome,Increase in share of total production sold on the market,Sustainable Economic Growth,Market Efficiency,Intended,,The results framework includes an indicator “Increase in share of total production sold on the market” which tracks the proportion of crop and livestock production that is marketed. This outcome measures improvements in market participation for agricultural and livestock products.,file:///home/oai/share/2016-10-25_PAD1472_timor-leste-sustainable-agriculture-productivity-improvement-project_english.pdf#:~:text=Increase%20in%20share%20of%20total,Annual,FALSE,FALSE,Pages 23–24,Results Framework,,,
P155541,World Bank,Timor-Leste,2016,PAD,outcome,Farmers adopting improved agricultural technology promoted by the project,Sustainable Economic Growth,Adoption,Intended,,"The results framework lists the number of farmers who have adopted improved agricultural technology promoted by the project. Targets increase from 3,300 to 16,500 farmers over the life of the project, reflecting adoption of improved technologies and practices.",file:///home/oai/share/2016-10-25_PAD1472_timor-leste-sustainable-agriculture-productivity-improvement-project_english.pdf#:~:text=Farmers%20who%20have%20adopted%20improved,0,FALSE,FALSE,Pages 23–24,Results Framework,,,
P173702,World Bank,Djibouti; Ethiopia; Kenya; Uganda,2020,PAD,objective,Protect livelihoods and restore agricultural and pastoral production in locust‑affected countries,,,,,"Component 2 of the program aims to protect poor and vulnerable households in locust‑affected areas, safeguard them from human capital and asset loss, and rehabilitate food production systems and livelihoods damaged by locust swarms, reflecting the objective of protecting livelihoods and restoring agricultural and pastoral production.",file:///home/oai/share/2020-05-07_PAD3904_djibouti-ethiopia-kenya-and-uganda-emergency-locust-response-program-phase-1_english.pdf,FALSE,FALSE,Pages 18–19,Component 2 introduction,,,,
P173702,World Bank,Djibouti; Ethiopia; Kenya; Uganda,2020,PAD,intervention,Emergency cash transfers and fodder provision for livestock holding households,Livestock Management & Technologies,,,unspecified,"Subcomponent 2.1 provides emergency income support (cash transfers and cash‑for‑work) to vulnerable households in locust‑affected areas. It includes fodder provision to livestock holding households to replace impacted grazing land until restoration is completed, ensuring livestock survive while pastures recover.",file:///home/oai/share/2020-05-07_PAD3904_djibouti-ethiopia-kenya-and-uganda-emergency-locust-response-program-phase-1_english.pdf#:~:text=households%20to%20purchase%20food%20and,that%20can%20strengthen%20community%20defenses,FALSE,FALSE,Page 19,Subcomponent 2.1,,,
P173702,World Bank,Djibouti; Ethiopia; Kenya; Uganda,2020,PAD,intervention,"Pasture restoration, temporary feed provision and restocking with climate‑resilient breeds",Livestock Management & Technologies,,,unspecified,"Subcomponent 2.2 supports affected farmers and livestock holding households to restore their productive assets. It delivers climate‑smart farmer packets, restores pasture or provides temporary forage/feed, implements climate‑resilient grazing management in pastoral areas, and assists with animal restocking using climate‑resilient and stress‑tolerant breeds.",file:///home/oai/share/2020-05-07_PAD3904_djibouti-ethiopia-kenya-and-uganda-emergency-locust-response-program-phase-1_english.pdf#:~:text=livestock%20holding%20households%20to%20restore,production%20and%20introduce%20improved%2C%20climate,FALSE,FALSE,Pages 19–20,Subcomponent 2.2,,,
P173702,World Bank,Djibouti; Ethiopia; Kenya; Uganda,2020,PAD,outcome,Affected livestock holding households receiving emergency fodder,Resilience,Resilience,Intended,unspecified,"The results framework includes an indicator tracking the number of affected livestock holding households receiving emergency fodder. The baseline is zero and the end target is 1,000 households, reflecting support to maintain livestock during the locust crisis.",file:///home/oai/share/2020-05-07_PAD3904_djibouti-ethiopia-kenya-and-uganda-emergency-locust-response-program-phase-1_english.pdf#:~:text=Page%2055,FALSE,FALSE,Page 55,Results Framework,,,,
P173702,World Bank,Djibouti; Ethiopia; Kenya; Uganda,2020,PAD,outcome,Affected livestock holding households receiving replacement livestock,Resilience,Resilience,Intended,unspecified,"Another results framework indicator counts the number of affected livestock holding households receiving replacement livestock. The baseline is zero and the end target is 1,000 households, indicating restoration of livestock assets after locust damage.",file:///home/oai/share/2020-05-07_PAD3904_djibouti-ethiopia-kenya-and-uganda-emergency-locust-response-program-phase-1_english.pdf#:~:text=Page%2055,FALSE,FALSE,Page 55,Results Framework,,,,
P174546,World Bank,South Sudan; Regional (IGAD),2021,PAD,objective,Protect livelihoods and restore food and livestock production and strengthen preparedness against locust outbreaks,,,,,"The project aims to help farm and livestock households return to production for improved food security, restore biodiversity and strengthen preparedness against future locust outbreaks through integrated land use systems, agroforestry and livelihood support.",file:///home/oai/share/2021-05-18_PAD4183_eastern-africa-emergency-locust-response-project_english.pdf,FALSE,FALSE,Pages 21–22,Component 2.3 introduction,,,,
P174546,World Bank,South Sudan; Regional (IGAD),2021,PAD,intervention,Integrated agroforestry and silvopastoral systems with fodder banks and pasture management,Ecosystem Services,,,unspecified,"Subcomponent 2.3 invests in land use systems that integrate crops, trees and livestock to restore biodiversity and enhance resilience. Communities plant multipurpose trees for fodder, fuel and construction materials; establish nurseries, community woodlots and fodder banks; and develop rotational grazing and pasture management plans. Training on Farmer Managed Natural Regeneration and silvopastoral practices builds capacity for sustainable agro‑ecological systems.",file:///home/oai/share/2021-05-18_PAD4183_eastern-africa-emergency-locust-response-project_english.pdf,FALSE,FALSE,Pages 22–23,Subcomponent 2.3,,,,
P174546,World Bank,South Sudan; Regional (IGAD),2021,PAD,intervention,Emergency fodder/feed and agro‑forestry support for affected livestock households,Livestock Management & Technologies,,,unspecified,"The livelihoods protection and rehabilitation component provides emergency fodder/feed to affected livestock holding households and supports agro‑forestry interventions. It delivers input packets to affected farmers and invests in community nurseries and agro‑forestry, enabling households to access fodder and feed and diversify their livelihoods.",file:///home/oai/share/2021-05-18_PAD4183_eastern-africa-emergency-locust-response-project_english.pdf#:~:text=Locust,No%20No%20Yes%20Yes,FALSE,FALSE,Pages 49–50,Results Framework; Component 2.3,,,
P174546,World Bank,South Sudan; Regional (IGAD),2021,PAD,outcome,Locust‑affected farmers reporting renewed agricultural activity,Resilience,Resilience,Intended,unspecified,"The results framework reports the number of locust‑affected farmers, including livestock owners and beekeepers, who report renewed agricultural activity. The baseline is zero and end targets increase to 135,000, indicating recovery of livelihoods after the locust crisis.",file:///home/oai/share/2021-05-18_PAD4183_eastern-africa-emergency-locust-response-project_english.pdf#:~:text=Locust,affected%20female,FALSE,FALSE,Page 49,Results Framework,,,
P174546,World Bank,South Sudan; Regional (IGAD),2021,PAD,outcome,Affected livestock holding households receiving emergency fodder/feed,Resilience,Resilience,Intended,unspecified,"Intermediate results indicators include the number of affected livestock holding households receiving emergency fodder/feed. The baseline is zero and end target is 20,000 households, with 12,000 female‑headed households receiving emergency fodder/feed.",file:///home/oai/share/2021-05-18_PAD4183_eastern-africa-emergency-locust-response-project_english.pdf#:~:text=receiving%20emergency%20fodder%2Ffeed%20%28Number%29%200,0,FALSE,FALSE,Page 50,Results Framework,,,
P508693,World Bank,Guyana,2025,PID,objective,"Strengthen Guyana’s capacities to prevent, prepare and respond to health emergencies through a One Health approach",,,,,"The proposed development objective is to strengthen Guyana’s capacities to prevent, prepare and respond to health emergencies through a One Health approach and, in the case of an eligible crisis or emergency, respond promptly and effectively to it.",file:///home/oai/share/2025-01-03_PIDIA01288_appraisal-project-information-document-pid_english.pdf#:~:text=Proposed%20Development%20Objective,promptly%20and%20effectively%20to%20it,FALSE,FALSE,Page 1,Project Development Objective,,,
P508693,World Bank,Guyana,2025,PID,intervention,Enhancing diagnostic capacity and laboratory systems for zoonotic and animal diseases,Public Health,,,unspecified,"Component 1 enhances Guyana’s national laboratory network. It focuses on procurement of laboratory infrastructure and diagnostic capacity, integration of laboratory systems, biosafety improvements, and workforce development to improve detection of AMR, zoonotic, vector‑borne and environmental health threats.",file:///home/oai/share/2025-01-03_PIDIA01288_appraisal-project-information-document-pid_english.pdf#:~:text=20,3%29%20Laboratory%20Workforce%20Development,FALSE,FALSE,Page 10,Component 1,,,
P508693,World Bank,Guyana,2025,PID,intervention,Digital and multisectoral health surveillance systems for zoonotic disease detection,Public Health,,,unspecified,"Component 2 strengthens health surveillance systems for early detection and response. It integrates digital infrastructure and develops multisectoral health surveillance systems, building workforce and operational capacity to detect and respond rapidly to zoonotic diseases, antimicrobial resistance, vector‑borne and environmental health threats.",file:///home/oai/share/2025-01-03_PIDIA01288_appraisal-project-information-document-pid_english.pdf#:~:text=21,Operational%20Capacity%20for%20Health%20Surveillance,FALSE,FALSE,Page 10,Component 2,,,
P508693,World Bank,Guyana,2025,PID,intervention,"Strengthening cross‑sectoral One Health coordination, awareness and training",Public Health,,,unspecified,"Component 3 enhances cross‑sectoral collaboration among human, animal and environmental health sectors. It formalizes structured coordination, builds institutional capacities, raises public awareness and conducts training and capacity building in One Health to improve resilience to health and climate‑related emergencies.",file:///home/oai/share/2025-01-03_PIDIA01288_appraisal-project-information-document-pid_english.pdf#:~:text=22,Capacity%20Building%20in%20One%20Health,FALSE,FALSE,Page 10,Component 3,,,
P508693,World Bank,Guyana,2025,PID,outcome,Integrated public health laboratory networks and data‑driven surveillance system,Resilience,Resilience,Intended,unspecified,"Key results include establishing integrated and digitized public health laboratory networks and a rapid, data‑driven health surveillance system to enable timely decision‑making and improved prevention and response to health threats, including priority zoonotic diseases.",file:///home/oai/share/2025-01-03_PIDIA01288_appraisal-project-information-document-pid_english.pdf#:~:text=Key%20Results,FALSE,FALSE,Pages 8–9,Key Results,,,,
P508693,World Bank,Guyana,2025,PID,outcome,Strengthened multisectoral One Health coordination and workforce capacity,Resilience,Resilience,Intended,unspecified,"The key results describe strengthened public health workforce, enhanced border security with digitized health systems, improved healthcare equity, and strengthened multisectoral capacity to prevent, detect and respond to health emergencies through better collaboration between human, animal and environmental health sectors.",file:///home/oai/share/2025-01-03_PIDIA01288_appraisal-project-information-document-pid_english.pdf#:~:text=Strengthened%20public%20health%20workforce,resource%20allocation%20across%20multisectoral%20organizations,FALSE,FALSE,Pages 8–9,Key Results,,,
P159382,World Bank,Ethiopia,2017,PAD,objective,"increase productivity and commercialization of producers and processors in selected value chains, strengthen service delivery systems in the livestock and fisheries sectors, and respond promptly and effectively to an eligible crisis or emergency",,,,unspecified,"The datasheet states that the project aims to increase productivity and commercialization of producers and processors in selected value chains, strengthen service delivery systems in the livestock and fisheries sectors, and respond promptly and effectively to an eligible crisis or emergency",https://documents1.worldbank.org/curated/en/982381513306833652/txt/ETHIOPIA-PAD-with-Map-11212017.txt#:~:text=Increase%C2%A0productivity%C2%A0and%C2%A0commercialization%C2%A0of%C2%A0producers%C2%A0and%C2%A0process%20ors%C2%A0in%C2%A0selected%C2%A0value%C2%A0chains%2C%C2%A0strengthen%20service%C2%A0delivery%C2%A0systems%C2%A0in%C2%A0the%C2%A0livestock%C2%A0and%C2%A0fisheries%C2%A0sectors%2C%C2%A0and%20respond%C2%A0promptly%C2%A0and%C2%A0effectively%C2%A0to%C2%A0an%C2%A0eligible%20crisis%C2%A0or%C2%A0emergency,FALSE,FALSE,https://documents1.worldbank.org/curated/en/982381513306833652/txt/ETHIOPIA-PAD-with-Map-11212017.txt#:~:text=Increase%C2%A0productivity%C2%A0and%C2%A0commercialization%C2%A0of%C2%A0producers%C2%A0and%C2%A0process%20ors%C2%A0in%C2%A0selected%C2%A0value%C2%A0chains%2C%C2%A0strengthen%20service%C2%A0delivery%C2%A0systems%C2%A0in%C2%A0the%C2%A0livestock%C2%A0and%C2%A0fisheries%C2%A0sectors%2C%C2%A0and%20respond%C2%A0promptly%C2%A0and%C2%A0effectively%C2%A0to%C2%A0an%C2%A0eligible%20crisis%C2%A0or%C2%A0emergency,Datasheet,,,,
P159382,World Bank,Ethiopia,2017,PAD,intervention,Enabling sub-projects implementation and preparatory analyses,Livestock Management & Technologies; Advisory & Extension; Markets & Finance,,,unspecified,"Activities include preparatory studies, beneficiary identification, training of development agents, and feasibility studies for establishing a line of credit to enable implementation of sub-projects and monitor beneficiary transformation.",https://documents1.worldbank.org/curated/en/982381513306833652/txt/ETHIOPIA-PAD-with-Map-11212017.txt#:~:text=e%C2%A0objectives%2C%C2%A0the%C2%A0component%C2%A0will%20address%C2%A0all%C2%A0levels%C2%A0of%C2%A0the%C2%A0transformation%C2%A0pathway%C2%A0through%C2%A0the%C2%A0implementation%20of%C2%A0three%C2%A0types%C2%A0of%C2%A0sub%E2%80%90Projects%C2%A0,A%C2%A0fir%20st%C2%A0sub%E2%80%90component%C2%A0%28A1%29%C2%A0will%C2%A0establish%20the%C2%A0enabling%C2%A0environment%C2%A0for%C2%A0the%C2%A0successful%C2%A0implementation%C2%A0of%C2%A0these%C2%A0sub%E2%80%90Proj%20ects,FALSE,FALSE,https://documents1.worldbank.org/curated/en/982381513306833652/txt/ETHIOPIA-PAD-with-Map-11212017.txt#:~:text=e%C2%A0objectives%2C%C2%A0the%C2%A0component%C2%A0will%20address%C2%A0all%C2%A0levels%C2%A0of%C2%A0the%C2%A0transformation%C2%A0pathway%C2%A0through%C2%A0the%C2%A0implementation%20of%C2%A0three%C2%A0types%C2%A0of%C2%A0sub%E2%80%90Projects%C2%A0,A%C2%A0fir%20st%C2%A0sub%E2%80%90component%C2%A0%28A1%29%C2%A0will%C2%A0establish%20the%C2%A0enabling%C2%A0environment%C2%A0for%C2%A0the%C2%A0successful%C2%A0implementation%C2%A0of%C2%A0these%C2%A0sub%E2%80%90Proj%20ects,Sub-component A.1,,
P159382,World Bank,Ethiopia,2017,PAD,intervention,Support to subsistence farmers and unemployed youth,Livestock Management & Technologies; Advisory & Extension,,,unspecified,"Finances basic sub-projects for subsistence farmers and unemployed youth by establishing primary cooperatives, providing training and advisory services, inputs, equipment, and small infrastructure to master minimum good practices (Eth-GAP1).",https://documents1.worldbank.org/curated/en/982381513306833652/txt/ETHIOPIA-PAD-with-Map-11212017.txt#:~:text=32,325%2C000%C2%A0households,FALSE,FALSE,https://documents1.worldbank.org/curated/en/982381513306833652/txt/ETHIOPIA-PAD-with-Map-11212017.txt#:~:text=32,325%2C000%C2%A0households,Sub-component A.2,,
P159382,World Bank,Ethiopia,2017,PAD,intervention,Support to improved cooperatives,Livestock Management & Technologies; Advisory & Extension,,,unspecified,"Provides intermediate sub-projects linking cooperatives with buyers through formal contracts, offering training, inputs, services and infrastructure to improve production intensity and organization using Eth-GAP2.",https://documents1.worldbank.org/curated/en/982381513306833652/txt/ETHIOPIA-PAD-with-Map-11212017.txt#:~:text=33,108%2C000%C2%A0households,FALSE,FALSE,https://documents1.worldbank.org/curated/en/982381513306833652/txt/ETHIOPIA-PAD-with-Map-11212017.txt#:~:text=33,108%2C000%C2%A0households,Sub-component A.3,,
P159382,World Bank,Ethiopia,2017,PAD,intervention,Support to specialized cooperatives and municipalities,Livestock Management & Technologies; Advisory & Extension,,,unspecified,"Implements advanced sub-projects connecting value-chain actors via formal contracts, providing specialized training, advisory services, inputs, equipment, and medium-scale infrastructure targeting specialized cooperatives and municipalities.",https://documents1.worldbank.org/curated/en/982381513306833652/txt/ETHIOPIA-PAD-with-Map-11212017.txt#:~:text=Sub%E2%80%90component%C2%A0A,the%C2%A0implementation%C2%A0of%C2%A0advanced%C2%A0sub%E2%80%90,FALSE,FALSE,https://documents1.worldbank.org/curated/en/982381513306833652/txt/ETHIOPIA-PAD-with-Map-11212017.txt#:~:text=Sub%E2%80%90component%C2%A0A,the%C2%A0implementation%C2%A0of%C2%A0advanced%C2%A0sub%E2%80%90,Sub-component A.4,,
P159382,World Bank,Ethiopia,2017,PAD,intervention,Human resources and organizational capacity development,Advisory & Extension; Policy & Regulatory,,,unspecified,"Finances capacity assessments and development programs for the Ministry of Livestock and Fisheries, including consultation workshops and embedding recommended interventions across federal, regional and Woreda levels.",https://documents1.worldbank.org/curated/en/982381513306833652/txt/ETHIOPIA-PAD-with-Map-11212017.txt#:~:text=organizational%C2%A0%20and%C2%A0%20institutional%C2%A0%20capacity%C2%A0%20of%C2%A0,and%C2%A0%20cooperatives%C2%A0%20of%C2%A0%20the%20livestock%C2%A0and%C2%A0fisheries%C2%A0sectors%C2%A0through%C2%A0the%C2%A0following%C2%A0sub%E2%80%90components,FALSE,FALSE,https://documents1.worldbank.org/curated/en/982381513306833652/txt/ETHIOPIA-PAD-with-Map-11212017.txt#:~:text=organizational%C2%A0%20and%C2%A0%20institutional%C2%A0%20capacity%C2%A0%20of%C2%A0,and%C2%A0%20cooperatives%C2%A0%20of%C2%A0%20the%20livestock%C2%A0and%C2%A0fisheries%C2%A0sectors%C2%A0through%C2%A0the%C2%A0following%C2%A0sub%E2%80%90components,Sub-component B.1,,
P159382,World Bank,Ethiopia,2017,PAD,intervention,"Policy, planning and coordination",Policy & Regulatory; Advisory & Extension,,,unspecified,"Improves sector monitoring and assessment through data systems, equipment, training, and evidence-based reviews of policies and regulations, with consultation and training to implement new policies.",https://documents1.worldbank.org/curated/en/982381513306833652/txt/ETHIOPIA-PAD-with-Map-11212017.txt#:~:text=37,c%29%C2%A0provide%C2%A0training%C2%A0and%C2%A0awareness%C2%A0campaigns%C2%A0related%C2%A0to%C2%A0various%C2%A0policy%C2%A0aspec%20ts%2C%C2%A0and%C2%A0support%C2%A0pilot%C2%A0operations%C2%A0to%20test%C2%A0the%C2%A0decentralized%C2%A0implementation%C2%A0of%C2%A0new%2Fupgraded%C2%A0policies,FALSE,FALSE,https://documents1.worldbank.org/curated/en/982381513306833652/txt/ETHIOPIA-PAD-with-Map-11212017.txt#:~:text=37,c%29%C2%A0provide%C2%A0training%C2%A0and%C2%A0awareness%C2%A0campaigns%C2%A0related%C2%A0to%C2%A0various%C2%A0policy%C2%A0aspec%20ts%2C%C2%A0and%C2%A0support%C2%A0pilot%C2%A0operations%C2%A0to%20test%C2%A0the%C2%A0decentralized%C2%A0implementation%C2%A0of%C2%A0new%2Fupgraded%C2%A0policies,Sub-component B.2,,
P159382,World Bank,Ethiopia,2017,PAD,intervention,"Sustainable animal health, extension and advisory services",Livestock Management & Technologies; Advisory & Extension; Public Health,,,unspecified,"Supports rehabilitation of training facilities, provision of transport and equipment, partnerships between public authorities and private veterinarians, enhanced surveillance and diagnostics, and improved extension services promoting GAHP and GAFP.",https://documents1.worldbank.org/curated/en/982381513306833652/txt/ETHIOPIA-PAD-with-Map-11212017.txt#:~:text=38,by%C2%A0%20developing%C2%A0%20a%20roadmap%C2%A0for%C2%A0improved%C2%A0livestock%C2%A0and%C2%A0fisheries%C2%A0EAS%3B%C2%A0promoting%2C%C2%A0introducing%C2%A0and%20implementing%C2%A0innovative%C2%A0EAS%C2%A0such,FALSE,FALSE,https://documents1.worldbank.org/curated/en/982381513306833652/txt/ETHIOPIA-PAD-with-Map-11212017.txt#:~:text=38,by%C2%A0%20developing%C2%A0%20a%20roadmap%C2%A0for%C2%A0improved%C2%A0livestock%C2%A0and%C2%A0fisheries%C2%A0EAS%3B%C2%A0promoting%2C%C2%A0introducing%C2%A0and%20implementing%C2%A0innovative%C2%A0EAS%C2%A0such,Sub-component B.3,,
P159382,World Bank,Ethiopia,2017,PAD,intervention,Development of strategic national programs,Livestock Management & Technologies; Policy & Regulatory; Public Health,,,cattle; small ruminants; poultry; fish,"Supports national programs: animal identification and traceability system, animal disease prevention/control (Newcastle disease, PPR), national feed/forage program, national breeding program, and aquaculture and fisheries master plan.",https://documents1.worldbank.org/curated/en/982381513306833652/txt/ETHIOPIA-PAD-with-Map-11212017.txt#:~:text=39,in%C2%A0project%C2%A0areas%C2%A0an%20d%C2%A0for%C2%A0the%C2%A0targeted%C2%A0value%C2%A0chains%29%C2%A0of%20the%C2%A0following%C2%A0five%C2%A0priority%C2%A0strategic%C2%A0national%C2%A0programs%2C%C2%A0which%C2%A0will%C2%A0help%C2%A0sh%20ape%C2%A0a%C2%A0more%C2%A0productive%2C%C2%A0efficient%C2%A0and%20resilient%C2%A0livestock%C2%A0sector,FALSE,FALSE,https://documents1.worldbank.org/curated/en/982381513306833652/txt/ETHIOPIA-PAD-with-Map-11212017.txt#:~:text=39,in%C2%A0project%C2%A0areas%C2%A0an%20d%C2%A0for%C2%A0the%C2%A0targeted%C2%A0value%C2%A0chains%29%C2%A0of%20the%C2%A0following%C2%A0five%C2%A0priority%C2%A0strategic%C2%A0national%C2%A0programs%2C%C2%A0which%C2%A0will%C2%A0help%C2%A0sh%20ape%C2%A0a%C2%A0more%C2%A0productive%2C%C2%A0efficient%C2%A0and%20resilient%C2%A0livestock%C2%A0sector,Sub-component B.4,,
P159382,World Bank,Ethiopia,2017,PAD,intervention,"Project coordination, monitoring and evaluation, and knowledge management",Rural/Public Infrastructure; Advisory & Extension,,,unspecified,"Finances project coordination and management across federal, regional and Woreda levels, including staff, consultants, operating costs, equipment, audits and training to strengthen institutional arrangements.",https://documents1.worldbank.org/curated/en/982381513306833652/txt/ETHIOPIA-PAD-with-Map-11212017.txt#:~:text=Component%C2%A0C%3A%C2%A0Project%C2%A0Coordination%2C%C2%A0Monitoring%C2%A0and%C2%A0Evaluation%2C%C2%A0and%C2%A0Knowledge%20Management%C2%A0%28US%2417,FALSE,FALSE,https://documents1.worldbank.org/curated/en/982381513306833652/txt/ETHIOPIA-PAD-with-Map-11212017.txt#:~:text=Component%C2%A0C%3A%C2%A0Project%C2%A0Coordination%2C%C2%A0Monitoring%C2%A0and%C2%A0Evaluation%2C%C2%A0and%C2%A0Knowledge%20Management%C2%A0%28US%2417,Component C,,,,
P159382,World Bank,Ethiopia,2017,PAD,outcome,Productivity,Sustainable Economic Growth,Productivity,intended,unspecified,"The results framework lists a PDO-level indicator measuring change in productivity of small-scale producers by selected commodity, reflecting intended productivity improvements.",https://documents1.worldbank.org/curated/en/982381513306833652/txt/ETHIOPIA-PAD-with-Map-11212017.txt#:~:text=C,FALSE,FALSE,https://documents1.worldbank.org/curated/en/982381513306833652/txt/ETHIOPIA-PAD-with-Map-11212017.txt#:~:text=C,Results framework,,,,
P159382,World Bank,Ethiopia,2017,PAD,outcome,Market efficiency,Sustainable Economic Growth,Market Efficiency,intended,unspecified,"An indicator measures increase in sales of primary and processed livestock and fish products by producers and processors, indicating improved commercialization and market efficiency.",https://documents1.worldbank.org/curated/en/982381513306833652/txt/ETHIOPIA-PAD-with-Map-11212017.txt#:~:text=,Number%C2%A0of%C2%A0system%C2%A0improvements11%C2%A0in%C2%A0support%C2%A0of%C2%A0better%C2%A0livestock%C2%A0a,FALSE,FALSE,https://documents1.worldbank.org/curated/en/982381513306833652/txt/ETHIOPIA-PAD-with-Map-11212017.txt#:~:text=,Number%C2%A0of%C2%A0system%C2%A0improvements11%C2%A0in%C2%A0support%C2%A0of%C2%A0better%C2%A0livestock%C2%A0a,Results framework,,
P159382,World Bank,Ethiopia,2017,PAD,outcome,Institutional reforms,Inducing Policy Change,Institutional reforms,intended,unspecified,"PDO indicators count the number of system improvements supporting better livestock and fisheries service delivery, such as rationalizing veterinary services, improving extension services, and implementing identification and traceability systems.",https://documents1.worldbank.org/curated/en/982381513306833652/txt/ETHIOPIA-PAD-with-Map-11212017.txt#:~:text=selected%C2%A0commodity%29%3B%20,Time%C2%A0lapse%C2%A0between%C2%A0early%C2%A0warning%C2%A0information%C2%A0and%C2%A0disbursement%C2%A0to%20ward%C2%A0response%2C%C2%A0in%C2%A0case%C2%A0of%C2%A0crisis%C2%A0or,FALSE,FALSE,https://documents1.worldbank.org/curated/en/982381513306833652/txt/ETHIOPIA-PAD-with-Map-11212017.txt#:~:text=selected%C2%A0commodity%29%3B%20,Time%C2%A0lapse%C2%A0between%C2%A0early%C2%A0warning%C2%A0information%C2%A0and%C2%A0disbursement%C2%A0to%20ward%C2%A0response%2C%C2%A0in%C2%A0case%C2%A0of%C2%A0crisis%C2%A0or,Results framework,,
P159382,World Bank,Ethiopia,2017,PAD,outcome,Adoption,Sustainable Economic Growth,Adoption,intended,unspecified,"The results framework monitors the proportion of trainees applying newly acquired competencies in their daily work, reflecting adoption of new skills and practices.",https://documents1.worldbank.org/curated/en/982381513306833652/txt/ETHIOPIA-PAD-with-Map-11212017.txt#:~:text=selected%C2%A0commodity%29%3B%20,Time%C2%A0lapse%C2%A0between%C2%A0early%C2%A0warning%C2%A0information%C2%A0and%C2%A0disbursement%C2%A0to%20ward%C2%A0response%2C%C2%A0in%C2%A0case%C2%A0of%C2%A0crisis%C2%A0or,FALSE,FALSE,https://documents1.worldbank.org/curated/en/982381513306833652/txt/ETHIOPIA-PAD-with-Map-11212017.txt#:~:text=selected%C2%A0commodity%29%3B%20,Time%C2%A0lapse%C2%A0between%C2%A0early%C2%A0warning%C2%A0information%C2%A0and%C2%A0disbursement%C2%A0to%20ward%C2%A0response%2C%C2%A0in%C2%A0case%C2%A0of%C2%A0crisis%C2%A0or,Results framework,,
P159382,World Bank,Ethiopia,2017,PAD,outcome,Resilience,Resilience,Resilience,intended,unspecified,"A PDO indicator tracks the time lapse between early warning information and disbursement toward response during crises or emergencies, indicating enhanced resilience and rapid response capacity.",https://documents1.worldbank.org/curated/en/982381513306833652/txt/ETHIOPIA-PAD-with-Map-11212017.txt#:~:text=,in%C2%A0weeks,FALSE,FALSE,https://documents1.worldbank.org/curated/en/982381513306833652/txt/ETHIOPIA-PAD-with-Map-11212017.txt#:~:text=,in%C2%A0weeks,Results framework,,
P165945,World Bank,Mongolia,2019,PAD,objective,"To improve livestock health, productivity, and commercialization of targeted value chains in project locations and to provide immediate and effective response in the event of an eligible crisis or emergency",,,,multiple,"The PAD states the objective is to improve livestock health, productivity, and commercialization of targeted value chains and provide immediate and effective response in case of an eligible crisis or emergency.",documents1.worldbank.org/curated/en/628061576551773067/pdf/Mongolia-Livestock-Commercialization-Project.pdf#:~:text=exports%20with%20food%20safety%20and,PROJECT%20DESCRIPTION,FALSE,FALSE,documents1.worldbank.org/curated/en/628061576551773067/pdf/Mongolia-Livestock-Commercialization-Project.pdf#:~:text=exports%20with%20food%20safety%20and,PROJECT%20DESCRIPTION,Datasheet,,
P165945,World Bank,Mongolia,2019,PAD,intervention,Institutional and capacity building for veterinary services,Livestock Management & Technologies; Advisory & Extension; Policy & Regulatory,,,cattle; small ruminants; unspecified,"Strengthens the General Authority of Veterinary Services to implement the Animal Health Law, enhance disease control, animal welfare and food safety, develop human resource plans and capacity-building programs, undertake OIE evaluations, and support a One Health plan.",documents1.worldbank.org/curated/en/628061576551773067/pdf/Mongolia-Livestock-Commercialization-Project.pdf,FALSE,FALSE,documents1.worldbank.org/curated/en/628061576551773067/pdf/Mongolia-Livestock-Commercialization-Project.pdf,Sub-component 1.1,,,,
P165945,World Bank,Mongolia,2019,PAD,intervention,"Disease surveillance, control and food safety",Public Health; Livestock Management & Technologies; Advisory & Extension,,,multiple,"Supports risk-based disease surveillance and control for foot-and-mouth disease and PPR, develops food-safety frameworks, conducts immunization plans and epidemiological research, strengthens veterinary drug control and laboratory networks, and establishes high-health animal compartments.",documents1.worldbank.org/curated/en/628061576551773067/pdf/Mongolia-Livestock-Commercialization-Project.pdf,FALSE,FALSE,documents1.worldbank.org/curated/en/628061576551773067/pdf/Mongolia-Livestock-Commercialization-Project.pdf,Sub-component 1.2,,,,
P165945,World Bank,Mongolia,2019,PAD,intervention,Digital livestock interventions,Livestock Management & Technologies,,,multiple,"Pilots digital technologies such as big data, IoT and remote sensing to develop risk analytics and early warning systems, builds integrated livestock information and traceability systems, and scales up animal identification and registration using digital tools.",documents1.worldbank.org/curated/en/628061576551773067/pdf/Mongolia-Livestock-Commercialization-Project.pdf#:~:text=The%20World%20Bank,FALSE,FALSE,documents1.worldbank.org/curated/en/628061576551773067/pdf/Mongolia-Livestock-Commercialization-Project.pdf#:~:text=The%20World%20Bank,Sub-component 1.3,,,,
P165945,World Bank,Mongolia,2019,PAD,intervention,Participatory animal health risk management,Public Health; Behavior Change & Social Programs,,,multiple,"Implements community-based initiatives for herders to improve veterinary service delivery and compliance with disease control, using risk assessment tools and promoting women’s leadership in animal health activities.",documents1.worldbank.org/curated/en/628061576551773067/pdf/Mongolia-Livestock-Commercialization-Project.pdf#:~:text=Subcomponent%201,animal%20health%20risk%20community%20initiatives,FALSE,FALSE,documents1.worldbank.org/curated/en/628061576551773067/pdf/Mongolia-Livestock-Commercialization-Project.pdf#:~:text=Subcomponent%201,animal%20health%20risk%20community%20initiatives,Sub-component 1.4,,
P165945,World Bank,Mongolia,2019,PAD,intervention,Livestock productivity improvements,Livestock Management & Technologies; Advisory & Extension,,,small ruminants; cattle,"Provides technical extension and research services to improve breeding, nutrition and high-health production models through nucleus flocks, AI units, fodder crops, feed supplements, and semi-intensive dairy clusters, feedlots and compartments.",documents1.worldbank.org/curated/en/628061576551773067/pdf/Mongolia-Livestock-Commercialization-Project.pdf#:~:text=Subcomponent%202,it%20will%20support%20the%20following,FALSE,FALSE,documents1.worldbank.org/curated/en/628061576551773067/pdf/Mongolia-Livestock-Commercialization-Project.pdf#:~:text=Subcomponent%202,it%20will%20support%20the%20following,Sub-component 2.1,,
P165945,World Bank,Mongolia,2019,PAD,intervention,Productive partnerships for value chain commercialization,Markets & Finance; Livestock Management & Technologies; Food Processing & Storage; Behavior Change & Social Programs,,,multiple,"Creates productive partnerships between producers and processors, mobilizes herder organizations, improves breeding services, forms processing clusters, introduces advanced technologies, enhances market access, and prioritizes women-led enterprises using performance-based incentives.",documents1.worldbank.org/curated/en/628061576551773067/pdf/Mongolia-Livestock-Commercialization-Project.pdf,FALSE,FALSE,documents1.worldbank.org/curated/en/628061576551773067/pdf/Mongolia-Livestock-Commercialization-Project.pdf,Sub-component 2.2,,,,
P165945,World Bank,Mongolia,2019,PAD,intervention,Project implementation support,Advisory & Extension; Rural/Public Infrastructure,,,unspecified,"Provides coordination, safeguards and fiduciary support for project implementation, funding staff, consultants, operating costs, training, monitoring and evaluation, impact assessments and audits.",documents1.worldbank.org/curated/en/628061576551773067/pdf/Mongolia-Livestock-Commercialization-Project.pdf#:~:text=Component%203%3A%20Project%20Implementation%20Support,and%20final%20impact%20assessments%2C%20information,FALSE,FALSE,documents1.worldbank.org/curated/en/628061576551773067/pdf/Mongolia-Livestock-Commercialization-Project.pdf#:~:text=Component%203%3A%20Project%20Implementation%20Support,and%20final%20impact%20assessments%2C%20information,Component 3,,
P165945,World Bank,Mongolia,2019,PAD,outcome,Animal disease control,Resilience,Animal disease control,intended,multiple,"PDO indicator aims for a 20 percent reduction in prevalence of priority diseases such as FMD and PPR in project areas, reflecting enhanced animal health services and control measures.",documents1.worldbank.org/curated/en/628061576551773067/pdf/Mongolia-Livestock-Commercialization-Project.pdf#:~:text=Livestock%20Commercialization%20Project,FALSE,FALSE,documents1.worldbank.org/curated/en/628061576551773067/pdf/Mongolia-Livestock-Commercialization-Project.pdf#:~:text=Livestock%20Commercialization%20Project,Results framework,,,,
P165945,World Bank,Mongolia,2019,PAD,outcome,Yield,Sustainable Economic Growth,Yield,intended,small ruminants; cattle,"PDO indicators target a 10 percent increase in yield of meat and dairy products, including increases in live weight and milk output of small ruminants and cattle.",documents1.worldbank.org/curated/en/628061576551773067/pdf/Mongolia-Livestock-Commercialization-Project.pdf#:~:text=Increased%20yield%20of%20livestock%20products,0,FALSE,FALSE,documents1.worldbank.org/curated/en/628061576551773067/pdf/Mongolia-Livestock-Commercialization-Project.pdf#:~:text=Increased%20yield%20of%20livestock%20products,0,Results framework,,
P165945,World Bank,Mongolia,2019,PAD,outcome,Income amount per capita,Sustainable Economic Growth,Income amount per capita,intended,multiple,"The results framework seeks a 20 percent increase in the inflation-adjusted value of livestock products, indicating higher incomes through improved commercialization and market access.",documents1.worldbank.org/curated/en/628061576551773067/pdf/Mongolia-Livestock-Commercialization-Project.pdf#:~:text=Increased%20inflation,0,FALSE,FALSE,documents1.worldbank.org/curated/en/628061576551773067/pdf/Mongolia-Livestock-Commercialization-Project.pdf#:~:text=Increased%20inflation,0,Results framework,,
P165945,World Bank,Mongolia,2019,PAD,outcome,Women’s empowerment,Inclusivity & Women’s Empowerment,Women’s empowerment,intended,multiple,"Intermediate indicators require that half of trained herders be women and that 20 percent of productive partnerships be women-led enterprises, promoting gender inclusion and empowerment.",documents1.worldbank.org/curated/en/628061576551773067/pdf/Mongolia-Livestock-Commercialization-Project.pdf#:~:text=0,0,FALSE,FALSE,documents1.worldbank.org/curated/en/628061576551773067/pdf/Mongolia-Livestock-Commercialization-Project.pdf#:~:text=0,0,Results framework,,
P165945,World Bank,Mongolia,2019,PAD,outcome,Adoption,Sustainable Economic Growth,Adoption,intended,multiple,"Intermediate indicators track training of 500 veterinarians and paraprofessionals, increased coverage of quality animal health services, accreditation of laboratories, and implementation of participatory risk management pilots, measuring adoption of improved practices.",documents1.worldbank.org/curated/en/628061576551773067/pdf/Mongolia-Livestock-Commercialization-Project.pdf#:~:text=Animal%20Health%20Services%20Number%20of,0,FALSE,FALSE,documents1.worldbank.org/curated/en/628061576551773067/pdf/Mongolia-Livestock-Commercialization-Project.pdf#:~:text=Animal%20Health%20Services%20Number%20of,0,Results framework,,
P159382,World Bank,Ethiopia,2017,PAD,objective,"increase productivity and commercialization of producers and processors in selected value chains, strengthen service delivery systems in the livestock and fisheries sectors, and respond promptly and effectively to an eligible crisis or emergency",,,,unspecified,"The datasheet states that the project aims to increase productivity and commercialization of producers and processors in selected value chains, strengthen service delivery systems in the livestock and fisheries sectors, and respond promptly and effectively to an eligible crisis or emergency",https://documents1.worldbank.org/curated/en/982381513306833652/txt/ETHIOPIA-PAD-with-Map-11212017.txt#:~:text=Increase%C2%A0productivity%C2%A0and%C2%A0commercialization%C2%A0of%C2%A0producers%C2%A0and%C2%A0process%20ors%C2%A0in%C2%A0selected%C2%A0value%C2%A0chains%2C%C2%A0strengthen%20service%C2%A0delivery%C2%A0systems%C2%A0in%C2%A0the%C2%A0livestock%C2%A0and%C2%A0fisheries%C2%A0sectors%2C%C2%A0and%20respond%C2%A0promptly%C2%A0and%C2%A0effectively%C2%A0to%C2%A0an%C2%A0eligible%20crisis%C2%A0or%C2%A0emergency,FALSE,FALSE,https://documents1.worldbank.org/curated/en/982381513306833652/txt/ETHIOPIA-PAD-with-Map-11212017.txt#:~:text=Increase%C2%A0productivity%C2%A0and%C2%A0commercialization%C2%A0of%C2%A0producers%C2%A0and%C2%A0process%20ors%C2%A0in%C2%A0selected%C2%A0value%C2%A0chains%2C%C2%A0strengthen%20service%C2%A0delivery%C2%A0systems%C2%A0in%C2%A0the%C2%A0livestock%C2%A0and%C2%A0fisheries%C2%A0sectors%2C%C2%A0and%20respond%C2%A0promptly%C2%A0and%C2%A0effectively%C2%A0to%C2%A0an%C2%A0eligible%20crisis%C2%A0or%C2%A0emergency,Datasheet,,,,
P159382,World Bank,Ethiopia,2017,PAD,intervention,Enabling sub-projects implementation and preparatory analyses,Livestock Management & Technologies; Advisory & Extension; Markets & Finance,,,unspecified,"Activities include preparatory studies, beneficiary identification, training of development agents, and feasibility studies for establishing a line of credit to enable implementation of sub-projects and monitor beneficiary transformation.",https://documents1.worldbank.org/curated/en/982381513306833652/txt/ETHIOPIA-PAD-with-Map-11212017.txt#:~:text=e%C2%A0objectives%2C%C2%A0the%C2%A0component%C2%A0will%20address%C2%A0all%C2%A0levels%C2%A0of%C2%A0the%C2%A0transformation%C2%A0pathway%C2%A0through%C2%A0the%C2%A0implementation%20of%C2%A0three%C2%A0types%C2%A0of%C2%A0sub%E2%80%90Projects%C2%A0,A%C2%A0fir%20st%C2%A0sub%E2%80%90component%C2%A0%28A1%29%C2%A0will%C2%A0establish%20the%C2%A0enabling%C2%A0environment%C2%A0for%C2%A0the%C2%A0successful%C2%A0implementation%C2%A0of%C2%A0these%C2%A0sub%E2%80%90Proj%20ects,FALSE,FALSE,https://documents1.worldbank.org/curated/en/982381513306833652/txt/ETHIOPIA-PAD-with-Map-11212017.txt#:~:text=e%C2%A0objectives%2C%C2%A0the%C2%A0component%C2%A0will%20address%C2%A0all%C2%A0levels%C2%A0of%C2%A0the%C2%A0transformation%C2%A0pathway%C2%A0through%C2%A0the%C2%A0implementation%20of%C2%A0three%C2%A0types%C2%A0of%C2%A0sub%E2%80%90Projects%C2%A0,A%C2%A0fir%20st%C2%A0sub%E2%80%90component%C2%A0%28A1%29%C2%A0will%C2%A0establish%20the%C2%A0enabling%C2%A0environment%C2%A0for%C2%A0the%C2%A0successful%C2%A0implementation%C2%A0of%C2%A0these%C2%A0sub%E2%80%90Proj%20ects,Sub-component A.1,,
P159382,World Bank,Ethiopia,2017,PAD,intervention,Support to subsistence farmers and unemployed youth,Livestock Management & Technologies; Advisory & Extension,,,unspecified,"Finances basic sub-projects for subsistence farmers and unemployed youth by establishing primary cooperatives, providing training and advisory services, inputs, equipment, and small infrastructure to master minimum good practices (Eth-GAP1).",https://documents1.worldbank.org/curated/en/982381513306833652/txt/ETHIOPIA-PAD-with-Map-11212017.txt#:~:text=32,325%2C000%C2%A0households,FALSE,FALSE,https://documents1.worldbank.org/curated/en/982381513306833652/txt/ETHIOPIA-PAD-with-Map-11212017.txt#:~:text=32,325%2C000%C2%A0households,Sub-component A.2,,
P159382,World Bank,Ethiopia,2017,PAD,intervention,Support to improved cooperatives,Livestock Management & Technologies; Advisory & Extension,,,unspecified,"Provides intermediate sub-projects linking cooperatives with buyers through formal contracts, offering training, inputs, services and infrastructure to improve production intensity and organization using Eth-GAP2.",https://documents1.worldbank.org/curated/en/982381513306833652/txt/ETHIOPIA-PAD-with-Map-11212017.txt#:~:text=33,108%2C000%C2%A0households,FALSE,FALSE,https://documents1.worldbank.org/curated/en/982381513306833652/txt/ETHIOPIA-PAD-with-Map-11212017.txt#:~:text=33,108%2C000%C2%A0households,Sub-component A.3,,
P159382,World Bank,Ethiopia,2017,PAD,intervention,Support to specialized cooperatives and municipalities,Livestock Management & Technologies; Advisory & Extension,,,unspecified,"Implements advanced sub-projects connecting value-chain actors via formal contracts, providing specialized training, advisory services, inputs, equipment, and medium-scale infrastructure targeting specialized cooperatives and municipalities.",https://documents1.worldbank.org/curated/en/982381513306833652/txt/ETHIOPIA-PAD-with-Map-11212017.txt#:~:text=Sub%E2%80%90component%C2%A0A,the%C2%A0implementation%C2%A0of%C2%A0advanced%C2%A0sub%E2%80%90,FALSE,FALSE,https://documents1.worldbank.org/curated/en/982381513306833652/txt/ETHIOPIA-PAD-with-Map-11212017.txt#:~:text=Sub%E2%80%90component%C2%A0A,the%C2%A0implementation%C2%A0of%C2%A0advanced%C2%A0sub%E2%80%90,Sub-component A.4,,
P159382,World Bank,Ethiopia,2017,PAD,intervention,Human resources and organizational capacity development,Advisory & Extension; Policy & Regulatory,,,unspecified,"Finances capacity assessments and development programs for the Ministry of Livestock and Fisheries, including consultation workshops and embedding recommended interventions across federal, regional and Woreda levels.",https://documents1.worldbank.org/curated/en/982381513306833652/txt/ETHIOPIA-PAD-with-Map-11212017.txt#:~:text=organizational%C2%A0%20and%C2%A0%20institutional%C2%A0%20capacity%C2%A0%20of%C2%A0,and%C2%A0%20cooperatives%C2%A0%20of%C2%A0%20the%20livestock%C2%A0and%C2%A0fisheries%C2%A0sectors%C2%A0through%C2%A0the%C2%A0following%C2%A0sub%E2%80%90components,FALSE,FALSE,https://documents1.worldbank.org/curated/en/982381513306833652/txt/ETHIOPIA-PAD-with-Map-11212017.txt#:~:text=organizational%C2%A0%20and%C2%A0%20institutional%C2%A0%20capacity%C2%A0%20of%C2%A0,and%C2%A0%20cooperatives%C2%A0%20of%C2%A0%20the%20livestock%C2%A0and%C2%A0fisheries%C2%A0sectors%C2%A0through%C2%A0the%C2%A0following%C2%A0sub%E2%80%90components,Sub-component B.1,,
P159382,World Bank,Ethiopia,2017,PAD,intervention,"Policy, planning and coordination",Policy & Regulatory; Advisory & Extension,,,unspecified,"Improves sector monitoring and assessment through data systems, equipment, training, and evidence-based reviews of policies and regulations, with consultation and training to implement new policies.",https://documents1.worldbank.org/curated/en/982381513306833652/txt/ETHIOPIA-PAD-with-Map-11212017.txt#:~:text=37,c%29%C2%A0provide%C2%A0training%C2%A0and%C2%A0awareness%C2%A0campaigns%C2%A0related%C2%A0to%C2%A0various%C2%A0policy%C2%A0aspec%20ts%2C%C2%A0and%C2%A0support%C2%A0pilot%C2%A0operations%C2%A0to%20test%C2%A0the%C2%A0decentralized%C2%A0implementation%C2%A0of%C2%A0new%2Fupgraded%C2%A0policies,FALSE,FALSE,https://documents1.worldbank.org/curated/en/982381513306833652/txt/ETHIOPIA-PAD-with-Map-11212017.txt#:~:text=37,c%29%C2%A0provide%C2%A0training%C2%A0and%C2%A0awareness%C2%A0campaigns%C2%A0related%C2%A0to%C2%A0various%C2%A0policy%C2%A0aspec%20ts%2C%C2%A0and%C2%A0support%C2%A0pilot%C2%A0operations%C2%A0to%20test%C2%A0the%C2%A0decentralized%C2%A0implementation%C2%A0of%C2%A0new%2Fupgraded%C2%A0policies,Sub-component B.2,,
P159382,World Bank,Ethiopia,2017,PAD,intervention,"Sustainable animal health, extension and advisory services",Livestock Management & Technologies; Advisory & Extension; Public Health,,,unspecified,"Supports rehabilitation of training facilities, provision of transport and equipment, partnerships between public authorities and private veterinarians, enhanced surveillance and diagnostics, and improved extension services promoting GAHP and GAFP.",https://documents1.worldbank.org/curated/en/982381513306833652/txt/ETHIOPIA-PAD-with-Map-11212017.txt#:~:text=38,by%C2%A0%20developing%C2%A0%20a%20roadmap%C2%A0for%C2%A0improved%C2%A0livestock%C2%A0and%C2%A0fisheries%C2%A0EAS%3B%C2%A0promoting%2C%C2%A0introducing%C2%A0and%20implementing%C2%A0innovative%C2%A0EAS%C2%A0such,FALSE,FALSE,https://documents1.worldbank.org/curated/en/982381513306833652/txt/ETHIOPIA-PAD-with-Map-11212017.txt#:~:text=38,by%C2%A0%20developing%C2%A0%20a%20roadmap%C2%A0for%C2%A0improved%C2%A0livestock%C2%A0and%C2%A0fisheries%C2%A0EAS%3B%C2%A0promoting%2C%C2%A0introducing%C2%A0and%20implementing%C2%A0innovative%C2%A0EAS%C2%A0such,Sub-component B.3,,
P159382,World Bank,Ethiopia,2017,PAD,intervention,Development of strategic national programs,Livestock Management & Technologies; Policy & Regulatory; Public Health,,,cattle; small ruminants; poultry; fish,"Supports national programs: animal identification and traceability system, animal disease prevention/control (Newcastle disease, PPR), national feed/forage program, national breeding program, and aquaculture and fisheries master plan.",https://documents1.worldbank.org/curated/en/982381513306833652/txt/ETHIOPIA-PAD-with-Map-11212017.txt#:~:text=39,in%C2%A0project%C2%A0areas%C2%A0an%20d%C2%A0for%C2%A0the%C2%A0targeted%C2%A0value%C2%A0chains%29%C2%A0of%20the%C2%A0following%C2%A0five%C2%A0priority%C2%A0strategic%C2%A0national%C2%A0programs%2C%C2%A0which%C2%A0will%C2%A0help%C2%A0sh%20ape%C2%A0a%C2%A0more%C2%A0productive%2C%C2%A0efficient%C2%A0and%20resilient%C2%A0livestock%C2%A0sector,FALSE,FALSE,https://documents1.worldbank.org/curated/en/982381513306833652/txt/ETHIOPIA-PAD-with-Map-11212017.txt#:~:text=39,in%C2%A0project%C2%A0areas%C2%A0an%20d%C2%A0for%C2%A0the%C2%A0targeted%C2%A0value%C2%A0chains%29%C2%A0of%20the%C2%A0following%C2%A0five%C2%A0priority%C2%A0strategic%C2%A0national%C2%A0programs%2C%C2%A0which%C2%A0will%C2%A0help%C2%A0sh%20ape%C2%A0a%C2%A0more%C2%A0productive%2C%C2%A0efficient%C2%A0and%20resilient%C2%A0livestock%C2%A0sector,Sub-component B.4,,
P159382,World Bank,Ethiopia,2017,PAD,intervention,"Project coordination, monitoring and evaluation, and knowledge management",Rural/Public Infrastructure; Advisory & Extension,,,unspecified,"Finances project coordination and management across federal, regional and Woreda levels, including staff, consultants, operating costs, equipment, audits and training to strengthen institutional arrangements.",https://documents1.worldbank.org/curated/en/982381513306833652/txt/ETHIOPIA-PAD-with-Map-11212017.txt#:~:text=Component%C2%A0C%3A%C2%A0Project%C2%A0Coordination%2C%C2%A0Monitoring%C2%A0and%C2%A0Evaluation%2C%C2%A0and%C2%A0Knowledge%20Management%C2%A0%28US%2417,FALSE,FALSE,https://documents1.worldbank.org/curated/en/982381513306833652/txt/ETHIOPIA-PAD-with-Map-11212017.txt#:~:text=Component%C2%A0C%3A%C2%A0Project%C2%A0Coordination%2C%C2%A0Monitoring%C2%A0and%C2%A0Evaluation%2C%C2%A0and%C2%A0Knowledge%20Management%C2%A0%28US%2417,Component C,,,,
P159382,World Bank,Ethiopia,2017,PAD,outcome,Productivity,Sustainable Economic Growth,Productivity,intended,unspecified,"The results framework lists a PDO-level indicator measuring change in productivity of small-scale producers by selected commodity, reflecting intended productivity improvements.",https://documents1.worldbank.org/curated/en/982381513306833652/txt/ETHIOPIA-PAD-with-Map-11212017.txt#:~:text=C,FALSE,FALSE,https://documents1.worldbank.org/curated/en/982381513306833652/txt/ETHIOPIA-PAD-with-Map-11212017.txt#:~:text=C,Results framework,,,,
P159382,World Bank,Ethiopia,2017,PAD,outcome,Market efficiency,Sustainable Economic Growth,Market Efficiency,intended,unspecified,"An indicator measures increase in sales of primary and processed livestock and fish products by producers and processors, indicating improved commercialization and market efficiency.",https://documents1.worldbank.org/curated/en/982381513306833652/txt/ETHIOPIA-PAD-with-Map-11212017.txt#:~:text=,Number%C2%A0of%C2%A0system%C2%A0improvements11%C2%A0in%C2%A0support%C2%A0of%C2%A0better%C2%A0livestock%C2%A0a,FALSE,FALSE,https://documents1.worldbank.org/curated/en/982381513306833652/txt/ETHIOPIA-PAD-with-Map-11212017.txt#:~:text=,Number%C2%A0of%C2%A0system%C2%A0improvements11%C2%A0in%C2%A0support%C2%A0of%C2%A0better%C2%A0livestock%C2%A0a,Results framework,,
P159382,World Bank,Ethiopia,2017,PAD,outcome,Institutional reforms,Inducing Policy Change,Institutional reforms,intended,unspecified,"PDO indicators count the number of system improvements supporting better livestock and fisheries service delivery, such as rationalizing veterinary services, improving extension services, and implementing identification and traceability systems.",https://documents1.worldbank.org/curated/en/982381513306833652/txt/ETHIOPIA-PAD-with-Map-11212017.txt#:~:text=selected%C2%A0commodity%29%3B%20,Time%C2%A0lapse%C2%A0between%C2%A0early%C2%A0warning%C2%A0information%C2%A0and%C2%A0disbursement%C2%A0to%20ward%C2%A0response%2C%C2%A0in%C2%A0case%C2%A0of%C2%A0crisis%C2%A0or,FALSE,FALSE,https://documents1.worldbank.org/curated/en/982381513306833652/txt/ETHIOPIA-PAD-with-Map-11212017.txt#:~:text=selected%C2%A0commodity%29%3B%20,Time%C2%A0lapse%C2%A0between%C2%A0early%C2%A0warning%C2%A0information%C2%A0and%C2%A0disbursement%C2%A0to%20ward%C2%A0response%2C%C2%A0in%C2%A0case%C2%A0of%C2%A0crisis%C2%A0or,Results framework,,
P159382,World Bank,Ethiopia,2017,PAD,outcome,Adoption,Sustainable Economic Growth,Adoption,intended,unspecified,"The results framework monitors the proportion of trainees applying newly acquired competencies in their daily work, reflecting adoption of new skills and practices.",https://documents1.worldbank.org/curated/en/982381513306833652/txt/ETHIOPIA-PAD-with-Map-11212017.txt#:~:text=selected%C2%A0commodity%29%3B%20,Time%C2%A0lapse%C2%A0between%C2%A0early%C2%A0warning%C2%A0information%C2%A0and%C2%A0disbursement%C2%A0to%20ward%C2%A0response%2C%C2%A0in%C2%A0case%C2%A0of%C2%A0crisis%C2%A0or,FALSE,FALSE,https://documents1.worldbank.org/curated/en/982381513306833652/txt/ETHIOPIA-PAD-with-Map-11212017.txt#:~:text=selected%C2%A0commodity%29%3B%20,Time%C2%A0lapse%C2%A0between%C2%A0early%C2%A0warning%C2%A0information%C2%A0and%C2%A0disbursement%C2%A0to%20ward%C2%A0response%2C%C2%A0in%C2%A0case%C2%A0of%C2%A0crisis%C2%A0or,Results framework,,
P159382,World Bank,Ethiopia,2017,PAD,outcome,Resilience,Resilience,Resilience,intended,unspecified,"A PDO indicator tracks the time lapse between early warning information and disbursement toward response during crises or emergencies, indicating enhanced resilience and rapid response capacity.",https://documents1.worldbank.org/curated/en/982381513306833652/txt/ETHIOPIA-PAD-with-Map-11212017.txt#:~:text=,in%C2%A0weeks,FALSE,FALSE,https://documents1.worldbank.org/curated/en/982381513306833652/txt/ETHIOPIA-PAD-with-Map-11212017.txt#:~:text=,in%C2%A0weeks,Results framework,,
P165945,World Bank,Mongolia,2019,PAD,objective,"To improve livestock health, productivity, and commercialization of targeted value chains in project locations and to provide immediate and effective response in the event of an eligible crisis or emergency",,,,multiple,"The PAD states the objective is to improve livestock health, productivity, and commercialization of targeted value chains and provide immediate and effective response in case of an eligible crisis or emergency.",documents1.worldbank.org/curated/en/628061576551773067/pdf/Mongolia-Livestock-Commercialization-Project.pdf#:~:text=exports%20with%20food%20safety%20and,PROJECT%20DESCRIPTION,FALSE,FALSE,documents1.worldbank.org/curated/en/628061576551773067/pdf/Mongolia-Livestock-Commercialization-Project.pdf#:~:text=exports%20with%20food%20safety%20and,PROJECT%20DESCRIPTION,Datasheet,,
P165945,World Bank,Mongolia,2019,PAD,intervention,Institutional and capacity building for veterinary services,Livestock Management & Technologies; Advisory & Extension; Policy & Regulatory,,,cattle; small ruminants; unspecified,"Strengthens the General Authority of Veterinary Services to implement the Animal Health Law, enhance disease control, animal welfare and food safety, develop human resource plans and capacity-building programs, undertake OIE evaluations, and support a One Health plan.",documents1.worldbank.org/curated/en/628061576551773067/pdf/Mongolia-Livestock-Commercialization-Project.pdf,FALSE,FALSE,documents1.worldbank.org/curated/en/628061576551773067/pdf/Mongolia-Livestock-Commercialization-Project.pdf,Sub-component 1.1,,,,
P165945,World Bank,Mongolia,2019,PAD,intervention,"Disease surveillance, control and food safety",Public Health; Livestock Management & Technologies; Advisory & Extension,,,multiple,"Supports risk-based disease surveillance and control for foot-and-mouth disease and PPR, develops food-safety frameworks, conducts immunization plans and epidemiological research, strengthens veterinary drug control and laboratory networks, and establishes high-health animal compartments.",documents1.worldbank.org/curated/en/628061576551773067/pdf/Mongolia-Livestock-Commercialization-Project.pdf,FALSE,FALSE,documents1.worldbank.org/curated/en/628061576551773067/pdf/Mongolia-Livestock-Commercialization-Project.pdf,Sub-component 1.2,,,,
P165945,World Bank,Mongolia,2019,PAD,intervention,Digital livestock interventions,Livestock Management & Technologies; Technology & R&D,,,multiple,"Pilots digital technologies such as big data, IoT and remote sensing to develop risk analytics and early warning systems, builds integrated livestock information and traceability systems, and scales up animal identification and registration using digital tools.",documents1.worldbank.org/curated/en/628061576551773067/pdf/Mongolia-Livestock-Commercialization-Project.pdf#:~:text=The%20World%20Bank,FALSE,FALSE,documents1.worldbank.org/curated/en/628061576551773067/pdf/Mongolia-Livestock-Commercialization-Project.pdf#:~:text=The%20World%20Bank,Sub-component 1.3,,,,
P165945,World Bank,Mongolia,2019,PAD,intervention,Participatory animal health risk management,Public Health; Behavior Change & Social Programs,,,multiple,"Implements community-based initiatives for herders to improve veterinary service delivery and compliance with disease control, using risk assessment tools and promoting women’s leadership in animal health activities.",documents1.worldbank.org/curated/en/628061576551773067/pdf/Mongolia-Livestock-Commercialization-Project.pdf#:~:text=Subcomponent%201,animal%20health%20risk%20community%20initiatives,FALSE,FALSE,documents1.worldbank.org/curated/en/628061576551773067/pdf/Mongolia-Livestock-Commercialization-Project.pdf#:~:text=Subcomponent%201,animal%20health%20risk%20community%20initiatives,Sub-component 1.4,,
P165945,World Bank,Mongolia,2019,PAD,intervention,Livestock productivity improvements,Livestock Management & Technologies; Advisory & Extension,,,small ruminants; cattle,"Provides technical extension and research services to improve breeding, nutrition and high-health production models through nucleus flocks, AI units, fodder crops, feed supplements, and semi-intensive dairy clusters, feedlots and compartments.",documents1.worldbank.org/curated/en/628061576551773067/pdf/Mongolia-Livestock-Commercialization-Project.pdf#:~:text=Subcomponent%202,it%20will%20support%20the%20following,FALSE,FALSE,documents1.worldbank.org/curated/en/628061576551773067/pdf/Mongolia-Livestock-Commercialization-Project.pdf#:~:text=Subcomponent%202,it%20will%20support%20the%20following,Sub-component 2.1,,
P165945,World Bank,Mongolia,2019,PAD,intervention,Productive partnerships for value chain commercialization,Markets & Finance; Livestock Management & Technologies; Food Processing & Storage; Behavior Change & Social Programs,,,multiple,"Creates productive partnerships between producers and processors, mobilizes herder organizations, improves breeding services, forms processing clusters, introduces advanced technologies, enhances market access, and prioritizes women-led enterprises using performance-based incentives.",documents1.worldbank.org/curated/en/628061576551773067/pdf/Mongolia-Livestock-Commercialization-Project.pdf,FALSE,FALSE,documents1.worldbank.org/curated/en/628061576551773067/pdf/Mongolia-Livestock-Commercialization-Project.pdf,Sub-component 2.2,,,,
P165945,World Bank,Mongolia,2019,PAD,intervention,Project implementation support,Advisory & Extension; Rural/Public Infrastructure,,,unspecified,"Provides coordination, safeguards and fiduciary support for project implementation, funding staff, consultants, operating costs, training, monitoring and evaluation, impact assessments and audits.",documents1.worldbank.org/curated/en/628061576551773067/pdf/Mongolia-Livestock-Commercialization-Project.pdf#:~:text=Component%203%3A%20Project%20Implementation%20Support,and%20final%20impact%20assessments%2C%20information,FALSE,FALSE,documents1.worldbank.org/curated/en/628061576551773067/pdf/Mongolia-Livestock-Commercialization-Project.pdf#:~:text=Component%203%3A%20Project%20Implementation%20Support,and%20final%20impact%20assessments%2C%20information,Component 3,,
P165945,World Bank,Mongolia,2019,PAD,outcome,Animal disease control,Public Health,Animal disease control,intended,multiple,"PDO indicator aims for a 20 percent reduction in prevalence of priority diseases such as FMD and PPR in project areas, reflecting enhanced animal health services and control measures.",documents1.worldbank.org/curated/en/628061576551773067/pdf/Mongolia-Livestock-Commercialization-Project.pdf#:~:text=Livestock%20Commercialization%20Project,FALSE,FALSE,documents1.worldbank.org/curated/en/628061576551773067/pdf/Mongolia-Livestock-Commercialization-Project.pdf#:~:text=Livestock%20Commercialization%20Project,Results framework,,,,
P165945,World Bank,Mongolia,2019,PAD,outcome,Yield,Sustainable Economic Growth,Yield,intended,small ruminants; cattle,"PDO indicators target a 10 percent increase in yield of meat and dairy products, including increases in live weight and milk output of small ruminants and cattle.",documents1.worldbank.org/curated/en/628061576551773067/pdf/Mongolia-Livestock-Commercialization-Project.pdf#:~:text=Increased%20yield%20of%20livestock%20products,0,FALSE,FALSE,documents1.worldbank.org/curated/en/628061576551773067/pdf/Mongolia-Livestock-Commercialization-Project.pdf#:~:text=Increased%20yield%20of%20livestock%20products,0,Results framework,,
P165945,World Bank,Mongolia,2019,PAD,outcome,Income amount per capita,Sustainable Economic Growth,Income amount per capita,intended,multiple,"The results framework seeks a 20 percent increase in the inflation-adjusted value of livestock products, indicating higher incomes through improved commercialization and market access.",documents1.worldbank.org/curated/en/628061576551773067/pdf/Mongolia-Livestock-Commercialization-Project.pdf#:~:text=Increased%20inflation,0,FALSE,FALSE,documents1.worldbank.org/curated/en/628061576551773067/pdf/Mongolia-Livestock-Commercialization-Project.pdf#:~:text=Increased%20inflation,0,Results framework,,
P165945,World Bank,Mongolia,2019,PAD,outcome,Women’s empowerment,Inclusivity & Women’s Empowerment,Women’s empowerment,intended,multiple,"Intermediate indicators require that half of trained herders be women and that 20 percent of productive partnerships be women-led enterprises, promoting gender inclusion and empowerment.",documents1.worldbank.org/curated/en/628061576551773067/pdf/Mongolia-Livestock-Commercialization-Project.pdf#:~:text=0,0,FALSE,FALSE,documents1.worldbank.org/curated/en/628061576551773067/pdf/Mongolia-Livestock-Commercialization-Project.pdf#:~:text=0,0,Results framework,,
P165945,World Bank,Mongolia,2019,PAD,outcome,Adoption,Sustainable Economic Growth,Adoption,intended,multiple,"Intermediate indicators track training of 500 veterinarians and paraprofessionals, increased coverage of quality animal health services, accreditation of laboratories, and implementation of participatory risk management pilots, measuring adoption of improved practices.",documents1.worldbank.org/curated/en/628061576551773067/pdf/Mongolia-Livestock-Commercialization-Project.pdf#:~:text=Animal%20Health%20Services%20Number%20of,0,FALSE,FALSE,documents1.worldbank.org/curated/en/628061576551773067/pdf/Mongolia-Livestock-Commercialization-Project.pdf#:~:text=Animal%20Health%20Services%20Number%20of,0,Results framework,,
P165945,World Bank,Mongolia,2019,PAD,outcome,Market efficiency,Sustainable Economic Growth,Market Efficiency,intended,multiple,"Indicators aim to increase the share of animal products marketed through commercial channels to 20 percent and establish 15 productive partnerships mobilizing 3,000 producers, demonstrating improved market efficiency.",documents1.worldbank.org/curated/en/628061576551773067/pdf/Mongolia-Livestock-Commercialization-Project.pdf#:~:text=Primary%20producers%20,0,FALSE,FALSE,documents1.worldbank.org/curated/en/628061576551773067/pdf/Mongolia-Livestock-Commercialization-Project.pdf#:~:text=Primary%20producers%20,0,Results framework,,
P160865,World Bank,Nigeria,2022,PAD,objective,"Improve productivity, commercialization, and resilience of targeted livestock production systems in Nigeria",,,,,"The Project Development Objective (PDO) is to “improve productivity, commercialization, and resilience of targeted livestock production systems in Nigeria”",file:///home/oai/share/2022-02-25_PAD2553_nigeria-livestock-productivity-and-resilience-support-project_english.pdf#:~:text=The%20Project%20Development%20Objective%20,livestock%20production%20systems%20in%20Nigeria,FALSE,FALSE,file:///home/oai/share/2022-02-25_PAD2553_nigeria-livestock-productivity-and-resilience-support-project_english.pdf#:~:text=The%20Project%20Development%20Objective%20,livestock%20production%20systems%20in%20Nigeria,Datasheet,,
P160865,World Bank,Nigeria,2022,PAD,intervention,"Policy formulation, planning and capacity strengthening",Policy & Regulatory; Advisory & Extension,,,multiple,"Sub‑component 1.1 finances a comprehensive Livestock Master Plan, digital data tools, and sub‑sector policies for feeding, breeding, dairy and animal health. It provides scholarships and capacity‑building programs and mainstreams climate change adaptation and mitigation objectives in sector policies.",file:///home/oai/share/2022-02-25_PAD2553_nigeria-livestock-productivity-and-resilience-support-project_english.pdf,FALSE,FALSE,file:///home/oai/share/2022-02-25_PAD2553_nigeria-livestock-productivity-and-resilience-support-project_english.pdf,,,,,
P160865,World Bank,Nigeria,2022,PAD,intervention,Genetic resource management and Good Animal Husbandry support,Livestock Management & Technologies; Advisory & Extension; Behavior Change & Social Programs,,,cattle; small ruminants; dairy,"Sub‑component 1.2 develops and implements a genetic resource management strategy prioritizing large ruminants; rehabilitates and equips artificial insemination and breed improvement centers; trains extension agents and produces digital guides and Farmer Field Schools on Good Animal Husbandry Practices; promotes improved feed production and storage, feeding and grazing practices, and trains state‑level extension agents while addressing gender gaps.",file:///home/oai/share/2022-02-25_PAD2553_nigeria-livestock-productivity-and-resilience-support-project_english.pdf,FALSE,FALSE,file:///home/oai/share/2022-02-25_PAD2553_nigeria-livestock-productivity-and-resilience-support-project_english.pdf,,,,,
P160865,World Bank,Nigeria,2022,PAD,intervention,Strengthening national animal health services,Public Health; Livestock Management & Technologies; Policy & Regulatory,,,multiple,"Sub‑component 1.3 strengthens national veterinary services by supporting private veterinary service development, financing infrastructure and equipment (including solar‑powered cold chains) for disease surveillance, diagnostics and control, improving quality control for veterinary medicines, establishing One‑Health platforms and collaborating with the private sector to expand vaccine production.",file:///home/oai/share/2022-02-25_PAD2553_nigeria-livestock-productivity-and-resilience-support-project_english.pdf,FALSE,FALSE,file:///home/oai/share/2022-02-25_PAD2553_nigeria-livestock-productivity-and-resilience-support-project_english.pdf,,,,,
P160865,World Bank,Nigeria,2022,PAD,intervention,Market linkages and climate‑smart livestock infrastructure,Markets & Finance; Food Processing & Storage; Rural/Public Infrastructure; Advisory & Extension,,,multiple,"Sub‑component 2.1 organizes producers into cooperatives and provides training and advisory services. It finances milking and cooling equipment, transport and storage assets, establishes climate‑smart livestock markets with water sources, weighbridges, paddocks and veterinary outposts, rehabilitates abattoirs and introduces online market information systems, with specific support for women’s participation.",file:///home/oai/share/2022-02-25_PAD2553_nigeria-livestock-productivity-and-resilience-support-project_english.pdf,FALSE,FALSE,file:///home/oai/share/2022-02-25_PAD2553_nigeria-livestock-productivity-and-resilience-support-project_english.pdf,,,,,
P160865,World Bank,Nigeria,2022,PAD,intervention,Access to finance and risk‑sharing facility,Markets & Finance; Advisory & Extension; Behavior Change & Social Programs,,,multiple,"Sub‑component 2.2 finances a credit line and risk‑sharing facility to de‑risk climate‑smart livestock investments across beef, dairy, sheep, goat, pig and poultry value chains; provides technical assistance to participating financial institutions and supports business development services while targeting gender gaps in access to finance.",file:///home/oai/share/2022-02-25_PAD2553_nigeria-livestock-productivity-and-resilience-support-project_english.pdf#:~:text=Subcomponent%202,0%20million,FALSE,FALSE,file:///home/oai/share/2022-02-25_PAD2553_nigeria-livestock-productivity-and-resilience-support-project_english.pdf#:~:text=Subcomponent%202,0%20million,,,
P160865,World Bank,Nigeria,2022,PAD,intervention,Livestock Service Centers (LSCs),Rural/Public Infrastructure; Livestock Management & Technologies; Food Processing & Storage; Advisory & Extension,,,cattle; dairy; small ruminants; pigs; poultry,"Sub‑component 2.3 supports the design and establishment of Livestock Service Centers in gazetted grazing reserves to promote commercialization and reduce open grazing. It finances training centers, veterinary facilities, breeding and artificial insemination services, markets, digital information systems, milk collection and cooling centers, water points, input outlets and grazing areas, ensuring gender‑friendly facilities and service hours.",file:///home/oai/share/2022-02-25_PAD2553_nigeria-livestock-productivity-and-resilience-support-project_english.pdf,FALSE,FALSE,file:///home/oai/share/2022-02-25_PAD2553_nigeria-livestock-productivity-and-resilience-support-project_english.pdf,,,,,
P160865,World Bank,Nigeria,2022,PAD,intervention,Natural resources management and pasture improvement,Livestock Management & Technologies; Ecosystem Services; Rural/Public Infrastructure,,,multiple,"Sub‑component 3.1 invests in climate‑smart rangeland and pasture management by assessing water and feed resources via remote sensing, disseminating information to herders, organizing community processes to improve grazing practices, constructing or rehabilitating stock routes and water points, and developing cultivated pasture with irrigation, thereby increasing carbon sequestration and reducing methane emissions.",file:///home/oai/share/2022-02-25_PAD2553_nigeria-livestock-productivity-and-resilience-support-project_english.pdf#:~:text=Subcomponent%203,scarce%20environments,FALSE,FALSE,file:///home/oai/share/2022-02-25_PAD2553_nigeria-livestock-productivity-and-resilience-support-project_english.pdf#:~:text=Subcomponent%203,scarce%20environments,,,
P160865,World Bank,Nigeria,2022,PAD,intervention,Conflict mitigation and resource management,Behavior Change & Social Programs; Policy & Regulatory; Markets & Finance,,,multiple,"Sub‑component 3.2 establishes and trains local committees for conflict prevention and resolution, supports community dialogue on equitable resource use, finances small‑scale infrastructure such as corridors, rest areas, stock routes, shelters and feed storage, develops early warning systems with remote sensing, supports policy dialogue on grazing reserves and transhumance rules, conducts feasibility studies for livestock insurance and facilitates transboundary dialogue with neighboring countries.",file:///home/oai/share/2022-02-25_PAD2553_nigeria-livestock-productivity-and-resilience-support-project_english.pdf#:~:text=Local%20level,with%20communities%2C%20local%20authorities%2C%20and,FALSE,FALSE,file:///home/oai/share/2022-02-25_PAD2553_nigeria-livestock-productivity-and-resilience-support-project_english.pdf#:~:text=Local%20level,with%20communities%2C%20local%20authorities%2C%20and,,,
P160865,World Bank,Nigeria,2022,PAD,intervention,"Project coordination, monitoring and management",Policy & Regulatory; Advisory & Extension; Behavior Change & Social Programs,,,unspecified,"Component 4 establishes national and state coordination offices and supports planning, monitoring and evaluation, procurement and fiduciary management, eligibility assessments, social risk mitigation (including gender and GBV), knowledge management and communication strategies to ensure effective project implementation.",file:///home/oai/share/2022-02-25_PAD2553_nigeria-livestock-productivity-and-resilience-support-project_english.pdf#:~:text=62,All%20activities,FALSE,FALSE,file:///home/oai/share/2022-02-25_PAD2553_nigeria-livestock-productivity-and-resilience-support-project_english.pdf#:~:text=62,All%20activities,,,
P160865,World Bank,Nigeria,2022,PAD,intervention,Contingent emergency response,Resilience; Public Health; Policy & Regulatory,,,unspecified,"Component 5 is a zero‑dollar Contingent Emergency Response Component (CERC) that allows reallocation of project funds to respond promptly to crises such as disasters, conflict or disease outbreaks, covering mitigation, recovery and reconstruction activities upon World Bank approval.",file:///home/oai/share/2022-02-25_PAD2553_nigeria-livestock-productivity-and-resilience-support-project_english.pdf#:~:text=Component%205%3A%20Contingency%20Emergency%20Response,19%20pandemic%2C%20the,FALSE,FALSE,file:///home/oai/share/2022-02-25_PAD2553_nigeria-livestock-productivity-and-resilience-support-project_english.pdf#:~:text=Component%205%3A%20Contingency%20Emergency%20Response,19%20pandemic%2C%20the,,,
P160865,World Bank,Nigeria,2022,PAD,outcome,,Sustainable Economic Growth,Productivity,Intended,multiple,"The results framework defines a PDO‑level indicator measuring the percentage increase in productivity of livestock species in targeted production systems, expressed through carcass weight and milk yield.",file:///home/oai/share/2022-02-25_PAD2553_nigeria-livestock-productivity-and-resilience-support-project_english.pdf#:~:text=The%20key%20PDO,milk%20per%20cow%20per%20day,FALSE,FALSE,file:///home/oai/share/2022-02-25_PAD2553_nigeria-livestock-productivity-and-resilience-support-project_english.pdf#:~:text=The%20key%20PDO,milk%20per%20cow%20per%20day,,,
P160865,World Bank,Nigeria,2022,PAD,outcome,,Sustainable Economic Growth,Market Efficiency,Intended,multiple,"The PDO indicators include the share of beneficiary livestock producers’ stock that is marketed and the share of target beneficiaries rating “Satisfied” or above on the process and impact of project interventions, reflecting improved commercialization and customer satisfaction.",file:///home/oai/share/2022-02-25_PAD2553_nigeria-livestock-productivity-and-resilience-support-project_english.pdf#:~:text=weight%20in%20kilograms%2C%20liters%20of,process%20and%20impact%20of%20project,FALSE,FALSE,file:///home/oai/share/2022-02-25_PAD2553_nigeria-livestock-productivity-and-resilience-support-project_english.pdf#:~:text=weight%20in%20kilograms%2C%20liters%20of,process%20and%20impact%20of%20project,,,
P160865,World Bank,Nigeria,2022,PAD,outcome,,Sustainable Economic Growth,Adoption,Intended,multiple,"The results framework tracks the number of farmers adopting climate‑smart technologies and the number adopting improved agricultural technologies, indicating adoption of enhanced practices.",file:///home/oai/share/2022-02-25_PAD2553_nigeria-livestock-productivity-and-resilience-support-project_english.pdf#:~:text=%28iii%29%20farmers%20adopting%20climate,herder%20conflicts,FALSE,FALSE,file:///home/oai/share/2022-02-25_PAD2553_nigeria-livestock-productivity-and-resilience-support-project_english.pdf#:~:text=%28iii%29%20farmers%20adopting%20climate,herder%20conflicts,,,
P160865,World Bank,Nigeria,2022,PAD,outcome,,Inclusivity & Women’s Empowerment,Community cohesion,Intended,multiple,"The project monitors the reduced incidence of resource‑based farmer‑herder conflicts and the share of beneficiaries satisfied with project interventions, indicators that capture improvements in community cohesion and social inclusion.",file:///home/oai/share/2022-02-25_PAD2553_nigeria-livestock-productivity-and-resilience-support-project_english.pdf#:~:text=%28v%29%20reduced%20incidence%20of%20resource,percent%29%3B%20and,FALSE,FALSE,file:///home/oai/share/2022-02-25_PAD2553_nigeria-livestock-productivity-and-resilience-support-project_english.pdf#:~:text=%28v%29%20reduced%20incidence%20of%20resource,percent%29%3B%20and,,,
P160865,World Bank,Nigeria,2022,PAD,outcome,,Inclusivity & Women’s Empowerment,Inclusion,Intended,multiple,"A PDO indicator counts the number of direct project beneficiaries disaggregated by sex, highlighting inclusivity and gender considerations in project participation.",file:///home/oai/share/2022-02-25_PAD2553_nigeria-livestock-productivity-and-resilience-support-project_english.pdf#:~:text=%28v%29%20reduced%20incidence%20of%20resource,disaggregated%20number,FALSE,FALSE,file:///home/oai/share/2022-02-25_PAD2553_nigeria-livestock-productivity-and-resilience-support-project_english.pdf#:~:text=%28v%29%20reduced%20incidence%20of%20resource,disaggregated%20number,,,
P167826,World Bank,Somalia,2019,PAD,objective,Develop water and agricultural services among agro‑pastoralist communities in dry‑land areas of Somalia,,,,,The proposed Project Development Objective (PDO) is to develop water and agricultural services among agro‑pastoralist communities in dry‑land areas of Somalia.,file:///home/oai/share/2019-06-04_PAD3104_somalia-water-for-agro-pastoral-productivity-and-resilience-project_english.pdf#:~:text=The%20proposed%20Project%20Development%20Objective,land%20areas%20of%20Somalia,FALSE,FALSE,file:///home/oai/share/2019-06-04_PAD3104_somalia-water-for-agro-pastoral-productivity-and-resilience-project_english.pdf#:~:text=The%20proposed%20Project%20Development%20Objective,land%20areas%20of%20Somalia,Datasheet,,
P167826,World Bank,Somalia,2019,PAD,intervention,Construction of new community water points,Rural/Public Infrastructure; Ecosystem Services; Advisory & Extension,,,unspecified,"Component 1 finances development of multiple‑use water resources, constructing new community water points such as sand and subsurface dams in dry river beds, surface water storage structures like berkads and hafir dams, semicircular bunds, soil bunds, rock catchments, and uses solar pumps to supply water for human consumption, livestock and irrigation.",file:///home/oai/share/2019-06-04_PAD3104_somalia-water-for-agro-pastoral-productivity-and-resilience-project_english.pdf,FALSE,FALSE,file:///home/oai/share/2019-06-04_PAD3104_somalia-water-for-agro-pastoral-productivity-and-resilience-project_english.pdf,,,,,
P167826,World Bank,Somalia,2019,PAD,intervention,Rehabilitation of existing community water points,Rural/Public Infrastructure; Ecosystem Services,,,unspecified,"Subcomponent 1.2 rehabilitates existing water infrastructure, including boreholes, and extends facilities to ensure multiple‑use water supply by refurbishing sand dams, berkads and other structures while integrating catchment protection and infiltration measures to increase water storage capacity and resilience to droughts.",file:///home/oai/share/2019-06-04_PAD3104_somalia-water-for-agro-pastoral-productivity-and-resilience-project_english.pdf#:~:text=Subcomponent%201,of%20droughts%20and%20climate%20change,FALSE,FALSE,file:///home/oai/share/2019-06-04_PAD3104_somalia-water-for-agro-pastoral-productivity-and-resilience-project_english.pdf#:~:text=Subcomponent%201,of%20droughts%20and%20climate%20change,,,
P167826,World Bank,Somalia,2019,PAD,intervention,National and state institutional capacity building,Policy & Regulatory; Advisory & Extension,,,unspecified,"Subcomponent 2.1 strengthens national and state institutions to plan, implement and monitor integrated agriculture and water development programs by developing construction standards, rangeland management guidelines, environmental impact assessments, engineering and hydrological studies, and providing improved extension services and data systems for farmers and pastoralists.",file:///home/oai/share/2019-06-04_PAD3104_somalia-water-for-agro-pastoral-productivity-and-resilience-project_english.pdf#:~:text=Subcomponent%202,ad%20hoc%20and%20poorly%20coordinated,FALSE,FALSE,file:///home/oai/share/2019-06-04_PAD3104_somalia-water-for-agro-pastoral-productivity-and-resilience-project_english.pdf#:~:text=Subcomponent%202,ad%20hoc%20and%20poorly%20coordinated,,,
P167826,World Bank,Somalia,2019,PAD,intervention,Community development and demand mobilization,Behavior Change & Social Programs; Advisory & Extension; Policy & Regulatory,,,unspecified,"Subcomponent 2.2 uses community dialogue to mobilize and plan water and livelihood interventions, increases awareness of proposed investments, and develops community development plans ensuring equitable representation of women and youth and sustainable resource management.",file:///home/oai/share/2019-06-04_PAD3104_somalia-water-for-agro-pastoral-productivity-and-resilience-project_english.pdf,FALSE,FALSE,file:///home/oai/share/2019-06-04_PAD3104_somalia-water-for-agro-pastoral-productivity-and-resilience-project_english.pdf,,,,,
P167826,World Bank,Somalia,2019,PAD,intervention,Integrated landscape management,Ecosystem Services; Rural/Public Infrastructure,,,unspecified,"Under Component 3, integrated landscape management activities include soil and water conservation structures, terracing, gully rehabilitation, tree planting, rotational grazing, alternative energy sources and community orchards to restore degraded land and increase resilience.",file:///home/oai/share/2019-06-04_PAD3104_somalia-water-for-agro-pastoral-productivity-and-resilience-project_english.pdf#:~:text=Based%20on%20priorities%20from%20the,38,FALSE,FALSE,file:///home/oai/share/2019-06-04_PAD3104_somalia-water-for-agro-pastoral-productivity-and-resilience-project_english.pdf#:~:text=Based%20on%20priorities%20from%20the,38,,,
P167826,World Bank,Somalia,2019,PAD,intervention,Agriculture and livestock support,Livestock Management & Technologies; Advisory & Extension; Behavior Change & Social Programs,,,multiple,"The project supports agriculture and livestock production by establishing community gardens, providing improved seeds, micro‑irrigation technologies, soil nutrient assessments, training on climate‑smart farming, fodder production, improved animal health services and kitchen gardens.",file:///home/oai/share/2019-06-04_PAD3104_somalia-water-for-agro-pastoral-productivity-and-resilience-project_english.pdf#:~:text=Subcomponent%203,smart%20farming,FALSE,FALSE,file:///home/oai/share/2019-06-04_PAD3104_somalia-water-for-agro-pastoral-productivity-and-resilience-project_english.pdf#:~:text=Subcomponent%203,smart%20farming,,,
P167826,World Bank,Somalia,2019,PAD,intervention,"Project management, M&E and CERC",Advisory & Extension; Policy & Regulatory,,,unspecified,"Component 4 supports project management units, monitoring and evaluation, knowledge management and learning systems. It establishes web‑based management information systems, uses geotagging and flood mapping, supports continuous learning and includes a Contingent Emergency Response subcomponent to reallocate funds quickly during crises.",file:///home/oai/share/2019-06-04_PAD3104_somalia-water-for-agro-pastoral-productivity-and-resilience-project_english.pdf,FALSE,FALSE,file:///home/oai/share/2019-06-04_PAD3104_somalia-water-for-agro-pastoral-productivity-and-resilience-project_english.pdf,,,,,
P167826,World Bank,Somalia,2019,PAD,outcome,,Food Security & Nutrition,Food access,Intended,unspecified,"A PDO‑level indicator measures the number of people provided with access to improved water sources, with half of them female, reflecting improved access to safe water for domestic use, livestock and irrigation.",file:///home/oai/share/2019-06-04_PAD3104_somalia-water-for-agro-pastoral-productivity-and-resilience-project_english.pdf#:~:text=The%20proposed%20Project%20Development%20Objective,number%29%20adopting%20improved;file:///home/oai/share/2019-06-04_PAD3104_somalia-water-for-agro-pastoral-productivity-and-resilience-project_english.pdf#:~:text=People%20provided%20with%20access%20to,technology%2C%20share%20of%20which%20are,FALSE,FALSE,file:///home/oai/share/2019-06-04_PAD3104_somalia-water-for-agro-pastoral-productivity-and-resilience-project_english.pdf#:~:text=The%20proposed%20Project%20Development%20Objective,number%29%20adopting%20improved;file:///home/oai/share/2019-06-04_PAD3104_somalia-water-for-agro-pastoral-productivity-and-resilience-project_english.pdf#:~:text=People%20provided%20with%20access%20to,technology%2C%20share%20of%20which%20are,
P167826,World Bank,Somalia,2019,PAD,outcome,,Sustainable Economic Growth,Adoption,Intended,unspecified,"Another PDO indicator counts farmers or clients adopting improved technology (number and percent women), capturing adoption of improved agricultural and livestock practices promoted by the project.",file:///home/oai/share/2019-06-04_PAD3104_somalia-water-for-agro-pastoral-productivity-and-resilience-project_english.pdf#:~:text=indicators%3A%20,Target%20beneficiaries%20satisfied%20with%20project;file:///home/oai/share/2019-06-04_PAD3104_somalia-water-for-agro-pastoral-productivity-and-resilience-project_english.pdf#:~:text=Farmers%2Fclients%20,percentage,FALSE,FALSE,file:///home/oai/share/2019-06-04_PAD3104_somalia-water-for-agro-pastoral-productivity-and-resilience-project_english.pdf#:~:text=indicators%3A%20,Target%20beneficiaries%20satisfied%20with%20project;file:///home/oai/share/2019-06-04_PAD3104_somalia-water-for-agro-pastoral-productivity-and-resilience-project_english.pdf#:~:text=Farmers%2Fclients%20,percentage,
P167826,World Bank,Somalia,2019,PAD,outcome,,Inclusivity & Women’s Empowerment,Community cohesion,Intended,unspecified,"The results framework includes the percentage of target beneficiaries satisfied with project investments, reflecting community perceptions and social cohesion resulting from participatory planning and equitable resource access.",file:///home/oai/share/2019-06-04_PAD3104_somalia-water-for-agro-pastoral-productivity-and-resilience-project_english.pdf#:~:text=technology%2C%20share%20of%20which%20are,indicators%20are%20presented%20in%20the;file:///home/oai/share/2019-06-04_PAD3104_somalia-water-for-agro-pastoral-productivity-and-resilience-project_english.pdf#:~:text=110%2C000,0,FALSE,FALSE,file:///home/oai/share/2019-06-04_PAD3104_somalia-water-for-agro-pastoral-productivity-and-resilience-project_english.pdf#:~:text=technology%2C%20share%20of%20which%20are,indicators%20are%20presented%20in%20the;file:///home/oai/share/2019-06-04_PAD3104_somalia-water-for-agro-pastoral-productivity-and-resilience-project_english.pdf#:~:text=110%2C000,0,
P167826,World Bank,Somalia,2019,PAD,outcome,,Resilience,Resilience,Intended,unspecified,"Intermediate results indicators track the number of improved community water points constructed or rehabilitated, aiming to strengthen community resilience to droughts and floods by improving water availability.",file:///home/oai/share/2019-06-04_PAD3104_somalia-water-for-agro-pastoral-productivity-and-resilience-project_english.pdf;file:///home/oai/share/2019-06-04_PAD3104_somalia-water-for-agro-pastoral-productivity-and-resilience-project_english.pdf#:~:text=People%20provided%20with%20access%20to,0,FALSE,FALSE,file:///home/oai/share/2019-06-04_PAD3104_somalia-water-for-agro-pastoral-productivity-and-resilience-project_english.pdf;file:///home/oai/share/2019-06-04_PAD3104_somalia-water-for-agro-pastoral-productivity-and-resilience-project_english.pdf#:~:text=People%20provided%20with%20access%20to,0,,,
P167826,World Bank,Somalia,2019,PAD,outcome,,Inclusivity & Women’s Empowerment,Women’s empowerment,Intended,unspecified,"Indicators measure the number of Project Implementation Units established and functioning with 50 percent female staff, the number of community management systems established, the number of PIU members trained (male and female) and the percentage of farmers/clients reached with agricultural services who are women.",file:///home/oai/share/2019-06-04_PAD3104_somalia-water-for-agro-pastoral-productivity-and-resilience-project_english.pdf#:~:text=Subcomponent%202,extension%20to%20farmers%20and%20pastoralists;file:///home/oai/share/2019-06-04_PAD3104_somalia-water-for-agro-pastoral-productivity-and-resilience-project_english.pdf#:~:text=Number%20of%20PIUs%20established%20under,0,FALSE,FALSE,file:///home/oai/share/2019-06-04_PAD3104_somalia-water-for-agro-pastoral-productivity-and-resilience-project_english.pdf#:~:text=Subcomponent%202,extension%20to%20farmers%20and%20pastoralists;file:///home/oai/share/2019-06-04_PAD3104_somalia-water-for-agro-pastoral-productivity-and-resilience-project_english.pdf#:~:text=Number%20of%20PIUs%20established%20under,0,
P177627,World Bank,Somalia,2022,PAD,objective,"Develop water, agriculture, and environmental services for rural communities in Somalia’s drylands",,,,,"The PDO is to develop water, agriculture, and environmental services for rural communities in Somalia’s drylands.",file:///home/oai/share/2022-11-16_PAD4925_somalia-barwaaqo-somalia-water-for-rural-resilience-project_english.pdf#:~:text=A,PDO%20Level%20Indicators,FALSE,FALSE,file:///home/oai/share/2022-11-16_PAD4925_somalia-barwaaqo-somalia-water-for-rural-resilience-project_english.pdf#:~:text=A,PDO%20Level%20Indicators,Datasheet,,
P177627,World Bank,Somalia,2022,PAD,intervention,Development of multiuse water sources,Rural/Public Infrastructure; Ecosystem Services; Policy & Regulatory; Advisory & Extension,,,unspecified,"Component 1 constructs climate‑resilient multiuse water infrastructure such as sand and subsurface dams, surface storage structures (berkads, hafir dams, balleys) and boreholes; uses solar pumps and gravity‑fed systems; and integrates catchment protection and climate‑resilience measures to provide water for domestic use, farming and livestock. It also provides institutional and capacity development for water service institutions, including water sharing agreements, site selection tools and O&M guidelines, and pilots innovative decision support tools.",file:///home/oai/share/2022-11-16_PAD4925_somalia-barwaaqo-somalia-water-for-rural-resilience-project_english.pdf;file:///home/oai/share/2022-11-16_PAD4925_somalia-barwaaqo-somalia-water-for-rural-resilience-project_english.pdf#:~:text=equivalent%29%2022,infrastructure%20investments%20will%20enhance%20the;file:///home/oai/share/2022-11-16_PAD4925_somalia-barwaaqo-somalia-water-for-rural-resilience-project_english.pdf,FALSE,FALSE,file:///home/oai/share/2022-11-16_PAD4925_somalia-barwaaqo-somalia-water-for-rural-resilience-project_english.pdf;file:///home/oai/share/2022-11-16_PAD4925_somalia-barwaaqo-somalia-water-for-rural-resilience-project_english.pdf#:~:text=equivalent%29%2022,infrastructure%20investments%20will%20enhance%20the;file:///home/oai/share/2022-11-16_PAD4925_somalia-barwaaqo-somalia-water-for-rural-resilience-project_english.pdf,,,
P177627,World Bank,Somalia,2022,PAD,intervention,Sustainable farming production and development,Crop Management & Technology; Advisory & Extension; Behavior Change & Social Programs,,,unspecified,"Subcomponent 2.1 introduces technologies, innovations and management practices (TIMPs) to improve water use efficiency and climate‑smart agriculture, such as micro‑irrigation systems, drought‑tolerant seeds, balanced soil fertility management, integrated pest management, conservation agriculture and solar pumping. It mobilizes farmers into Common Interest Groups and Farmer Producer Organizations with emphasis on female‑led groups, establishes demonstration plots and farmer field schools, and provides micro‑project grants for irrigation development, sustainable land management, vulnerable groups and nutrition mainstreaming.",file:///home/oai/share/2022-11-16_PAD4925_somalia-barwaaqo-somalia-water-for-rural-resilience-project_english.pdf,FALSE,FALSE,file:///home/oai/share/2022-11-16_PAD4925_somalia-barwaaqo-somalia-water-for-rural-resilience-project_english.pdf,,,,,
P177627,World Bank,Somalia,2022,PAD,intervention,Sustainable livestock production and development,Livestock Management & Technologies; Advisory & Extension; Behavior Change & Social Programs,,,cattle; small ruminants; dairy,"Subcomponent 2.2 supports pastoralist communities with improved grazing management, climate‑smart livestock production assets, extension services and female‑targeted training. It trains female extension agents and veterinarians, forms inclusive cooperatives and self‑help groups, establishes pastoralist field schools, and provides micro‑project grants for improved drought‑tolerant breeds, dairy farming, animal finishing, fodder production, animal health and disease control.",file:///home/oai/share/2022-11-16_PAD4925_somalia-barwaaqo-somalia-water-for-rural-resilience-project_english.pdf,FALSE,FALSE,file:///home/oai/share/2022-11-16_PAD4925_somalia-barwaaqo-somalia-water-for-rural-resilience-project_english.pdf,,,,,
P177627,World Bank,Somalia,2022,PAD,intervention,Agricultural and livestock extension ecosystem and digital agriculture,Advisory & Extension; Technology & R&D; Policy & Regulatory; Markets & Finance; Behavior Change & Social Programs,,,unspecified,"Subcomponent 2.3 builds a coherent agriculture and livestock extension ecosystem by combining public, private and community‑led services, linking research to extension, and supporting digital agriculture. It pilots geo‑tagged farmer registration, digital delivery of priority TIMPs, e‑extension services, solar‑powered irrigation systems, access to finance and market information, and targeted support for women and youth as e‑extension providers.",file:///home/oai/share/2022-11-16_PAD4925_somalia-barwaaqo-somalia-water-for-rural-resilience-project_english.pdf,FALSE,FALSE,file:///home/oai/share/2022-11-16_PAD4925_somalia-barwaaqo-somalia-water-for-rural-resilience-project_english.pdf,,,,,
P177627,World Bank,Somalia,2022,PAD,intervention,Environmental catchment services and rangeland restoration,Ecosystem Services; Forestry Management & Technologies,,,unspecified,"Component 3 restores ecosystems and enhances resilience to extreme climate events. It promotes rangeland restoration, sustainable land management, vegetation cover and riverbank protection, invests in water harvesting and soil conservation, and strengthens the capacity of environmental institutions, aiming to increase vegetation cover, improve soil moisture and mitigate drought and flood impacts.",file:///home/oai/share/2022-11-16_PAD4925_somalia-barwaaqo-somalia-water-for-rural-resilience-project_english.pdf,FALSE,FALSE,file:///home/oai/share/2022-11-16_PAD4925_somalia-barwaaqo-somalia-water-for-rural-resilience-project_english.pdf,,,,,
P177627,World Bank,Somalia,2022,PAD,intervention,"Project management, community development and livelihoods planning",Policy & Regulatory; Advisory & Extension; Behavior Change & Social Programs,,,unspecified,"Component 4 integrates project management with community development and livelihood planning, supporting institutional strengthening, participatory planning, capacity development and livelihood strategies to ensure that water, agriculture and environmental services translate into sustainable livelihoods and resilience.",file:///home/oai/share/2022-11-16_PAD4925_somalia-barwaaqo-somalia-water-for-rural-resilience-project_english.pdf#:~:text=of%20Multiuse%20Water%20Sources%3B%20,Development%20and%20Enhancing%20Livelihoods%20Planning,FALSE,FALSE,file:///home/oai/share/2022-11-16_PAD4925_somalia-barwaaqo-somalia-water-for-rural-resilience-project_english.pdf#:~:text=of%20Multiuse%20Water%20Sources%3B%20,Development%20and%20Enhancing%20Livelihoods%20Planning,,,
P177627,World Bank,Somalia,2022,PAD,outcome,,Food Security & Nutrition,Food access,Intended,unspecified,"One PDO‑level indicator measures the number of people provided with access to improved water sources (with the proportion of females), signifying improved access to safe water for households, livestock and irrigation.",file:///home/oai/share/2022-11-16_PAD4925_somalia-barwaaqo-somalia-water-for-rural-resilience-project_english.pdf#:~:text=To%20develop%20water%2C%20agriculture%2C%20and,%E2%80%A2,FALSE,FALSE,file:///home/oai/share/2022-11-16_PAD4925_somalia-barwaaqo-somalia-water-for-rural-resilience-project_english.pdf#:~:text=To%20develop%20water%2C%20agriculture%2C%20and,%E2%80%A2,,,
P177627,World Bank,Somalia,2022,PAD,outcome,,Sustainable Economic Growth,Adoption,Intended,unspecified,"Another PDO indicator counts farmers adopting improved agricultural technology, with a separate count for female farmers, measuring adoption of climate‑smart agricultural practices facilitated by the project.",file:///home/oai/share/2022-11-16_PAD4925_somalia-barwaaqo-somalia-water-for-rural-resilience-project_english.pdf#:~:text=Farmers%20adopting%20improved%20agricultural%20technology,%E2%80%A2,FALSE,FALSE,file:///home/oai/share/2022-11-16_PAD4925_somalia-barwaaqo-somalia-water-for-rural-resilience-project_english.pdf#:~:text=Farmers%20adopting%20improved%20agricultural%20technology,%E2%80%A2,,,
P177627,World Bank,Somalia,2022,PAD,outcome,,Environmental Sustainability,Soil health and land use change,Intended,unspecified,"A PDO‑level indicator tracks the land area under sustainable landscape management practices (hectares), reflecting adoption of sustainable land management and catchment restoration activities.",file:///home/oai/share/2022-11-16_PAD4925_somalia-barwaaqo-somalia-water-for-rural-resilience-project_english.pdf#:~:text=Land%20area%20,18,FALSE,FALSE,file:///home/oai/share/2022-11-16_PAD4925_somalia-barwaaqo-somalia-water-for-rural-resilience-project_english.pdf#:~:text=Land%20area%20,18,,,
P177627,World Bank,Somalia,2022,PAD,outcome,,Inclusivity & Women’s Empowerment,Women’s empowerment,Intended,unspecified,"The project’s implementation strategy and indicators emphasize women’s employment in technical and managerial roles in water and agriculture institutions and participation in Common Interest Groups and field schools, highlighting efforts to increase women’s empowerment and inclusion.",file:///home/oai/share/2022-11-16_PAD4925_somalia-barwaaqo-somalia-water-for-rural-resilience-project_english.pdf#:~:text=in%20the%20%E2%80%98Lessons%20Learned%E2%80%99%20section,participating%20water%20and%20agriculture%20institutions;file:///home/oai/share/2022-11-16_PAD4925_somalia-barwaaqo-somalia-water-for-rural-resilience-project_english.pdf,FALSE,FALSE,file:///home/oai/share/2022-11-16_PAD4925_somalia-barwaaqo-somalia-water-for-rural-resilience-project_english.pdf#:~:text=in%20the%20%E2%80%98Lessons%20Learned%E2%80%99%20section,participating%20water%20and%20agriculture%20institutions;file:///home/oai/share/2022-11-16_PAD4925_somalia-barwaaqo-somalia-water-for-rural-resilience-project_english.pdf,,,
P157997,World Bank,Afghanistan,2016,PID,objective,Promote adoption of improved production practices by target farmers with gradual rollout of farmer-centric agricultural service systems and investment support,,,,,"The original Project Development Objective is to promote adoption of improved production practices by target farmers, with gradual rollout of farmer-centric agricultural services systems and investment support.",file:///home/oai/share/2016-05-12_PIDISDSA16813_appraisal-project-information-document-integrated-safeguards-data-sheet-national-horticulture-and-livestock-project-nhlp_english.pdf#:~:text=C,services%20systems%20and%20investment%20support,FALSE,FALSE,file:///home/oai/share/2016-05-12_PIDISDSA16813_appraisal-project-information-document-integrated-safeguards-data-sheet-national-horticulture-and-livestock-project-nhlp_english.pdf#:~:text=C,services%20systems%20and%20investment%20support,Datasheet,,
P157997,World Bank,Afghanistan,2016,PID,intervention,Improved animal health service delivery,Public Health; Livestock Management & Technologies; Policy & Regulatory,,,multiple,"Subcomponent 2.a of the Animal Production and Health component ensures that the government assumes responsibility for the Sanitary Mandate Contracting Scheme and establishes National Animal Disease Control Programs, starting with brucellosis and expanding to foot‑and‑mouth disease and Peste des Petits Ruminants. It strengthens veterinary services and supports a public‑private partnership for the Afghanistan Vaccine Production Laboratory to increase vaccine production.",file:///home/oai/share/2016-05-12_PIDISDSA16813_appraisal-project-information-document-integrated-safeguards-data-sheet-national-horticulture-and-livestock-project-nhlp_english.pdf#:~:text=Omid%20Bahar%20fruit%20juice%20company,others%20who%20offer%20better%20prices,FALSE,FALSE,file:///home/oai/share/2016-05-12_PIDISDSA16813_appraisal-project-information-document-integrated-safeguards-data-sheet-national-horticulture-and-livestock-project-nhlp_english.pdf#:~:text=Omid%20Bahar%20fruit%20juice%20company,others%20who%20offer%20better%20prices,,,
P157997,World Bank,Afghanistan,2016,PID,intervention,Improved animal production through investment packages,Livestock Management & Technologies; Food Processing & Storage; Markets & Finance; Behavior Change & Social Programs; Public Health,,,multiple,"Subcomponent 2.b finances 400 investment packages for the livestock sector covering poultry development (testing productive breeds, introducing concentrated feeds and thermostable Newcastle Disease vaccines, semi‑commercial layer and broiler packages benefiting 30,000 women with 30‑bird packages and 5,000 women with 100‑bird packages), fish farming and aquaculture expansion through pilot enterprises and fingerling supply, dairy development supporting peri‑urban producer groups and milk collection centers, beekeeping support for 500 farmers, and improvements to small ruminant production through vaccination, supplementary feeding, rangeland management, and fodder banks.",,FALSE,FALSE,,,,,,
P157997,World Bank,Afghanistan,2016,PID,intervention,Improved market access and value addition for livestock products,Markets & Finance; Food Processing & Storage; Rural/Public Infrastructure; Behavior Change & Social Programs,,,multiple,"Subcomponent 2.c promotes the vaccine value chain through training and information campaigns, supports private poultry input and service delivery networks, develops marketing infrastructure for fish farming and beekeeping (cold chain, slaughter and packaging facilities), strengthens dairy value chains through quality control, milk collection and cooling systems, and develops collaborative frameworks for small ruminant marketing with improved finishing and supplementary feeding.",file:///home/oai/share/2016-05-12_PIDISDSA16813_appraisal-project-information-document-integrated-safeguards-data-sheet-national-horticulture-and-livestock-project-nhlp_english.pdf#:~:text=Page%208%20of%2017,FALSE,FALSE,file:///home/oai/share/2016-05-12_PIDISDSA16813_appraisal-project-information-document-integrated-safeguards-data-sheet-national-horticulture-and-livestock-project-nhlp_english.pdf#:~:text=Page%208%20of%2017,,,,,
P157997,World Bank,Afghanistan,2016,PID,intervention,Implementation management and technical assistance support,Advisory & Extension; Policy & Regulatory; Behavior Change & Social Programs,,,unspecified,"Component 3 supports implementation management at national and regional levels, providing technical assistance for management, procurement, financial management, monitoring and evaluation, communication, capacity building of the Ministry of Agriculture, Irrigation and Livestock (MAIL), and coordination with donors, ensuring decentralized service delivery systems.",file:///home/oai/share/2016-05-12_PIDISDSA16813_appraisal-project-information-document-integrated-safeguards-data-sheet-national-horticulture-and-livestock-project-nhlp_english.pdf#:~:text=Component%203,45%20million,FALSE,FALSE,file:///home/oai/share/2016-05-12_PIDISDSA16813_appraisal-project-information-document-integrated-safeguards-data-sheet-national-horticulture-and-livestock-project-nhlp_english.pdf#:~:text=Component%203,45%20million,,,
P157997,World Bank,Afghanistan,2016,PID,outcome,,Sustainable Economic Growth,Adoption,Intended,multiple,"Over 300,000 farmers and herders will directly benefit from improved production and post‑harvest practices through a strengthened extension and learning network, increased delivery capacity of MAIL and support to develop policies and strategies.",file:///home/oai/share/2016-05-12_PIDISDSA16813_appraisal-project-information-document-integrated-safeguards-data-sheet-national-horticulture-and-livestock-project-nhlp_english.pdf#:~:text=Key%20Results%20Over%20300%2C000%20farmers,Over%201%2C000%20productive,FALSE,FALSE,file:///home/oai/share/2016-05-12_PIDISDSA16813_appraisal-project-information-document-integrated-safeguards-data-sheet-national-horticulture-and-livestock-project-nhlp_english.pdf#:~:text=Key%20Results%20Over%20300%2C000%20farmers,Over%201%2C000%20productive,,,
P157997,World Bank,Afghanistan,2016,PID,outcome,,Sustainable Economic Growth,Adoption,Intended,multiple,"The additional financing plans to develop 1,000 productive investment packages for farmers and herders, including orchards, post‑harvesting facilities, improved water use efficiency, fish ponds, backyard poultry keeping, improved animal health, and productivity enhancements, indicating adoption of improved technologies.",file:///home/oai/share/2016-05-12_PIDISDSA16813_appraisal-project-information-document-integrated-safeguards-data-sheet-national-horticulture-and-livestock-project-nhlp_english.pdf#:~:text=1%2C000%20productive%20investment%20packages%20will,and%20herders%2C%20consisting%20of%20new,FALSE,FALSE,file:///home/oai/share/2016-05-12_PIDISDSA16813_appraisal-project-information-document-integrated-safeguards-data-sheet-national-horticulture-and-livestock-project-nhlp_english.pdf#:~:text=1%2C000%20productive%20investment%20packages%20will,and%20herders%2C%20consisting%20of%20new,,,
P157997,World Bank,Afghanistan,2016,PID,outcome,,Inclusivity & Women’s Empowerment,Women’s empowerment,Intended,poultry,"The poultry development program will continue semi‑commercial layer and broiler production packages, benefiting 30,000 women with 30‑bird packages and 5,000 women with 100‑bird packages, supporting women’s economic empowerment in livestock activities.",file:///home/oai/share/2016-05-12_PIDISDSA16813_appraisal-project-information-document-integrated-safeguards-data-sheet-national-horticulture-and-livestock-project-nhlp_english.pdf#:~:text=parallel%20with%2030%2C000%20women%20benefitting,5%2C000%20from%20the%20100%20birds,FALSE,FALSE,file:///home/oai/share/2016-05-12_PIDISDSA16813_appraisal-project-information-document-integrated-safeguards-data-sheet-national-horticulture-and-livestock-project-nhlp_english.pdf#:~:text=parallel%20with%2030%2C000%20women%20benefitting,5%2C000%20from%20the%20100%20birds,,,
P157997,World Bank,Afghanistan,2016,PID,outcome,,Resilience,Animal disease control,Intended,small ruminants; poultry,"The promotion of vaccination and the vaccine value‑chain aims to reduce mortality of small ruminants from 25 percent to at least 10 percent and village poultry mortality from more than 50 percent to 20–25 percent, reflecting improved animal health outcomes.",file:///home/oai/share/2016-05-12_PIDISDSA16813_appraisal-project-information-document-integrated-safeguards-data-sheet-national-horticulture-and-livestock-project-nhlp_english.pdf#:~:text=that%20mortality%20of%20small%20ruminants,from%20more%20than%2050%20percent,FALSE,FALSE,file:///home/oai/share/2016-05-12_PIDISDSA16813_appraisal-project-information-document-integrated-safeguards-data-sheet-national-horticulture-and-livestock-project-nhlp_english.pdf#:~:text=that%20mortality%20of%20small%20ruminants,from%20more%20than%2050%20percent,,,
P151058,World Bank,Mauritania,2016,PAD,objective,Support the development of a seafood cluster in Nouadhibou that promotes sustainable management of fisheries and generates value for the communities,,,,,"The project’s objective is to support the development of a seafood cluster in Nouadhibou that promotes sustainable management of fisheries and generates value for the communities, ensuring that fish landed in Nouadhibou originates from sustainably managed fisheries and that post‑harvest processing minimizes pollution.",file:///home/oai/share/2016-03-03_PAD1201_mauritania-nouadhibou-eco-seafood-cluster-project_english.pdf#:~:text=II,landings%20in%20Nouadhibou%20and%20to;file:///home/oai/share/2016-03-03_PAD1201_mauritania-nouadhibou-eco-seafood-cluster-project_english.pdf#:~:text=The%20objective%20of%20the%20proposed,To%20this%20end%2C%20ANZF%20must,FALSE,FALSE,file:///home/oai/share/2016-03-03_PAD1201_mauritania-nouadhibou-eco-seafood-cluster-project_english.pdf#:~:text=II,landings%20in%20Nouadhibou%20and%20to;file:///home/oai/share/2016-03-03_PAD1201_mauritania-nouadhibou-eco-seafood-cluster-project_english.pdf#:~:text=The%20objective%20of%20the%20proposed,To%20this%20end%2C%20ANZF%20must,Datasheet
P151058,World Bank,Mauritania,2016,PAD,intervention,Promoting public‑private dialogue and cluster vision (Subcomponent 1.1),Policy & Regulatory; Markets & Finance; Advisory & Extension,,,fish,"Subcomponent 1.1 fosters a public‑private dialogue to develop a holistic vision for a sustainable seafood cluster in Nouadhibou, clarifying concepts such as sustainability of fish resources, rights and responsibilities, inclusiveness, transparency and competitiveness. It finances consultants’ services and stakeholder training to design a cluster strategy, identify target value chains, prepare master and investment plans, and develop legal and institutional frameworks and tools such as geographic information systems and M&E for the cluster.",file:///home/oai/share/2016-03-03_PAD1201_mauritania-nouadhibou-eco-seafood-cluster-project_english.pdf#:~:text=implementation%20of%20the%20fisheries%20management,Seafood%20Cluster%20%28NESC;file:///home/oai/share/2016-03-03_PAD1201_mauritania-nouadhibou-eco-seafood-cluster-project_english.pdf#:~:text=training%20of%20stakeholders%20with%20a,for%20the%20formal,FALSE,FALSE,file:///home/oai/share/2016-03-03_PAD1201_mauritania-nouadhibou-eco-seafood-cluster-project_english.pdf#:~:text=implementation%20of%20the%20fisheries%20management,Seafood%20Cluster%20%28NESC;file:///home/oai/share/2016-03-03_PAD1201_mauritania-nouadhibou-eco-seafood-cluster-project_english.pdf#:~:text=training%20of%20stakeholders%20with%20a,for%20the%20formal,
P151058,World Bank,Mauritania,2016,PAD,intervention,Improving investment climate and PPP framework (Subcomponent 1.1 thematic areas),Policy & Regulatory; Markets & Finance,,,fish,"Within Subcomponent 1.1, the project addresses nationwide thematic areas critical to the cluster’s development by improving the investment climate and establishing a public‑private partnership framework. It provides technical assistance to the Nouadhibou Free Zone Authority and Ministry of Economy and Finance to develop legal and regulatory frameworks and reduces investment restrictions, supports public‑private dialogue processes and promotes reforms to foster responsible private investment in the fisheries sector.",file:///home/oai/share/2016-03-03_PAD1201_mauritania-nouadhibou-eco-seafood-cluster-project_english.pdf#:~:text=Meanwhile%2C%20this%20subcomponent%20will%20address,an%20institutional%20mechanism%20for%20identifying;file:///home/oai/share/2016-03-03_PAD1201_mauritania-nouadhibou-eco-seafood-cluster-project_english.pdf#:~:text=structuring%2C%20and%20executing%20PPP%20transactions,in%20investment%20restrictions%20and%20procedures,FALSE,FALSE,file:///home/oai/share/2016-03-03_PAD1201_mauritania-nouadhibou-eco-seafood-cluster-project_english.pdf#:~:text=Meanwhile%2C%20this%20subcomponent%20will%20address,an%20institutional%20mechanism%20for%20identifying;file:///home/oai/share/2016-03-03_PAD1201_mauritania-nouadhibou-eco-seafood-cluster-project_english.pdf#:~:text=structuring%2C%20and%20executing%20PPP%20transactions,in%20investment%20restrictions%20and%20procedures,
P151058,World Bank,Mauritania,2016,PAD,intervention,Generating responsible investments (Subcomponent 1.2),Markets & Finance; Policy & Regulatory,,,fish,"Subcomponent 1.2 carries out activities to build implementation capacity of Nouadhibou Free Zone stakeholders and to attract responsible private investors through public‑private partnerships. It promotes investment opportunities in the seafood cluster, ensuring that fisheries management plans and total allowable catch regulations are integrated into cluster design and that private participation supports sustainable fisheries.",file:///home/oai/share/2016-03-03_PAD1201_mauritania-nouadhibou-eco-seafood-cluster-project_english.pdf#:~:text=Subcomponent%201,Thus%20the,FALSE,FALSE,file:///home/oai/share/2016-03-03_PAD1201_mauritania-nouadhibou-eco-seafood-cluster-project_english.pdf#:~:text=Subcomponent%201,Thus%20the,,,
P151058,World Bank,Mauritania,2016,PAD,intervention,Improving fish landing and export infrastructure (Subcomponent 2.1),Rural/Public Infrastructure; Food Processing & Storage; Markets & Finance,,,fish,"Subcomponent 2.1 aims to improve fish landing and export infrastructure by enhancing operational efficiency at the commercial port (PAN) and the artisanal and coastal fishing port (EPBR), constructing a refrigerated warehouse at Nouadhibou International Airport, and providing technical assistance to modernize trade services and increase fresh fish exports. These investments improve handling of landed fish, reduce post‑harvest losses and facilitate trade.",file:///home/oai/share/2016-03-03_PAD1201_mauritania-nouadhibou-eco-seafood-cluster-project_english.pdf,FALSE,FALSE,file:///home/oai/share/2016-03-03_PAD1201_mauritania-nouadhibou-eco-seafood-cluster-project_english.pdf,,,,,
P151058,World Bank,Mauritania,2016,PAD,intervention,Building local suppliers’ and vulnerable groups’ capacities (Subcomponent 2.2),Behavior Change & Social Programs; Advisory & Extension; Markets & Finance,,,fish,"Subcomponent 2.2 strengthens the capacity of small‑scale fishers, women, less‑educated and marginalized populations to participate in the seafood value chains by promoting acceptance of fisheries management plans, providing training and capacity building, and improving post‑harvest fish handling. It ensures inclusive participation in the cluster and aims to increase incomes of those engaged in post‑harvest activities.",file:///home/oai/share/2016-03-03_PAD1201_mauritania-nouadhibou-eco-seafood-cluster-project_english.pdf#:~:text=capacities%20to%20capture%20greater%20benefits,well%20as%20the%20capacity%20for,FALSE,FALSE,file:///home/oai/share/2016-03-03_PAD1201_mauritania-nouadhibou-eco-seafood-cluster-project_english.pdf#:~:text=capacities%20to%20capture%20greater%20benefits,well%20as%20the%20capacity%20for,,,
P151058,World Bank,Mauritania,2016,PAD,outcome,,Sustainable Economic Growth,Market Efficiency,Intended,fish,"PDO‑level results indicators include investments generated from responsible investors and increases in the volume of fresh fish exports, capturing improvements in market efficiency and commercialization.",file:///home/oai/share/2016-03-03_PAD1201_mauritania-nouadhibou-eco-seafood-cluster-project_english.pdf#:~:text=Project%20development%20objective%20,responsible%20investors%20complying%20with%20the,FALSE,FALSE,file:///home/oai/share/2016-03-03_PAD1201_mauritania-nouadhibou-eco-seafood-cluster-project_english.pdf#:~:text=Project%20development%20objective%20,responsible%20investors%20complying%20with%20the,,,
P151058,World Bank,Mauritania,2016,PAD,outcome,,Inclusivity & Women’s Empowerment,Inclusion,Intended,fish,"The PDO indicators include the number of direct project beneficiaries and the proportion of female beneficiaries, highlighting inclusivity and the participation of women in the seafood sector.",file:///home/oai/share/2016-03-03_PAD1201_mauritania-nouadhibou-eco-seafood-cluster-project_english.pdf#:~:text=direct%20project%20beneficiaries%20and%20proportion,value%20generated%20for%20the%20local,FALSE,FALSE,file:///home/oai/share/2016-03-03_PAD1201_mauritania-nouadhibou-eco-seafood-cluster-project_english.pdf#:~:text=direct%20project%20beneficiaries%20and%20proportion,value%20generated%20for%20the%20local,,,
P160865,World Bank,Nigeria,2021,PID,objective,Improve productivity and commercialization of targeted livestock production systems and strengthen the resilience of livelihoods affected by farmer-herder conflicts,,,,PID sets the development objective to improve productivity and commercialization of targeted livestock production systems and strengthen the resilience of livelihoods affected by farmer-herder conflicts.,file:///home/oai/share/2022-01-19_PIDISDSA23077_project-information-document-integrated-safeguards-data-sheet-livestock-productivity-and-resilience-support-project-p160_english.pdf#:~:text=Proposed%20Development%20Objective,FALSE,TRUE,file:///home/oai/share/2022-01-19_PIDISDSA23077_project-information-document-integrated-safeguards-data-sheet-livestock-productivity-and-resilience-support-project-p160_english.pdf#:~:text=Proposed%20Development%20Objective,PID Datasheet,,,,,
P167826,World Bank,Somalia,2019,PID,objective,Develop water and agricultural services among agro‑pastoralist communities in dryland areas of Somalia,,,,The PID states that the objective is to develop water and agricultural services among agro-pastoralist communities in dryland areas of Somalia.,file:///home/oai/share/2019-06-21_PIDISDSA26535_project-information-document-integrated-safeguards-data-sheet-somalia-water-for-agro-pastoral-productivity-and-resilienc_english.pdf#:~:text=Proposed%20Development%20Objective,FALSE,TRUE,file:///home/oai/share/2019-06-21_PIDISDSA26535_project-information-document-integrated-safeguards-data-sheet-somalia-water-for-agro-pastoral-productivity-and-resilienc_english.pdf#:~:text=Proposed%20Development%20Objective,PID Datasheet,,,,,
P164602,World Bank,Brazil,2017,PID,objective,Increase landholders’ implementation of Forest Code and low-carbon agriculture,,,,multiple,"assist landholders in implementing the Forest Code (Law 12,651/2012) and promote low carbon emissions agriculture technologies, recovery of degraded pastureland and implementation of integrated crop‑livestock‑forestry systems under the Low Carbon Emissions Agriculture Plan in selected municipalities",file:///home/oai/share/2017-09-21_NO-REPNB_concept-project-information-document-integrated-safeguards-data-sheet-fip-brazil-investment-plan-integrated-landscape-ma_english.pdf#:~:text=C,FALSE,Datasheet,PDO,,,,,
P164602,World Bank,Brazil,2017,PID,intervention,Integrated landscape approach through capacity building and environmental cadastral mapping,Advisory and Extension,,,multiple,"The component includes training for landholders and local institutions, collection of environmental cadastral data, preparation of thematic maps and communication campaigns, and preparation of landscape plans.",file:///home/oai/share/2017-09-21_NO-REPNB_concept-project-information-document-integrated-safeguards-data-sheet-fip-brazil-investment-plan-integrated-landscape-ma_english.pdf#:~:text=C,FALSE,Component 1,Integrated landscape approach,,,,,
P164602,World Bank,Brazil,2017,PID,intervention,On-farm mainstreaming: recovery of degraded pastures and ABC technologies,Livestock Management & Technologies,,,multiple,"On‑Farm Landscape Mainstreaming includes recovery of degraded pastures, training of field technicians in ABC technologies, establishment of demonstration units, seed warehouses and technical assistance for integrated crop‑livestock‑forestry systems.",file:///home/oai/share/2017-09-21_NO-REPNB_concept-project-information-document-integrated-safeguards-data-sheet-fip-brazil-investment-plan-integrated-landscape-ma_english.pdf#:~:text=C,FALSE,Component 2,On‑Farm Landscape Mainstreaming,,,,,
P164602,World Bank,Brazil,2017,PID,intervention,"Project management, monitoring and evaluation",Policy & Regulatory,,,unspecified,"The project management component includes technical coordination, financial management, training and monitoring and evaluation of project activities.",file:///home/oai/share/2017-09-21_NO-REPNB_concept-project-information-document-integrated-safeguards-data-sheet-fip-brazil-investment-plan-integrated-landscape-ma_english.pdf#:~:text=Theme%3A%20GHG%20emission%20reduction%20or,as%20result%20of%20the%20Project,FALSE,Component 3,Project management,,,,
P164602,World Bank,Brazil,2017,PID,outcome,Land area adopting low‑carbon agriculture technologies,Environmental Sustainability,Reduced emissions and improved land management,Intended,multiple,"Key results include land area where low‑carbon agriculture technologies were adopted and number of landholders supported to adopt ABC technologies, as well as landholdings registering environmental liabilities and implementing restoration of degraded areas.",file:///home/oai/share/2017-09-21_NO-REPNB_concept-project-information-document-integrated-safeguards-data-sheet-fip-brazil-investment-plan-integrated-landscape-ma_english.pdf#:~:text=Theme%3A%20GHG%20emission%20reduction%20or,as%20result%20of%20the%20Project,FALSE,Results Framework,Indicators,,,,
P164602,World Bank,Brazil,2017,PID,outcome,Training and registration indicators,Inclusivity & Women’s Empowerment,Knowledge increase and institutional capacity,Intended,unspecified,"Results indicators cover the number of people attending training, land registered in environmental cadastre, and institutions receiving capacity building support.",file:///home/oai/share/2017-09-21_NO-REPNB_concept-project-information-document-integrated-safeguards-data-sheet-fip-brazil-investment-plan-integrated-landscape-ma_english.pdf#:~:text=Theme%3A%20GHG%20emission%20reduction%20or,as%20result%20of%20the%20Project,FALSE,Results Framework,Indicators,,,,
P167946,World Bank,Jordan,2022,PID,objective,Strengthen climate resilience and enabling environment for agriculture development,,,,unspecified,Program Development Objective: to strengthen the climate resilience and enabling environment for agriculture development in selected value chains in Jordan.,file:///home/oai/share/2022-05-21_NO-REPNB_appraisal-stage-program-information-document-pid-agriculture-resilience-valuechain-development-and-innovation-ardi-progr_english.pdf#:~:text=reflected%20by%20the%20program%20in,ii%29%20competitiveness%20and%20exports,FALSE,Datasheet,PDO,,,,
P167946,World Bank,Jordan,2022,PID,intervention,Policy reforms to enhance climate resilience and competitiveness,Policy & Regulatory,,,unspecified,Results areas include: supporting reforms to strengthen the resilience of agricultural production systems and improving competitiveness and export opportunities by strengthening the enabling environment for agribusiness and addressing on-/off‑farm constraints.,file:///home/oai/share/2022-05-21_NO-REPNB_appraisal-stage-program-information-document-pid-agriculture-resilience-valuechain-development-and-innovation-ardi-progr_english.pdf#:~:text=reflected%20by%20the%20program%20in,ii%29%20competitiveness%20and%20exports,TRUE,Results Areas,Result Areas 1 & 2,,,,
P167946,World Bank,Jordan,2022,PID,outcome,Improved competitiveness and resilience of agriculture,Sustainable Economic Growth,Productivity and competitiveness,Intended,unspecified,The results framework aims to strengthen climate resilience and sustainability of agriculture and to improve competitiveness and export by addressing enabling environment and production constraints.,file:///home/oai/share/2022-05-21_NO-REPNB_appraisal-stage-program-information-document-pid-agriculture-resilience-valuechain-development-and-innovation-ardi-progr_english.pdf#:~:text=reflected%20by%20the%20program%20in,ii%29%20competitiveness%20and%20exports,TRUE,Results Areas,Result Areas 1 & 2,,,,
P174318,World Bank,Afghanistan,2016,PID/ISDS,objective,Promote adoption of improved production practices by target farmers,,,,multiple,"The Development Objective of the Project is to promote adoption of improved production practices by target farmers, with gradual rollout of farmer-centric agricultural services systems and investment support.",file:///home/oai/share/2016-05-12_PIDISDSA16813_appraisal-project-information-document-integrated-safeguards-data-sheet-national-horticulture-and-livestock-project-nhlp_english.pdf#:~:text=C,services%20systems%20and%20investment%20support,FALSE,Datasheet,PDO,,,,
P174318,World Bank,Afghanistan,2016,PID/ISDS,intervention,"Horticulture extension, farmer field schools and investment packages",Advisory and Extension,,,multiple,"Farmers are organized into common-interest groups and farmer field schools; Farmer Learning & Resource Centers are established; training covers orchard management, IPM, intercropping, vegetable production and water management. Investment packages support rehabilitating orchards, new orchards, vegetable and fruit production, kitchen gardening, saffron demonstrations and women-focused activities such as vegetable processing and mushroom production.",file:///home/oai/share/2016-05-12_PIDISDSA16813_appraisal-project-information-document-integrated-safeguards-data-sheet-national-horticulture-and-livestock-project-nhlp_english.pdf#:~:text=producers%E2%9E%A2%E2%9D%A8%20%20incomes%20through%20the,To%20do%20thisfile:///home/oai/share/2016-05-12_PIDISDSA16813_appraisal-project-information-document-integrated-safeguards-data-sheet-national-horticulture-and-livestock-project-nhlp_english.pdf#:~:text=Subcomponent%201,fruit%20production%2C%20kitchen%20gardening%2C%20saffronfile:///home/oai/share/2016-05-12_PIDISDSA16813_appraisal-project-information-document-integrated-safeguards-data-sheet-national-horticulture-and-livestock-project-nhlp_english.pdf#:~:text=Sub,but%20have%20benefited%20from%20postharvest,FALSE,Component 1,"Horticulture production, subcomponents",,
P174318,World Bank,Afghanistan,2016,PID/ISDS,intervention,Animal health services and disease control programs,Public Health,,,cattle; small ruminants; poultry,"The project will take over the Sanitary Mandate Contracting Scheme and implement national animal disease control programs for brucellosis, FMD and PPR, and support the Afghanistan Vaccine Production Laboratory through investment and management changes.",file:///home/oai/share/2016-05-12_PIDISDSA16813_appraisal-project-information-document-integrated-safeguards-data-sheet-national-horticulture-and-livestock-project-nhlp_english.pdf#:~:text=Component%202,4%20million,FALSE,Component 2,Improved animal health service delivery,,,,
P174318,World Bank,Afghanistan,2016,PID/ISDS,intervention,"Investment packages for poultry, fish farming, dairy, beekeeping and small ruminants",Livestock Management & Technologies,,,poultry; fish; dairy; small ruminants; bees,"Investment packages support 400 poultry packages that introduce productive breeds (Bovan Nera), feed and Newcastle disease vaccination for women, develop fish farming and aquaculture by providing fingerlings and pilot ponds, support dairy producer groups with milk collection centers, assist beekeeping for 500 farmers, and improve small ruminant production through vaccination, supplementary feeding, rangeland management, fodder banks and marketing frameworks.",file:///home/oai/share/2016-05-12_PIDISDSA16813_appraisal-project-information-document-integrated-safeguards-data-sheet-national-horticulture-and-livestock-project-nhlp_english.pdf#:~:text=Poultry%20Development,of%20the%20birds%20used%2C%20thefile:///home/oai/share/2016-05-12_PIDISDSA16813_appraisal-project-information-document-integrated-safeguards-data-sheet-national-horticulture-and-livestock-project-nhlp_english.pdf#:~:text=Fish%20farming%2Faquaculture,each%20province%20by%20the%20projectfile:///home/oai/share/2016-05-12_PIDISDSA16813_appraisal-project-information-document-integrated-safeguards-data-sheet-national-horticulture-and-livestock-project-nhlp_english.pdf#:~:text=war,A%20limited%20number%20of%20grazing,FALSE,Component 2,Investment packages,,
P174318,World Bank,Afghanistan,2016,PID/ISDS,intervention,Market access and value‑addition for livestock products,Markets & Finance,,,multiple,"Market access subcomponent promotes vaccination distribution networks, development of private poultry service networks, cold chain and processing for fish and honey, quality control and cool storage systems for dairy products, and collaborative frameworks for marketing small ruminant products.",file:///home/oai/share/2016-05-12_PIDISDSA16813_appraisal-project-information-document-integrated-safeguards-data-sheet-national-horticulture-and-livestock-project-nhlp_english.pdf#:~:text=Sub,Value%20Addition%20for%20Livestock%20Products,FALSE,Component 2,Improved market access and value addition,,,,
P174318,World Bank,Afghanistan,2016,PID/ISDS,outcome,Increase in milk yield and farm household income,Sustainable Economic Growth,Productivity,Intended,dairy,Key results include raising the average lactation period milk yield per cow at least 10 percent and increasing annual farm household income from milk sales at least 10 percent among project beneficiaries.,file:///home/oai/share/2021-04-23_PIDISDSA30543_project-information-document-integrated-safeguards-data-sheet-integrated-dairy-productivity-improvement-project-addition_english.pdf#:~:text=Key%20Results,FALSE,Key Results,Indicators,,,,,
P174318,World Bank,Afghanistan,2016,PID/ISDS,outcome,Adoption of improved livestock practices,Sustainable Economic Growth,Productivity,Intended,dairy,"The key results include achieving at least 8,000 farm households adopting improved animal feeding, health, breeding, and management practices, supported by on‑farm demonstrations of climate‑smart practices and technologies.",file:///home/oai/share/2021-04-23_PIDISDSA30543_project-information-document-integrated-safeguards-data-sheet-integrated-dairy-productivity-improvement-project-addition_english.pdf#:~:text=Key%20Resultsfile:///home/oai/share/2021-04-23_PIDISDSA30543_project-information-document-integrated-safeguards-data-sheet-integrated-dairy-productivity-improvement-project-addition_english.pdf#:~:text=16.%20Component%202%3A%20Increasing%20On,Beneficiary%20Farms%2C%20will%20promote%20productivity,FALSE,Key Results,Indicators,,,,
P174318,World Bank,Afghanistan,2016,PID/ISDS,outcome,Women’s economic participation through poultry packages,Inclusivity & Women’s Empowerment,Women’s empowerment,Intended,poultry,Investment packages will support 400 poultry packages with improved breeds and feed and vaccination for women – thirty-thousand women will benefit from a 30-bird package and five-thousand women from a 100-bird package.,file:///home/oai/share/2016-05-12_PIDISDSA16813_appraisal-project-information-document-integrated-safeguards-data-sheet-national-horticulture-and-livestock-project-nhlp_english.pdf#:~:text=Poultry%20Development,of%20the%20birds%20used%2C%20the,FALSE,Investment packages,Poultry development,,,,
P174318,World Bank,Afghanistan,2016,PID/ISDS,outcome,Improved market access and value addition,Sustainable Economic Growth,Productivity and income,Intended,multiple,"The project plans to distribute post‑harvest tools to 10,681 farmers, establish over 350 improved raisin drying houses, train about 100 traders, and link producer groups with processors through improved marketing frameworks.",file:///home/oai/share/2016-05-12_PIDISDSA16813_appraisal-project-information-document-integrated-safeguards-data-sheet-national-horticulture-and-livestock-project-nhlp_english.pdf#:~:text=Sub,Value%20Addition%20for%20Livestock%20Products,FALSE,Marketing and value addition,Market access subcomponent,,,,
P151058,World Bank,Mauritania,2016,PAD,objective,Develop a sustainable seafood cluster in Nouadhibou,,,,aquaculture,PDO: to support development of a seafood cluster in Nouadhibou that promotes sustainable management of fisheries and generates value for communities.,file:///home/oai/share/2016-03-03_PAD1201_mauritania-nouadhibou-eco-seafood-cluster-project_english.pdf,FALSE,Datasheet,PDO,,,,,
P151058,World Bank,Mauritania,2016,PAD,intervention,Public‑private dialogue and cluster strategy,Policy & Regulatory,,,aquaculture,"Component 1 includes organizing public‑private dialogue to prepare a vision for the cluster, strengthen capacity of stakeholders, develop a holistic cluster strategy and coordinate fisheries management plans.",file:///home/oai/share/2016-03-03_PAD1201_mauritania-nouadhibou-eco-seafood-cluster-project_english.pdf,FALSE,Component 1,Public–private dialogue,,,,,
P151058,World Bank,Mauritania,2016,PAD,intervention,Responsible investment promotion and skills training,Markets & Finance,,,aquaculture,"The project finances commercial viability assessments, investment promotion activities and skills training/technical assistance to attract responsible investors to the seafood cluster.",file:///home/oai/share/2016-03-03_PAD1201_mauritania-nouadhibou-eco-seafood-cluster-project_english.pdf,FALSE,Component 1,Responsible investment,,,,,
P151058,World Bank,Mauritania,2016,PAD,intervention,Improve landing infrastructure and export of fresh fish,Food Processing & Storage,,,aquaculture,"The project supports better organization and management of the commercial port, artisanal/coastal fishing port, and airport, including financing a refrigerated warehouse at the airport and trade facilitation to promote export of fresh fish.",file:///home/oai/share/2016-03-03_PAD1201_mauritania-nouadhibou-eco-seafood-cluster-project_english.pdf#:~:text=Component%202%3A%20Increasing%20the%20value,into%20target%20seafood%20value%20chains,FALSE,Component 2,Port and airport improvements,,,,
P151058,World Bank,Mauritania,2016,PAD,intervention,Capacity building for small‑scale fishers and women,Advisory and Extension,,,aquaculture,"The project will train small‑scale fishers, vulnerable groups and local suppliers—including women—in management and investment practices, and provide technical assistance on product quality, environmental management, eco‑certification and good fishing practices to reduce post‑harvest losses.",file:///home/oai/share/2016-03-03_PAD1201_mauritania-nouadhibou-eco-seafood-cluster-project_english.pdf,FALSE,Component 2,Capacity building,,,,,
P151058,World Bank,Mauritania,2016,PAD,outcome,Increased investments and fresh fish exports,Sustainable Economic Growth,Income and productivity,Intended,aquaculture,Results indicators include total investments generated from responsible investors and the volume of fresh fish export as measures of success for the seafood cluster.,file:///home/oai/share/2016-03-03_PAD1201_mauritania-nouadhibou-eco-seafood-cluster-project_english.pdf#:~:text=Project%20Level%20,Objective%20Indicators,FALSE,Results Framework,PDO and intermediate indicators,,,,
P151058,World Bank,Mauritania,2016,PAD,outcome,Training and inclusivity outcomes,Inclusivity & Women’s Empowerment,Community cohesion and training,Intended,aquaculture,"The results framework tracks direct project beneficiaries, percentage of female beneficiaries, number of training days (total and for women), and satisfaction among tripartite stakeholders.",file:///home/oai/share/2016-03-03_PAD1201_mauritania-nouadhibou-eco-seafood-cluster-project_english.pdf#:~:text=Project%20Level%20,Objective%20Indicators,FALSE,Results Framework,Indicators,,,,
P151058,World Bank,Mauritania,2016,PAD,outcome,Policy and institutional reforms for fisheries management,Policy & Regulatory,Policy change,Intended,aquaculture,"Indicators measure adoption of strategic cluster framework documents, completion of commercial viability studies and adoption of a PPP policy framework to support sustainable fisheries management.",file:///home/oai/share/2016-03-03_PAD1201_mauritania-nouadhibou-eco-seafood-cluster-project_english.pdf#:~:text=Project%20Level%20,Objective%20Indicators,FALSE,Results Framework,Indicators,,,,
P178635,World Bank,Bhutan,2023,PID,objective,Support green and resilient growth through fiscal sustainability and green reforms,,,,unspecified,"The Program aims to strengthen resilient, private sector‑led growth through fiscal sustainability and enhanced access to finance and markets, and foster green growth with a focus on renewable natural resources.",file:///home/oai/share/2023-07-06_PIDA36009_appraisal-program-information-document-pid-bhutan-second-green-and-resilient-growth-development-policy-credit-p178635_english.pdf#:~:text=Proposed%20Development%20Objective,FALSE,Datasheet,PDO,,,,,
P178635,World Bank,Bhutan,2023,PID,intervention,"Reforms for fiscal sustainability, access to finance and green growth",Policy & Regulatory,,,unspecified,"Reforms include revising external commercial borrowing, adopting digital payments and e‑commerce licensing with a focus on women, adopting the Food and Nutrition Security Policy and Biodiversity Act, implementing carbon market rules under Article 6 of the Paris Agreement, improving customs rules and reducing import tariffs, and enhancing agricultural exports and renewable natural resources.",file:///home/oai/share/2023-07-06_PIDA36009_appraisal-program-information-document-pid-bhutan-second-green-and-resilient-growth-development-policy-credit-p178635_english.pdf#:~:text=Key%20Results%20Results%20intended%20to,natural%20resources%20for%20their%20monetization,FALSE,Pillars 1 and 2,Reform actions,,,,
P178635,World Bank,Bhutan,2023,PID,outcome,Improved financial stability and access to credit,Sustainable Economic Growth,Market efficiency,Intended,unspecified,"Key results include resolution of non‑performing loans, improved access to finance, and greater transparency of fiscal risks.",file:///home/oai/share/2023-07-06_PIDA36009_appraisal-program-information-document-pid-bhutan-second-green-and-resilient-growth-development-policy-credit-p178635_english.pdf#:~:text=Key%20Results%20Results%20intended%20to,natural%20resources%20for%20their%20monetization,FALSE,Results Framework,Key results,,,,
P178635,World Bank,Bhutan,2023,PID,outcome,Gender‑inclusive digital and e‑commerce participation,Inclusivity & Women’s Empowerment,Women’s empowerment,Intended,unspecified,"Results indicators include the number of e‑commerce business licenses, including those issued to women, and the volume of digital payments as measures of improved access to digital markets.",file:///home/oai/share/2023-07-06_PIDA36009_appraisal-program-information-document-pid-bhutan-second-green-and-resilient-growth-development-policy-credit-p178635_english.pdf#:~:text=Key%20Results%20Results%20intended%20to,natural%20resources%20for%20their%20monetization,FALSE,Results Framework,Key results,,,,
P178635,World Bank,Bhutan,2023,PID,outcome,Enhanced environmental sustainability and green growth,Environmental Sustainability,Climate mitigation and adaptation,Intended,multiple,"Key results track adoption of the Food and Nutrition Security Policy and Biodiversity Act, operationalization of carbon markets, increased export value of agricultural products, share of women in farmer groups/cooperatives, number of proposals accessing genetic resources, and emission offsets generated from hydropower and renewable resources.",file:///home/oai/share/2023-07-06_PIDA36009_appraisal-program-information-document-pid-bhutan-second-green-and-resilient-growth-development-policy-credit-p178635_english.pdf#:~:text=Key%20Results%20Results%20intended%20to,natural%20resources%20for%20their%20monetization,FALSE,Results Framework,Key results,,,,
P180535,World Bank,Cambodia,2024,PID,objective,Improve livestock livelihoods and strengthen animal health services,,,,multiple,PDO: The Project Development Objective is to sustainably improve livestock‑based livelihoods and strengthen animal health services in target project locations.,file:///home/oai/share/2024-12-17_PIDA0124_appraisal-project-information-document-pid_english.pdf#:~:text=4,services%20in%20target%20project%20locations,FALSE,Datasheet,PDO,,,,
P180535,World Bank,Cambodia,2024,PID,intervention,Climate‑smart technology packages and producer organization support,Livestock Management & Technologies,,,cattle; dairy; poultry; small ruminants,"Sub‑component 1.1 will finance climate‑smart technology and practice packages such as improved breed, feed and fodder production, rangeland management, good animal husbandry practices, manure management, crop‑livestock integration and climate‑smart water and feeding equipment, and will strengthen producer groups through technical assistance and link them to agribusinesses.",file:///home/oai/share/2024-12-17_PIDA0124_appraisal-project-information-document-pid_english.pdf#:~:text=Component%201%3A%20Promote%20Inclusive%20and,Sustainable%20Livestock%20Value%20Chainsfile:///home/oai/share/2024-12-17_PIDA0124_appraisal-project-information-document-pid_english.pdf#:~:text=Sub,Productivityfile:///home/oai/share/2024-12-17_PIDA0124_appraisal-project-information-document-pid_english.pdf#:~:text=Sub,Access,FALSE,Component 1,Sub‑components 1.1 & 1.2,,
P180535,World Bank,Cambodia,2024,PID,intervention,Market access and value chain infrastructure upgrades,Food Processing & Storage,,,multiple,"Sub‑component 1.2 promotes smallholder market access by establishing business partnerships and improving post‑harvest infrastructure—including slaughterhouses, market facilities and processing units—to facilitate processing and trade of livestock products, with technical assistance for smallholders to participate in value chains.",file:///home/oai/share/2024-12-17_PIDA0124_appraisal-project-information-document-pid_english.pdf#:~:text=Sub,Productivityfile:///home/oai/share/2024-12-17_PIDA0124_appraisal-project-information-document-pid_english.pdf#:~:text=Sub,Access,FALSE,Component 1,Sub‑component 1.2,,,
P180535,World Bank,Cambodia,2024,PID,intervention,"Demonstration farms, extension services and disease surveillance",Public Health,,,multiple,"Sub‑component 2.1 supports demonstration farms and IEC‑based extension programs to train farmers and encourage adoption of technologies, while Sub‑component 2.2 strengthens veterinary service delivery and disease surveillance by enhancing workforce skills, incentives and surveillance and response capacities.",file:///home/oai/share/2024-12-17_PIDA0124_appraisal-project-information-document-pid_english.pdf#:~:text=animal%20diseases%20and%20climate%20hazards,enhanced%20local%20disease%20surveillance%20systemfile:///home/oai/share/2024-12-17_PIDA0124_appraisal-project-information-document-pid_english.pdf#:~:text=Subcomponent%202,Animal%20Production%20Service%20Deliveryfile:///home/oai/share/2024-12-17_PIDA0124_appraisal-project-information-document-pid_english.pdf#:~:text=institutions%20to%20deliver%20animal%20health,of%20disease%20surveillance%20and%20response,FALSE,Component 2,Sub‑components 2.1 & 2.2,,
P180535,World Bank,Cambodia,2024,PID,outcome,Increased sales of livestock products and adoption of climate‑smart technologies,Sustainable Economic Growth,Productivity and income,Intended,multiple,Result indicators include the percentage increase in volume of gross sales of livestock and products and the number of farmers adopting climate‑smart technologies and practices.,file:///home/oai/share/2024-12-17_PIDA0124_appraisal-project-information-document-pid_english.pdf#:~:text=The%20achievement%20of%20the%20PDO,in%20the%20project%20target%20areas,FALSE,Results Framework,Key results indicators,,,,
P180535,World Bank,Cambodia,2024,PID,outcome,Improved satisfaction with animal health services,Resilience,Service quality,Intended,multiple,"A key result indicator tracks the percentage of farmers satisfied with animal health services, reflecting improvements in veterinary service delivery and surveillance.",file:///home/oai/share/2024-12-17_PIDA0124_appraisal-project-information-document-pid_english.pdf#:~:text=The%20achievement%20of%20the%20PDO,in%20the%20project%20target%20areas,FALSE,Results Framework,Key results indicators,,,,
P180535,World Bank,Cambodia,2024,PID,outcome,Gender-inclusive beneficiary reach,Inclusivity & Women’s Empowerment,Women’s empowerment,Intended,multiple,"The project anticipates 30,000 direct beneficiaries, of whom 40 percent are women; about 20,000 farmers will benefit from training, co‑financing for technologies and improved infrastructure and services.",file:///home/oai/share/2024-12-17_PIDA0124_appraisal-project-information-document-pid_english.pdf#:~:text=Project%20Beneficiaries,The%20project%20will,FALSE,Beneficiaries,Project beneficiaries,,,,
P174318,World Bank,Kyrgyz Republic,2021,PID/ISDS,objective,Enhance dairy productivity and income resilience for cattle farmers,,,,dairy,The new Project Development Objective is to enhance dairy animal productivity and promote income generating and COVID‑19 resilience building activities for dairy cattle farmers in selected regions of the Kyrgyz Republic.,file:///home/oai/share/2021-04-23_PIDISDSA30543_project-information-document-integrated-safeguards-data-sheet-integrated-dairy-productivity-improvement-project-addition_english.pdf#:~:text=The%20Development%20Objective%20of%20the,milk%20quality%20on%20beneficiary%20farms,FALSE,Datasheet,PDO,,,,
P174318,World Bank,Kyrgyz Republic,2021,PID/ISDS,intervention,Quality platform expansion and climate‑resilient dairy infrastructure,Food Processing & Storage,,,dairy,"Sub‑component 1A will expand financing to an additional 25 Jamaats and 260 collection points for small‑scale climate‑resilient dairy storage infrastructure and equipment, including purchase of milk collection and cooling equipment, energy‑efficient infrastructure and milk testing tools.",file:///home/oai/share/2021-04-23_PIDISDSA30543_project-information-document-integrated-safeguards-data-sheet-integrated-dairy-productivity-improvement-project-addition_english.pdf#:~:text=12.%20Sub,and%20milk%20testing%20tools,FALSE,Component 1,Sub‑component 1A,,,,
P174318,World Bank,Kyrgyz Republic,2021,PID/ISDS,intervention,Enhanced veterinary diagnostics and breeding services,Public Health,,,dairy,Sub‑component 1B provides additional technical assistance and critical equipment for veterinary laboratories in Karakol and Balykchy and capacity‑building for laboratories in Naryn and Talas. Sub‑component 1C focuses on artificial insemination by financing importation of improved genetic material and delivery of AI services and supporting the State Breeding Station’s performance reporting system.,file:///home/oai/share/2021-04-23_PIDISDSA30543_project-information-document-integrated-safeguards-data-sheet-integrated-dairy-productivity-improvement-project-addition_english.pdf#:~:text=13.%20Sub,in%20Naryn%20and%20in%20Talas,FALSE,Component 1,Sub‑components 1B & 1C,,,,
P174318,World Bank,Kyrgyz Republic,2021,PID/ISDS,intervention,Strengthen milk processors and market access,Food Processing & Storage,,,dairy,"Sub‑component 1D provides financing to about 10–12 milk processors to develop new processed products, diversify product lines, adopt climate‑ and nutrition‑smart technologies, improve market information systems, comply with food safety requirements and implement worker health and safety measures.",file:///home/oai/share/2021-04-23_PIDISDSA30543_project-information-document-integrated-safeguards-data-sheet-integrated-dairy-productivity-improvement-project-addition_english.pdf#:~:text=15.%20Sub,measures%20to%20reduce%20exposure%20or,FALSE,Component 1,Sub‑component 1D,,,,
P174318,World Bank,Kyrgyz Republic,2021,PID/ISDS,intervention,Training and demonstration farms for farmer groups,Advisory and Extension,,,dairy,"Sub‑component 2A continues training and capacity building for about 400 new farmer groups, with special measures for returned migrants. Sub‑component 2B scales up demonstration farms that provide modern dairy equipment and climate‑resilient shelters. Sub‑component 2C establishes community seed funds to procure high‑quality fodder seeds and fertilizer and provides training and technical assistance for quality fodder production.",file:///home/oai/share/2021-04-23_PIDISDSA30543_project-information-document-integrated-safeguards-data-sheet-integrated-dairy-productivity-improvement-project-addition_english.pdf#:~:text=16.%20Component%202%3A%20Increasing%20On,Beneficiary%20Farms%2C%20will%20promote%20productivity,FALSE,Component 2,"Sub‑components 2A, 2B & 2C",,,,
P174318,World Bank,Kyrgyz Republic,2021,PID/ISDS,intervention,Micro‑loans and farm‑level investments for dairy production,Markets & Finance,,,dairy,"The revolving fund provides micro‑loans for productive investments, including purchase of high‑quality animals, improved animal housing, manure management, drought‑resistant feed production, milk cooling and storage, and other investments to increase productivity; loans have terms of up to ten months for working capital and up to three years for longer‑term investments.",file:///home/oai/share/2021-04-23_PIDISDSA30543_project-information-document-integrated-safeguards-data-sheet-integrated-dairy-productivity-improvement-project-addition_english.pdf,FALSE,Component 3,Farm‑level investments,,,,,
P174318,World Bank,Kyrgyz Republic,2021,PID/ISDS,outcome,Increases in milk yield and household income,Sustainable Economic Growth,Productivity and income,Intended,dairy,The project targets raising the average lactation period milk yield per cow at least 10 percent and increasing farm household income from milk sales by at least 10 percent.,file:///home/oai/share/2021-04-23_PIDISDSA30543_project-information-document-integrated-safeguards-data-sheet-integrated-dairy-productivity-improvement-project-addition_english.pdf#:~:text=Key%20Results,FALSE,Key results,Indicators,,,,,
P174318,World Bank,Kyrgyz Republic,2021,PID/ISDS,outcome,Farmers adopting improved livestock practices,Sustainable Economic Growth,Productivity,Intended,dairy,"The project aims for at least 8,000 farm households to adopt improved animal feeding, health, breeding and management practices.",file:///home/oai/share/2021-04-23_PIDISDSA30543_project-information-document-integrated-safeguards-data-sheet-integrated-dairy-productivity-improvement-project-addition_english.pdf#:~:text=Key%20Results,FALSE,Key results,Indicators,,,,,
P174318,World Bank,Kyrgyz Republic,2021,PID/ISDS,outcome,Expanded access to finance and productive assets,Sustainable Economic Growth,Income and productivity,Intended,dairy,"The project will expand the revolving fund to extend micro‑loans to additional beneficiaries, allowing them to purchase high‑quality animals, improved housing, manure management systems, drought‑resistant feed production and milk cooling and storage equipment.",file:///home/oai/share/2021-04-23_PIDISDSA30543_project-information-document-integrated-safeguards-data-sheet-integrated-dairy-productivity-improvement-project-addition_english.pdf,FALSE,Component 3,Farm‑level investments,,,,,
P178120,World Bank,Kyrgyz Republic,2024,PAD,objective,Increase productivity and climate resilience of selected agri‑food clusters,,,,multiple,"The PDO is to increase productivity and climate resilience of selected agri‑food clusters and, in case of an eligible crisis or emergency, respond promptly and effectively to it.",file:///home/oai/share/2024-03-15_PAD5291_kyrgyz-republic-resilient-agri-food-clusters-development-project_english.pdf#:~:text=A,FALSE,Section II,PDO Statement,,,,,
P178120,World Bank,Kyrgyz Republic,2024,PAD,intervention,Investment loans for dairy and horticulture clusters,Markets & Finance,,,dairy; horticulture,"Investment loans finance production improvement with climate‑resilient technologies, modern equipment, climate‑resilient crop varieties and livestock breeds, post‑harvest operations and value chain facilities such as storage, grading, packing and cold storage.",file:///home/oai/share/2024-03-15_PAD5291_kyrgyz-republic-resilient-agri-food-clusters-development-project_english.pdf#:~:text=Component%201%3A%20Investment%20for%20Agri,2%20million,FALSE,Component 1,Investment for agri‑food clusters,,,,
P178120,World Bank,Kyrgyz Republic,2024,PAD,intervention,Dairy cluster investments for efficient breeds and infrastructure,Livestock Management & Technologies,,,dairy,"The dairy cluster is designed to achieve climate co‑benefits through investments such as purchase of efficient cattle breeds, improved animal housing, production of feed and fodder, milking machines, fodder cutting machines, tractors, processing equipment, new milk collection points with cooling tanks and quality analysis equipment, and adoption of good husbandry practices and climate‑resilient forage crops.",file:///home/oai/share/2024-03-15_PAD5291_kyrgyz-republic-resilient-agri-food-clusters-development-project_english.pdf#:~:text=Expected%20mitigation%20and%20adaptation%20co,The%20project%20wouldfile:///home/oai/share/2024-03-15_PAD5291_kyrgyz-republic-resilient-agri-food-clusters-development-project_english.pdf#:~:text=also%20promote%20better%20introduction%20of,erosion%20control%20and%20nitrogen%20fixation,FALSE,Component 1,Dairy cluster,,,
P178120,World Bank,Kyrgyz Republic,2024,PAD,intervention,Horticulture cluster investments and sustainable practices,"Crop Management, Technology & R&D",,,horticulture,"Investments in the horticulture cluster include planting perennial trees and berries to conserve soil and improve income, installing drip irrigation, developing energy‑ and water‑efficient greenhouses, improving processing technologies and product storage and packaging, and establishing nurseries with productive varieties and integrated pest management and climate‑resilient practices.",file:///home/oai/share/2024-03-15_PAD5291_kyrgyz-republic-resilient-agri-food-clusters-development-project_english.pdf#:~:text=of%20increasing%20productivity%20through%20higher,Thefile:///home/oai/share/2024-03-15_PAD5291_kyrgyz-republic-resilient-agri-food-clusters-development-project_english.pdf#:~:text=through%20horticulture%20nurseries%2C%20efficient%20land,harvest%20produce,FALSE,Component 1,Horticulture cluster,,,
P178120,World Bank,Kyrgyz Republic,2024,PAD,intervention,Training and capacity building for agri‑food clusters,Advisory and Extension,,,multiple,"Sub‑component 2.1 finances climate‑smart training and capacity building for farmers and processing enterprises, covering improved production, product quality management, livestock husbandry and health, integrated pest and disease management, SPS compliance, food safety, resource‑efficient and emissions‑reducing practices, organizational development, climate‑resilient and nutrition‑smart technology promotion, market readiness and digital tools for breeding records.",file:///home/oai/share/2024-03-15_PAD5291_kyrgyz-republic-resilient-agri-food-clusters-development-project_english.pdf#:~:text=Component%202%3A%20Strengthening%20Institutions%20and,65%20million%20IDA,FALSE,Component 2,Sub‑component 2.1,,,,
P178120,World Bank,Kyrgyz Republic,2024,PAD,intervention,Modernization of seed systems,"Crop Management, Technology & R&D",,,horticulture,"The seed system improvement sub‑component supports review of policies and regulatory frameworks, development and multiplication of improved climate‑resilient seed varieties, modernization of laboratories and testing centers, and training of seed producers for multiplication of high‑quality seeds and planting materials.",file:///home/oai/share/2024-03-15_PAD5291_kyrgyz-republic-resilient-agri-food-clusters-development-project_english.pdf#:~:text=Sub,seeds%20and%20planting%20materials%20to,FALSE,Component 2,Sub‑component 2.2,,,,
P178120,World Bank,Kyrgyz Republic,2024,PAD,intervention,Improved livestock breeding and information management system,Livestock Management & Technologies,,,dairy,"The sub‑component supports development of animal breeding policies and a national breeding plan, provides quality bulls and climate‑smart technologies to breeding farms, upgrades regional veterinary laboratories, establishes a breeding information system, expands AI technicians and integrates a One Health approach.",file:///home/oai/share/2024-03-15_PAD5291_kyrgyz-republic-resilient-agri-food-clusters-development-project_english.pdf#:~:text=Sub,improved%20skills%20to%20support%20farmers,FALSE,Component 2,Sub‑component 2.3,,,,
P178120,World Bank,Kyrgyz Republic,2024,PAD,intervention,"Operational support, project management and gender activities",Behavior Communication Change & Social Programs,,,unspecified,"The operational support component finances monitoring and evaluation, communications and citizen engagement, compliance with environmental and social standards, cluster feasibility studies and professional development and other interventions to promote gender diversity in agriculture sector institutions.",file:///home/oai/share/2024-03-15_PAD5291_kyrgyz-republic-resilient-agri-food-clusters-development-project_english.pdf#:~:text=Component%203%3A%20Operational%20Support%20and,15%20million%20IDAfile:///home/oai/share/2024-03-15_PAD5291_kyrgyz-republic-resilient-agri-food-clusters-development-project_english.pdf#:~:text=37,provided%20in%20a%20separate%20technical,FALSE,Component 3 and Gender section,Operational support and gender,,,
P178120,World Bank,Kyrgyz Republic,2024,PAD,outcome,Increased yields and sales in agri‑food clusters,Sustainable Economic Growth,Productivity and income,Intended,dairy; horticulture,PDO level indicators measure the increase in yields within each agri‑food cluster and the increase in the sale of agricultural products by project beneficiaries.,file:///home/oai/share/2024-03-15_PAD5291_kyrgyz-republic-resilient-agri-food-clusters-development-project_english.pdf#:~:text=PDO%20Level%20Indicators%2019,by%20gender,FALSE,PDO indicators,PDO Level Indicators,,,,
P178120,World Bank,Kyrgyz Republic,2024,PAD,outcome,Adoption of improved technologies and capacity building,Sustainable Economic Growth,Adoption and productivity,Intended,multiple,"PDO indicators include farmers adopting improved agricultural technology (a corporate results indicator) and number of people receiving direct benefits, measured by gender.",file:///home/oai/share/2024-03-15_PAD5291_kyrgyz-republic-resilient-agri-food-clusters-development-project_english.pdf#:~:text=PDO%20Level%20Indicators%2019,by%20gender,FALSE,PDO indicators,PDO Level Indicators,,,,
P178120,World Bank,Kyrgyz Republic,2024,PAD,outcome,Gender equality and women’s participation,Inclusivity & Women’s Empowerment,Women’s empowerment,Intended,multiple,"The gender section emphasises outreach to women, ensuring women are represented among investment loan recipients and in capacity‑building activities, tailoring training schedules to women’s routines, providing childcare facilities and promoting women’s employment in processing and value‑added activities.",file:///home/oai/share/2024-03-15_PAD5291_kyrgyz-republic-resilient-agri-food-clusters-development-project_english.pdf#:~:text=37,provided%20in%20a%20separate%20technicalfile:///home/oai/share/2024-03-15_PAD5291_kyrgyz-republic-resilient-agri-food-clusters-development-project_english.pdf#:~:text=gap%20assessment%20and%20mitigation%20actions,indicators%20to%20measure%20the%20results,FALSE,Gender section,"Gender gaps, actions and indicators",,,
P178120,World Bank,Kyrgyz Republic,2022,PID (Concept),objective,Increase productivity and climate resilience of select agri‑food clusters,,,,multiple,Proposed Development Objective: To increase productivity and climate resilience of select agri‑food clusters.,file:///home/oai/share/2022-11-22_PIDC34106_concept-project-information-document-pid-resilient-agri-food-clusters-development-project-p178120_english.pdf#:~:text=To%20increase%20productivity%20and%20climate,food%20clusters,FALSE,Datasheet,PDO,,,,
P178120,World Bank,Kyrgyz Republic,2022,PID (Concept),intervention,Agri‑food clusters development and investments,Markets & Finance,,,multiple,"Component 1 supports agricultural enterprises and smallholders with targeted investments to increase yields, improve quality, processing and value addition while integrating climate‑smart practices. Sub‑component 1.1 promotes collective action by establishing producer groups and productive partnerships and finances on‑farm application of production improvements, modern equipment, climate‑resilient crop or livestock varieties, post‑harvest operations and facilities such as storage, washing, grading, packing, pre‑cooling and cold storage.",file:///home/oai/share/2022-11-22_PIDC34106_concept-project-information-document-pid-resilient-agri-food-clusters-development-project-p178120_english.pdf#:~:text=Component%201%3A%20Support%20for%20Agriculture,US%24%2020%20million,FALSE,Concept Description,Component 1 and Sub‑component 1.1,,,,
P178120,World Bank,Kyrgyz Republic,2022,PID (Concept),intervention,Training and capacity building for producers and processors,Advisory and Extension,,,multiple,"Sub‑component 1.2 supports training and capacity building of targeted beneficiaries, including farmers, processing enterprises and government agencies, to promote organizational development, climate‑resilient and nutrition‑smart technology adoption and market readiness for value‑chain actors.",file:///home/oai/share/2022-11-22_PIDC34106_concept-project-information-document-pid-resilient-agri-food-clusters-development-project-p178120_english.pdf#:~:text=Sub,for%20technical%20assistance%20and%20training,FALSE,Sub‑component 1.2,Training and capacity building,,,,
P178120,World Bank,Kyrgyz Republic,2022,PID (Concept),intervention,Modernization of seed system,"Crop Management, Technology & R&D",,,horticulture,"Sub‑component 2.1 supports building a modern and sustainable seed system by reviewing legislation and institutional arrangements, assessing the regulatory framework, identifying improvements for storage, delivery and distribution networks, upgrading laboratories and district‑level testing centers, and supporting seed farms to multiply and promote climate‑resilient varieties and nutritious crops.",file:///home/oai/share/2022-11-22_PIDC34106_concept-project-information-document-pid-resilient-agri-food-clusters-development-project-p178120_english.pdf#:~:text=Sub,level%29%20testing%20centers%3B%20and%20%28vi,FALSE,Component 2,Sub‑component 2.1,,,,
P178120,World Bank,Kyrgyz Republic,2022,PID (Concept),intervention,Improvement of livestock breeding and information system,Livestock Management & Technologies,,,dairy,"Sub‑component 2.2 supports improvement of animal breeding policies and regulations, provides equipment and technologies to livestock research institutes and state breeding farms, and finances establishment of adequate and nutritious forage bases, upgrading of the central biotechnological laboratory for breed improvement, demonstration farms for effective breeding and artificial insemination and expansion of qualified AI technicians.",file:///home/oai/share/2022-11-22_PIDC34106_concept-project-information-document-pid-resilient-agri-food-clusters-development-project-p178120_english.pdf#:~:text=%28US%24%204%20million%29.%20This%20sub,improved%20skills%20to%20support%20farmers,FALSE,Component 2,Sub‑component 2.2,,,,
P178120,World Bank,Kyrgyz Republic,2022,PID (Concept),intervention,Project management and contingency response,Policy & Regulatory,,,unspecified,"Component 3 provides project implementation support such as monitoring and evaluation, communication, environmental and social compliance and fiduciary requirements. Component 5 allows uncommitted credit or grant resources to be reallocated for emergency response in case of climate‑related disasters.",file:///home/oai/share/2022-11-22_PIDC34106_concept-project-information-document-pid-resilient-agri-food-clusters-development-project-p178120_english.pdf#:~:text=Component%203%3A%20Operational%20Support%20and,US%24%202%20million,FALSE,Components 3 & 5,Project management and CERC,,,,
P178120,World Bank,Kyrgyz Republic,2022,PID (Concept),outcome,Improved productivity and resilience of agri‑food clusters,Resilience,Climate resilience and productivity,Intended,multiple,"The project aims to increase productivity and climate resilience of selected agri‑food clusters by supporting investments, training, improved seed and livestock systems and modern project management, although detailed indicators are to be developed during appraisal.",file:///home/oai/share/2022-11-22_PIDC34106_concept-project-information-document-pid-resilient-agri-food-clusters-development-project-p178120_english.pdf#:~:text=Component%201%3A%20Support%20for%20Agriculture,US%24%2020%20million,TRUE,Concept description,Overall objective and components,,,,
P155412,World Bank,Kyrgyz Republic,2016,PAD,objective,Enhance dairy animal productivity and milk quality,,,,dairy,PDO: The Development Objective of the Project is to enhance dairy animal productivity and milk quality on beneficiary farms.,file:///home/oai/share/2016-11-03_PAD1705_kyrgyz-republic-integrated-dairy-productivity-improvement-project_english.pdf#:~:text=Project%20Development%20Objectives%20,results%20are%20at%20Project%20Level,FALSE,Section II,PDO Statement,,,,
P155412,World Bank,Kyrgyz Republic,2016,PAD,intervention,"Public‑private dialogue, animal identification and OIE‑certified zone",Policy & Regulatory,,,dairy,"Component 1 improves the public‑private dialogue, undertakes cattle identification and registration in Issyk‑Kul region, establishes an OIE‑certified zone free of animal diseases (focused on FMD), and supports artificial insemination service providers to improve breed stock.",file:///home/oai/share/2016-11-03_PAD1705_kyrgyz-republic-integrated-dairy-productivity-improvement-project_english.pdf#:~:text=Component%201%3A%20Strengthening%20Public%20and,Support%20to%20AI%20Service%20Providers,FALSE,Component 1,Description,,,,
P155412,World Bank,Kyrgyz Republic,2016,PAD,intervention,On‑farm productivity enhancement via Model Dairy Villages,Livestock Management & Technologies,,,dairy,"Component 2 works towards establishment of Model Dairy Villages that include a milk collection point, veterinary doctor, AI services and service centers. Training covers balanced fodder production, feeding management, animal housing and management, animal health, farm hygiene, clean milk production, breeding management, manure management, and milk collection, cooling and handling.",file:///home/oai/share/2016-11-03_PAD1705_kyrgyz-republic-integrated-dairy-productivity-improvement-project_english.pdf#:~:text=Component%202%3A%20On,under%20this%20component%20would%20improvefile:///home/oai/share/2016-11-03_PAD1705_kyrgyz-republic-integrated-dairy-productivity-improvement-project_english.pdf#:~:text=Improving%20the%20Public,30%20million%2C%20all%20IDA,FALSE,Component 2,On‑farm productivity enhancement,,,
P155412,World Bank,Kyrgyz Republic,2016,PAD,intervention,Revolving fund and farm‑level investments,Markets & Finance,,,dairy,"Component 3 finances a revolving fund (US$1.20 million) to enable small farmers to purchase inputs and equipment, and provides technical assistance and capacity building to help beneficiaries access existing financing schemes.",file:///home/oai/share/2016-11-03_PAD1705_kyrgyz-republic-integrated-dairy-productivity-improvement-project_english.pdf#:~:text=Component%203%3A%20Farm,lines%20provided%20by%20the%20Kyrgyzfile:///home/oai/share/2016-11-03_PAD1705_kyrgyz-republic-integrated-dairy-productivity-improvement-project_english.pdf#:~:text=Component%203%3A%20Farm,07%20million%2C%20all%20IDA,FALSE,Component 3,Farm‑level investments,,,
P155412,World Bank,Kyrgyz Republic,2016,PAD,intervention,Project management and citizen engagement,Behavior Communication Change & Social Programs,,,unspecified,"Component 4 covers project management and establishment of a grievance redress mechanism. The project emphasises beneficiary engagement and feedback through consultations and transparency to build trust among producers, processors and traders.",file:///home/oai/share/2016-11-03_PAD1705_kyrgyz-republic-integrated-dairy-productivity-improvement-project_english.pdffile:///home/oai/share/2016-11-03_PAD1705_kyrgyz-republic-integrated-dairy-productivity-improvement-project_english.pdf#:~:text=Component%203%3A%20Farm,including%20the%20dairy%20supply%20chain,FALSE,Component 4 and Citizen engagement,Project management and citizen engagement,,,,
P155412,World Bank,Kyrgyz Republic,2016,PAD,outcome,Increase in milk yield and adoption of improved practices,Sustainable Economic Growth,Productivity and adoption,Intended,dairy,"PDO indicators include increasing the average lactation period milk yield per cow, increasing average milk output per household and raising the percentage of dairy producers who have adopted improved animal feeding, health, breeding and management practices.",file:///home/oai/share/2016-11-03_PAD1705_kyrgyz-republic-integrated-dairy-productivity-improvement-project_english.pdf#:~:text=The%20Development%20Objective%20of%20the,Project%20Development%20Objective%20Indicatorsfile:///home/oai/share/2016-11-03_PAD1705_kyrgyz-republic-integrated-dairy-productivity-improvement-project_english.pdf#:~:text=Increase%20in%20the%20average%20milk,0,FALSE,Results Framework,PDO and intermediate indicators,,,
P155412,World Bank,Kyrgyz Republic,2016,PAD,outcome,Women and youth participation and satisfaction,Inclusivity & Women’s Empowerment,Women’s empowerment and youth inclusion,Intended,dairy,"Indicators include the percentage of direct female beneficiaries (target 60 percent), the percentage of youth beneficiaries, satisfaction of male and female beneficiaries with project activities, number of women farmers trained in improved animal husbandry practices and number of women adopting improved agricultural technologies.",file:///home/oai/share/2016-11-03_PAD1705_kyrgyz-republic-integrated-dairy-productivity-improvement-project_english.pdf#:~:text=15%20The%20Baseline%20will%20be,established%20during%20the%20Baseline%20Surveyfile:///home/oai/share/2016-11-03_PAD1705_kyrgyz-republic-integrated-dairy-productivity-improvement-project_english.pdf#:~:text=health%2C%20and%2For%20breeding%2C%20and%2For%20management,0,FALSE,Results Framework,Gender and youth indicators,,,
P155412,World Bank,Kyrgyz Republic,2016,PAD,outcome,Establishment of Model Dairy Village service points,Sustainable Economic Growth,Service delivery,Intended,dairy,"The results framework includes an indicator for the number of service points created under Model Dairy Villages to provide milk collection, veterinary services, artificial insemination and service centers for inputs and training.",file:///home/oai/share/2016-11-03_PAD1705_kyrgyz-republic-integrated-dairy-productivity-improvement-project_english.pdf#:~:text=The%20operational%20PPD%20platform%20is,administration%20no%20no%20yes%20yes,FALSE,Results Framework,Intermediate indicators,,,,
P155412,World Bank,Kyrgyz Republic,2016,PAD,outcome,Access to finance and repayment performance,Sustainable Economic Growth,Financial inclusion,Intended,dairy,"Indicators include the number of beneficiaries who received sub‑financing from the revolving fund and the repayment of sub‑financing, reflecting access to finance and financial sustainability.",file:///home/oai/share/2016-11-03_PAD1705_kyrgyz-republic-integrated-dairy-productivity-improvement-project_english.pdf#:~:text=Number%20of%20beneficiaries%20who%20received,0%20200%20800%201%2C500%201%2C500,FALSE,Results Framework,Intermediate indicators,,,,
P163444,World Bank,Uruguay,2017,PID/ISDS,objective,Support adoption of climate-smart agriculture and livestock practices,,,,dairy; cattle; multiple,"The development objective of the project is to support Uruguay's efforts to promote farmer adoption of climate smart agricultural and livestock practices, and improved natural resource management practices in project areasfile:///home/oai/share/2017-09-20_PIDISDSA22004_appraisal-project-information-document-integrated-safeguards-data-sheet-af-sustainable-management-of-natural-resources-a_english.pdf#:~:text=Original%20Project%20Development%20Objective%28s%29%20,and%20improved%20natural%20resource%20management.",file:///home/oai/share/2017-09-20_PIDISDSA22004_appraisal-project-information-document-integrated-safeguards-data-sheet-af-sustainable-management-of-natural-resources-a_english.pdf#:~:text=Original%20Project%20Development%20Objective%28s%29%20,and%20improved%20natural%20resource%20management,FALSE,PID/ISDS pages 149-158,PDO,,,,
P163444,World Bank,Uruguay,2017,PID/ISDS,intervention,Integrated agricultural information and decision support system,Policy & Regulatory,,,multiple; dairy,"Component 1 expands investments to integrate distinct information modules of the Ministry of Livestock, Agriculture and Fisheries such as the traceability system for livestock, the Soil Information System, and Soil Management Plan system, enhance communication about the services provided by the SNIA and ensure coherence with electronic governmentfile:///home/oai/share/2017-09-20_PIDISDSA22004_appraisal-project-information-document-integrated-safeguards-data-sheet-af-sustainable-management-of-natural-resources-a_english.pdf#:~:text=Under%20Component%201%2C%20the%20AF,Uruguayan%20initiative%20of%20Electronic%20Government.",file:///home/oai/share/2017-09-20_PIDISDSA22004_appraisal-project-information-document-integrated-safeguards-data-sheet-af-sustainable-management-of-natural-resources-a_english.pdf#:~:text=Under%20Component%201%2C%20the%20AF,Uruguayan%20initiative%20of%20Electronic%20Government,FALSE,PID/ISDS p.260-274,Component 1,,,,
P163444,World Bank,Uruguay,2017,PID/ISDS,intervention,On-farm investments for climate-smart agriculture and livestock management,Livestock Management & Technologies,,,dairy; cattle,"Under Component 2, investments scale up activities to reduce diffused pollution load from dairy production by financing storage for effluent and promoting good practices of effluent management, and increase access to water for livestock and crops through support to individual farmers and water users organizations. The AF also promotes integrated systems combining grazing areas with rapid-growing trees to create shade for animalsfile:///home/oai/share/2017-09-20_PIDISDSA22004_appraisal-project-information-document-integrated-safeguards-data-sheet-af-sustainable-management-of-natural-resources-a_english.pdf#:~:text=Under%20Component%202%2C%20investments%20under,to%20create%20shade%20for%20animals.",file:///home/oai/share/2017-09-20_PIDISDSA22004_appraisal-project-information-document-integrated-safeguards-data-sheet-af-sustainable-management-of-natural-resources-a_english.pdf#:~:text=Under%20Component%202%2C%20investments%20under,to%20create%20shade%20for%20animals,FALSE,PID/ISDS p.281-296,Component 2,,,,
P163444,World Bank,Uruguay,2017,PID/ISDS,intervention,Capacity building and training for soil management and research,Advisory and Extension,,,multiple,"Component 3 proposes to add support to the Unidad de Sostenibilidad y Cambios Climáticos to expand Soil Management Plans, complement the national soil inventory and database, strengthen the Soil Laboratory and create capacities through training and purchase of equipment for advanced modeling, integrating the system into the SNIAfile:///home/oai/share/2017-09-20_PIDISDSA22004_appraisal-project-information-document-integrated-safeguards-data-sheet-af-sustainable-management-of-natural-resources-a_english.pdf#:~:text=Under%20Component%203%2C%20the%20AF,rehabilitation%29%3B%20and.",file:///home/oai/share/2017-09-20_PIDISDSA22004_appraisal-project-information-document-integrated-safeguards-data-sheet-af-sustainable-management-of-natural-resources-a_english.pdf#:~:text=Under%20Component%203%2C%20the%20AF,rehabilitation%29%3B%20and,FALSE,PID/ISDS p.302-315,Component 3,,,,
P163444,World Bank,Uruguay,2017,PID/ISDS,outcome,Expansion of land under sustainable landscape management,Environmental Sustainability,land area under sustainable management,Intended,unspecified,The AF is expected to expand land area under sustainable landscape management practices from 2.9 million hectares (20 % of total arable land) to 3.6 million hectares (28 % of total arable land)file:///home/oai/share/2017-09-20_PIDISDSA22004_appraisal-project-information-document-integrated-safeguards-data-sheet-af-sustainable-management-of-natural-resources-a_english.pdf#:~:text=The%20AF%20is%20expected%20to,target.,file:///home/oai/share/2017-09-20_PIDISDSA22004_appraisal-project-information-document-integrated-safeguards-data-sheet-af-sustainable-management-of-natural-resources-a_english.pdf#:~:text=The%20AF%20is%20expected%20to,target,FALSE,PID/ISDS p.180-185,Key Results,,,
P163444,World Bank,Uruguay,2017,PID/ISDS,outcome,Beneficiary farmers and improved resilience,Resilience,climate resilience,Intended,dairy; cattle; multiple,"Targeted beneficiaries of the AF include 300 farmers engaged in dairy production in the Santa Lucia river basin, 1,000 cattle ranchers practicing improved grasslands management, 500 farmers benefiting from small-scale irrigation subprojects and 700 ranchers with improved access to water, aiming to enhance resilience through water management and grassland managementfile:///home/oai/share/2017-09-20_PIDISDSA22004_appraisal-project-information-document-integrated-safeguards-data-sheet-af-sustainable-management-of-natural-resources-a_english.pdf#:~:text=with%20the%20AF%29,indirect%20impacts%20on%20the%20agriculture.",file:///home/oai/share/2017-09-20_PIDISDSA22004_appraisal-project-information-document-integrated-safeguards-data-sheet-af-sustainable-management-of-natural-resources-a_english.pdf#:~:text=with%20the%20AF%29,indirect%20impacts%20on%20the%20agriculture,FALSE,PID/ISDS p.186-199,Key Results,,,,
P163444,World Bank,Uruguay,2017,PID/ISDS,outcome,Enhanced outreach of agricultural information system and capacity building,Inducing Policy Change,institutional capacity,Intended,unspecified,"The AF proposes to increase outreach capacity and interoperability of the SNIA and invest in capacity building, research capacity and associated infrastructure related to soilfile:///home/oai/share/2017-09-20_PIDISDSA22004_appraisal-project-information-document-integrated-safeguards-data-sheet-af-sustainable-management-of-natural-resources-a_english.pdf#:~:text=irrigation%20and%20grasslands%20management%3B%20,associated%20infrastructure%20related%20to%20soil.",file:///home/oai/share/2017-09-20_PIDISDSA22004_appraisal-project-information-document-integrated-safeguards-data-sheet-af-sustainable-management-of-natural-resources-a_english.pdf#:~:text=irrigation%20and%20grasslands%20management%3B%20,associated%20infrastructure%20related%20to%20soil,FALSE,PID/ISDS p.175-179,Key Results,,,,
P1603,World Bank,Nepal,2017,PAD,objective,"Increase productivity, value addition and climate resilience in livestock value chains",,,,dairy; goats; cashmere,"The Project Development Objectives (PDO) are to increase productivity, enhance value addition, and improve climate resilience of smallholder farms and agro-enterprises in selected livestock value-chains in Nepalfile:///home/oai/share/2017-11-14_PAD1605_nepal-livestock-sector-innovation-project_english.pdf#:~:text=PROJECT%20DEVELOPMENT%20OBJECTIVES%20A,chains%20in%20Nepal.",file:///home/oai/share/2017-11-14_PAD1605_nepal-livestock-sector-innovation-project_english.pdf#:~:text=PROJECT%20DEVELOPMENT%20OBJECTIVES%20A,chains%20in%20Nepal,FALSE,PAD p.1105-1112,PDO,,,,
P1603,World Bank,Nepal,2017,PAD,intervention,Strengthening regulatory and institutional capacity for livestock sector,Policy & Regulatory,,,multiple,"Component A includes formulation and/or updating of the Animal Welfare Act, Animal Health Policy, Livestock Master Plan, Strategy for One Health Approach and installation of a central-level management information system. Citizen engagement will be strengthened in the formulation of policies through participatory approachesfile:///home/oai/share/2017-11-14_PAD1605_nepal-livestock-sector-innovation-project_english.pdf#:~:text=24,The%20project%20will.",file:///home/oai/share/2017-11-14_PAD1605_nepal-livestock-sector-innovation-project_english.pdf#:~:text=24,The%20project%20will,FALSE,PAD p.1224-1237,Component A,,,,
P1603,World Bank,Nepal,2017,PAD,intervention,"Modernizing animal health, breeding and extension services",Livestock Management & Technologies,,,goats; cattle; multiple,"Component B includes support to producer organizations, vaccination campaigns on Peste des Petits Ruminants and Foot and Mouth Disease, development of forage production and management, promotion of animal health and hygiene, upgrading livestock breeding centers, establishing cold chains for vaccination programs, strengthening training and extension services, engaging village-based private service providers and upgrading vaccine production facilities and quarantine officesfile:///home/oai/share/2017-11-14_PAD1605_nepal-livestock-sector-innovation-project_english.pdf#:~:text=Key%20activities%20planned%20under%20this,in%20States%203%20and%206.",file:///home/oai/share/2017-11-14_PAD1605_nepal-livestock-sector-innovation-project_english.pdf#:~:text=Key%20activities%20planned%20under%20this,in%20States%203%20and%206,FALSE,PAD p.1266-1285,Component B,,,,
P1603,World Bank,Nebal,2017,PAD,intervention,Inclusive value-chain partnerships and matching grants,Markets & Finance,,,dairy; goats; cashmere,"Component C focuses on integrating smallholder farmers into value chains by developing productive partnerships, providing matching grants to producer organizations/entrepreneurs, and supporting investments in market infrastructure and business advisory services to improve productivity and value addition in dairy, goat meat and Chyangra cashmere value chainsfile:///home/oai/share/2017-11-14_PAD1605_nepal-livestock-sector-innovation-project_english.pdf.",file:///home/oai/share/2017-11-14_PAD1605_nepal-livestock-sector-innovation-project_english.pdf,FALSE,PAD p.1310-1349,Component C,,,,,
P1603,World Bank,Nebal,2017,PAD,outcome,Increase in productivity of targeted livestock commodities,Sustainable Economic Growth,productivity,Intended,dairy; goats; cashmere,"Key performance indicator (KPI #1) measures increases in productivity of targeted livestock commodities: percentage increase of average milk production per cow/buffalo, increase in off‑take rate (carcass weight) for goats, and increase in Chyangra wool cashmere productionfile:///home/oai/share/2017-11-14_PAD1605_nepal-livestock-sector-innovation-project_english.pdf#:~:text=KPI%20%231%20,19.",file:///home/oai/share/2017-11-14_PAD1605_nepal-livestock-sector-innovation-project_english.pdf#:~:text=KPI%20%231%20,19,FALSE,PAD p.1154-1161,PDO-level results indicators,,,,
P1603,World Bank,Nebal,2017,PAD,outcome,Increased sales of value-added products,Sustainable Economic Growth,income per capita,Intended,dairy; goats; cashmere,"KPI #2 measures increased sales of value‑added products in targeted value chains through an increase in production output processed and marketed in the dairy, goat meat and Chyangra cashmere value chainsfile:///home/oai/share/2017-11-14_PAD1605_nepal-livestock-sector-innovation-project_english.pdf#:~:text=KPI%20%232%20,and%20Chyangra%20cashmere%20value%20chains.",file:///home/oai/share/2017-11-14_PAD1605_nepal-livestock-sector-innovation-project_english.pdf#:~:text=KPI%20%232%20,and%20Chyangra%20cashmere%20value%20chains,FALSE,PAD p.1162-1166,PDO-level results indicators,,,,
P1603,World Bank,Nebal,2017,PAD,outcome,Adoption of climate-smart agricultural technology by farmers,Resilience,adoption of improved practices,Intended,multiple,"KPI #3 measures farmers adopting improved climate‑smart agricultural technology, including the number of target farmers and the share of female farmers adopting practices and technologies promoted by the projectfile:///home/oai/share/2017-11-14_PAD1605_nepal-livestock-sector-innovation-project_english.pdf#:~:text=KPI%20%233%20,farmers%2C%20adopting%20the%20practices%20and.",file:///home/oai/share/2017-11-14_PAD1605_nepal-livestock-sector-innovation-project_english.pdf#:~:text=KPI%20%233%20,farmers%2C%20adopting%20the%20practices%20and,FALSE,PAD p.1168-1171,PDO-level results indicators,,,,
P1603,World Bank,Nebal,2017,PAD,outcome,Farmers reached with assets or services,Inclusivity & Women’s Empowerment,access to resources,Intended,multiple,"KPI #4 counts farmers reached with agricultural assets or services, including the share of women and entrepreneurs benefiting from project activitiesfile:///home/oai/share/2017-11-14_PAD1605_nepal-livestock-sector-innovation-project_english.pdf#:~:text=KPI%20%234%20,with%20agriculture%20assets%20or%20services%E2%80%9D.",file:///home/oai/share/2017-11-14_PAD1605_nepal-livestock-sector-innovation-project_english.pdf#:~:text=KPI%20%234%20,with%20agriculture%20assets%20or%20services%E2%80%9D,FALSE,PAD p.1176-1182,PDO-level results indicators,,,,
P164424,World Bank,Montenegro,2017,PID/ISDS,objective,Improve competitiveness of agriculture and fisheries in alignment with EU accession,,,,multiple; fisheries,The Project Development Objective is to improve the competitiveness of agriculture and fisheries in Montenegro through enhanced delivery of government support in alignment with EU accession requirementsfile:///home/oai/share/2017-11-22_PIDISDSA23780_project-information-document-integrated-safeguards-data-sheet-montenegro-second-institutional-development-and-agricultur_english.pdf#:~:text=Proposed%20Development%20Objective.,file:///home/oai/share/2017-11-22_PIDISDSA23780_project-information-document-integrated-safeguards-data-sheet-montenegro-second-institutional-development-and-agricultur_english.pdf#:~:text=Proposed%20Development%20Objective,FALSE,PID/ISDS p.61-66,PDO,,,,,
P164424,World Bank,Montenegro,2017,PID/ISDS,intervention,"Grant program for agriculture, rural development and fisheries",Markets & Finance,,,multiple; fisheries,"Component 1 will provide grants to increase and diversify income generation, enable access to finance for adopting modern technologies, develop aggregators for collection, storage, packaging and marketing of produce, and implement agro-environmental measures to improve resilience to climatic pressuresfile:///home/oai/share/2017-11-22_PIDISDSA23780_project-information-document-integrated-safeguards-data-sheet-montenegro-second-institutional-development-and-agricultur_english.pdf#:~:text=The%20project%20will%20include%20the,following%20componentsfile:///home/oai/share/2017-11-22_PIDISDSA23780_project-information-document-integrated-safeguards-data-sheet-montenegro-second-institutional-development-and-agricultur_english.pdf#:~:text=Sub,compliance%20with%20relevant%20national%20legislation.",file:///home/oai/share/2017-11-22_PIDISDSA23780_project-information-document-integrated-safeguards-data-sheet-montenegro-second-institutional-development-and-agricultur_english.pdf#:~:text=The%20project%20will%20include%20the,following%20componentsfile:///home/oai/share/2017-11-22_PIDISDSA23780_project-information-document-integrated-safeguards-data-sheet-montenegro-second-institutional-development-and-agricultur_english.pdf#:~:text=Sub,compliance%20with%20relevant%20national%20legislation,FALSE,PID/ISDS p.452-499,Component 1,,,
P164424,World Bank,Montenegro,2017,PID/ISDS,intervention,Strengthening administration and payment systems for EU accession,Policy & Regulatory,,,unspecified,"Sub-component 1.2 provides investments to strengthen the Directorate for Payments by developing IACS components required for management and control of payments, establishing a Paying Agency system, refurbishing and equipping offices, and providing technical assistance, training and study tours toward EU CAP alignmentfile:///home/oai/share/2017-11-22_PIDISDSA23780_project-information-document-integrated-safeguards-data-sheet-montenegro-second-institutional-development-and-agricultur_english.pdf#:~:text=Sub,Agriculture%20Guarantee%20Fund%2C%20functionality%20of.",file:///home/oai/share/2017-11-22_PIDISDSA23780_project-information-document-integrated-safeguards-data-sheet-montenegro-second-institutional-development-and-agricultur_english.pdf#:~:text=Sub,Agriculture%20Guarantee%20Fund%2C%20functionality%20of,FALSE,PID/ISDS p.511-548,Sub-component 1.2,,,,
P164424,World Bank,Montenegro,2017,PID/ISDS,intervention,Establish animal by-product control system and strengthen laboratories and inspection services,Public Health,,,livestock; fisheries,"Component 2 will support establishment of an official control system for safe disposal and processing of animal by-products, strengthen diagnostic capacity of the phytosanitary laboratory by constructing new facilities and procuring laboratory equipment, and support inspection services through training and alignment with EU acquisfile:///home/oai/share/2017-11-22_PIDISDSA23780_project-information-document-integrated-safeguards-data-sheet-montenegro-second-institutional-development-and-agricultur_english.pdf#:~:text=Component%202%3A%20Support%20for%20the,be%20financed%20under%20this%20componentfile:///home/oai/share/2017-11-22_PIDISDSA23780_project-information-document-integrated-safeguards-data-sheet-montenegro-second-institutional-development-and-agricultur_english.pdf#:~:text=Sub,accreditation%20of%20priority%20tests%20and.",file:///home/oai/share/2017-11-22_PIDISDSA23780_project-information-document-integrated-safeguards-data-sheet-montenegro-second-institutional-development-and-agricultur_english.pdf#:~:text=Component%202%3A%20Support%20for%20the,be%20financed%20under%20this%20componentfile:///home/oai/share/2017-11-22_PIDISDSA23780_project-information-document-integrated-safeguards-data-sheet-montenegro-second-institutional-development-and-agricultur_english.pdf#:~:text=Sub,accreditation%20of%20priority%20tests%20and,FALSE,PID/ISDS p.549-603,Component 2,,,
P164424,World Bank,Montenegro,2017,PID/ISDS,intervention,Modernize fisheries sector infrastructure and capacity,Food Processing & Storage,,,fisheries,"Component 3 finances public sector investments to develop landing sites and auxiliary services, including infrastructure improvements for safe and sanitary fish landing facilities, access to water and fuel, and supports capacity building for the Directorate for Fisheries and fishermen associations through training and equipment to meet EU requirementsfile:///home/oai/share/2017-11-22_PIDISDSA23780_project-information-document-integrated-safeguards-data-sheet-montenegro-second-institutional-development-and-agricultur_english.pdf#:~:text=Component%203%3A%20Modernization%20of%20the,will%20finance%20the%20following%20interventions.",file:///home/oai/share/2017-11-22_PIDISDSA23780_project-information-document-integrated-safeguards-data-sheet-montenegro-second-institutional-development-and-agricultur_english.pdf#:~:text=Component%203%3A%20Modernization%20of%20the,will%20finance%20the%20following%20interventions,FALSE,PID/ISDS p.625-681,Component 3,,,,
P164424,World Bank,Montenegro,2017,PID/ISDS,outcome,Increased competitiveness and sales of productive units,Sustainable Economic Growth,income per capita,Intended,multiple; fisheries,"Component 1 aims to increase and diversify income generation opportunities for productive units and improve resilience through grants, access to technology, aggregators for collection, storage, packaging and marketing, contributing to increased sales and competitivenessfile:///home/oai/share/2017-11-22_PIDISDSA23780_project-information-document-integrated-safeguards-data-sheet-montenegro-second-institutional-development-and-agricultur_english.pdf#:~:text=The%20project%20will%20include%20the,following%20componentsfile:///home/oai/share/2017-11-22_PIDISDSA23780_project-information-document-integrated-safeguards-data-sheet-montenegro-second-institutional-development-and-agricultur_english.pdf#:~:text=Sub,compliance%20with%20relevant%20national%20legislation.",file:///home/oai/share/2017-11-22_PIDISDSA23780_project-information-document-integrated-safeguards-data-sheet-montenegro-second-institutional-development-and-agricultur_english.pdf#:~:text=The%20project%20will%20include%20the,following%20componentsfile:///home/oai/share/2017-11-22_PIDISDSA23780_project-information-document-integrated-safeguards-data-sheet-montenegro-second-institutional-development-and-agricultur_english.pdf#:~:text=Sub,compliance%20with%20relevant%20national%20legislation,FALSE,PID/ISDS p.452-499,Component 1 outcomes,,,
P164424,World Bank,Montenegro,2017,PID/ISDS,outcome,Enhanced compliance with EU food safety and phytosanitary standards,Food Security & Nutrition,food safety compliance,Intended,livestock,"Component 2 will develop a comprehensive control system for safe disposal and processing of animal by-products, strengthen phytosanitary laboratory capacity and support inspection services, aligning national systems with EU food safety and phytosanitary requirementsfile:///home/oai/share/2017-11-22_PIDISDSA23780_project-information-document-integrated-safeguards-data-sheet-montenegro-second-institutional-development-and-agricultur_english.pdf#:~:text=Component%202%3A%20Support%20for%20the,be%20financed%20under%20this%20componentfile:///home/oai/share/2017-11-22_PIDISDSA23780_project-information-document-integrated-safeguards-data-sheet-montenegro-second-institutional-development-and-agricultur_english.pdf#:~:text=Sub,accreditation%20of%20priority%20tests%20and.",file:///home/oai/share/2017-11-22_PIDISDSA23780_project-information-document-integrated-safeguards-data-sheet-montenegro-second-institutional-development-and-agricultur_english.pdf#:~:text=Component%202%3A%20Support%20for%20the,be%20financed%20under%20this%20componentfile:///home/oai/share/2017-11-22_PIDISDSA23780_project-information-document-integrated-safeguards-data-sheet-montenegro-second-institutional-development-and-agricultur_english.pdf#:~:text=Sub,accreditation%20of%20priority%20tests%20and,FALSE,PID/ISDS p.549-603,Component 2 outcomes,,,
P164424,World Bank,Montenegro,2017,PID/ISDS,outcome,Improved fisheries infrastructure and compliance with Common Fisheries Policy,Sustainable Economic Growth,productivity,Intended,fisheries,"Component 3 will finance development of landing sites, access to water and fuel, and capacity building for the Directorate for Fisheries and fishermen associations to meet EU Common Fisheries Policy requirements, improving productivity and market accessfile:///home/oai/share/2017-11-22_PIDISDSA23780_project-information-document-integrated-safeguards-data-sheet-montenegro-second-institutional-development-and-agricultur_english.pdf#:~:text=Component%203%3A%20Modernization%20of%20the,will%20finance%20the%20following%20interventions.",file:///home/oai/share/2017-11-22_PIDISDSA23780_project-information-document-integrated-safeguards-data-sheet-montenegro-second-institutional-development-and-agricultur_english.pdf#:~:text=Component%203%3A%20Modernization%20of%20the,will%20finance%20the%20following%20interventions,FALSE,PID/ISDS p.625-681,Component 3 outcomes,,,,
P176547,World Bank,Lebanon,2021,PID,intervention,Poultry value chain input support and agro-technical advice,Livestock Management & Technologies,,,poultry,"Component 2 would finance the distribution of egg-laying chicken and feed and provision of agro-technical advice to refugees to tackle food and nutrition insecurity and contribute to improved livelihoods. The activity would also support a limited value chain development, providing opportunities for the poultry producers to sell surplus products that the family does not require for consumption.",file:///home/oai/share/2021-09-02_PIDC245212_project-information-document-pid-decent-employment-creation-for-vulnerable-lebanese-citizens-and-syrian-refugees-in-live_english.pdf#:~:text=nutrition%20security%20and%20increased%20incomes,to%20sell%20the%20surplus%20products,FALSE,Page 8,Component 2,,,,
P176547,World Bank,Lebanon,2021,PID,intervention,"Project management, monitoring and citizen engagement",Rural/Public Infrastructure,,,multiple; unspecified,"Component 3 finances overall project management, monitoring and implementation, including project management and coordination among different actors, monitoring and evaluation with periodic beneficiary satisfaction surveys (ethnicity and gender disaggregated), environmental and social safeguards, project fiduciary administration, internal controls and audit, and citizen engagement mechanism.",file:///home/oai/share/2021-09-02_PIDC245212_project-information-document-pid-decent-employment-creation-for-vulnerable-lebanese-citizens-and-syrian-refugees-in-live_english.pdf#:~:text=18,e%29%20citizen%20engagement%20mechanism,FALSE,Page 8,Component 3,,,,
P176547,World Bank,Lebanon,2021,PID,outcome,Jobs created for refugees under decent conditions,Sustainable Economic Growth,Employment,Intended,dairy; poultry,"Key results include: At least 300 new jobs (100 percent for refugees) created under minimum decent working conditions (written contract, occupational health and safety, satisfactory income/wages) with at least 1-year duration.",file:///home/oai/share/2021-09-02_PIDC245212_project-information-document-pid-decent-employment-creation-for-vulnerable-lebanese-citizens-and-syrian-refugees-in-live_english.pdf#:~:text=Key%20Results%2011,at%20least%201%20year%20duration,FALSE,Page 7,Key Results,,,,
P176547,World Bank,Lebanon,2021,PID,outcome,Income-generating opportunities for refugees and host communities,Sustainable Economic Growth,Income per capita,Intended,dairy; poultry,"Key results include: At least 2,000 income generating opportunities for refugees and host communities created, including at least 50 percent for refugees.",file:///home/oai/share/2021-09-02_PIDC245212_project-information-document-pid-decent-employment-creation-for-vulnerable-lebanese-citizens-and-syrian-refugees-in-live_english.pdf#:~:text=%EF%82%B7At%20least%202%2C000%20income%20generating,participating%20in%20the%20supported%20value,FALSE,Page 7,Key Results,,,,
P176547,World Bank,Lebanon,2021,PID,outcome,Women’s participation in supported value chains,Inclusivity & Women’s Empowerment,Women’s empowerment,Intended,dairy; poultry,Key results include: Share of women farmers and employees participating in the supported value chains at least 30 percent.,file:///home/oai/share/2021-09-02_PIDC245212_project-information-document-pid-decent-employment-creation-for-vulnerable-lebanese-citizens-and-syrian-refugees-in-live_english.pdf#:~:text=%EF%82%B7Share%20of%20women%20farmers%20and,chains%20at%20least%2030%20percent,FALSE,Page 7,Key Results,,,,
P161246,World Bank,Bangladesh,2018,PAD,objective,"Improve productivity, market access and resilience of small-holder farmers in livestock value chains",,,,cattle; buffalo; goats; sheep; poultry,"The PDO is “to improve productivity, market access, and resilience of small-holder farmers and agro-entrepreneurs operating in selected livestock value chains in target areas”file:///home/oai/share/2018-11-09_PAD2500_bangladesh-livestock-and-diary-development-project_english.pdf#:~:text=Proposed%C2%A0Development%C2%A0Objective.",file:///home/oai/share/2018-11-09_PAD2500_bangladesh-livestock-and-diary-development-project_english.pdf#:~:text=Proposed%C2%A0Development%C2%A0Objective,FALSE,Datasheet,PDO,,,,,
P161246,World Bank,Bangladesh,2018,PAD,intervention,Strengthen producer organizations and provide climate-resilient training,Advisory and Extension,,,cattle; buffalo; goats; sheep; poultry,"The project maps existing Producer Organizations, organizes new ones, and provides training on climate resilience, business planning, and nutrition, using farmer field schools. Measures include child care facilities and materials for illiterate women to ensure female participationfile:///home/oai/share/2018-11-09_PAD2500_bangladesh-livestock-and-diary-development-project_english.pdf#:~:text=48,51.",file:///home/oai/share/2018-11-09_PAD2500_bangladesh-livestock-and-diary-development-project_english.pdf#:~:text=48,51,FALSE,Component A1,Producer organizations,,,,
P161246,World Bank,Bangladesh,2018,PAD,intervention,Improve climate-smart livestock production practices,Livestock Management & Technologies,,,cattle; buffalo; goats; sheep; poultry,"Subcomponent A2 finances improved climate-smart production practices: feed production; genetic improvement through AI and upgraded breeding centers; vaccination and animal health surveillance; housing and manure management; demonstration fodder nurseries; and provides equipment and grants to producer organizations for feeding, nutrition, breeding and manure managementfile:///home/oai/share/2018-11-09_PAD2500_bangladesh-livestock-and-diary-development-project_english.pdf#:~:text=productivity%C2%A0through%C2%A0better%C2%A0animal%C2%A0husbandry%2C%C2%A0reduced%C2%A0production%C2%A0costs%2C%C2%A0and%20improved%C2%A0quality%2C%C2%A0safety%20and%C2%A0environmental%C2%A0sustainability%C2%A0of%C2%A0animal%C2%A0products%C2%A0delivered%C2%A0by%C2%A0small%E2%80%90%C2%A0and%20medium%E2%80%90scale%C2%A0farmers,It%20will%C2%A0be%C2%A0supported%C2%A0by%20private%C2%A0LSPs%2C%C2%A0to%C2%A0be%C2%A0established%C2%A0under%C2%A0sub%E2%80%90component%C2%A0C1%2C%C2%A0for%C2%A0animal%C2%A0producers%20%2C%C2%A0such%C2%A0as%3A%C2%A0door%C2%A0step%C2%A0ration.",file:///home/oai/share/2018-11-09_PAD2500_bangladesh-livestock-and-diary-development-project_english.pdf#:~:text=productivity%C2%A0through%C2%A0better%C2%A0animal%C2%A0husbandry%2C%C2%A0reduced%C2%A0production%C2%A0costs%2C%C2%A0and%20improved%C2%A0quality%2C%C2%A0safety%20and%C2%A0environmental%C2%A0sustainability%C2%A0of%C2%A0animal%C2%A0products%C2%A0delivered%C2%A0by%C2%A0small%E2%80%90%C2%A0and%20medium%E2%80%90scale%C2%A0farmers,It%20will%C2%A0be%C2%A0supported%C2%A0by%20private%C2%A0LSPs%2C%C2%A0to%C2%A0be%C2%A0established%C2%A0under%C2%A0sub%E2%80%90component%C2%A0C1%2C%C2%A0for%C2%A0animal%C2%A0producers%20%2C%C2%A0such%C2%A0as%3A%C2%A0door%C2%A0step%C2%A0ration,FALSE,Component A2,Climate-smart production practices,,,,
P161246,World Bank,Bangladesh,2018,PAD,intervention,Promote market linkages and value chain development,Markets & Finance,,,cattle; buffalo; goats; sheep; poultry,"Subcomponent B1 aims to increase market linkages by forming productive partnerships between producer organizations and agribusiness buyers, offering matching grants for joint investments, establishing dairy hubs with a network of village milk collection centers, and using digital MIS to track operations and support contractsfile:///home/oai/share/2018-11-09_PAD2500_bangladesh-livestock-and-diary-development-project_english.pdf#:~:text=Component%C2%A0B%3A%C2%A0Market%C2%A0linkages%C2%A0and%C2%A0Value%E2%80%90Chain%C2%A0Development%C2%A0%28US%24224.",file:///home/oai/share/2018-11-09_PAD2500_bangladesh-livestock-and-diary-development-project_english.pdf#:~:text=Component%C2%A0B%3A%C2%A0Market%C2%A0linkages%C2%A0and%C2%A0Value%E2%80%90Chain%C2%A0Development%C2%A0%28US%24224,FALSE,Component B1,Market linkages,,,,,
P161246,World Bank,Bangladesh,2018,PAD,intervention,Upgrade livestock markets and processing infrastructure,Food Processing & Storage,,,cattle; buffalo; goats; sheep; poultry,"B2 will improve slaughterhouses and livestock markets, invest in renewable energy (solar panels and biodigesters) at processing facilities and cooling/chilling facilities, and conduct studies to evaluate technology and partnership options with attention to gender inclusion and climate resiliencefile:///home/oai/share/2018-11-09_PAD2500_bangladesh-livestock-and-diary-development-project_english.pdf#:~:text=Sub%E2%80%90component%C2%A0B2%3A%C2%A0Critical%C2%A0and%C2%A0Climate%C2%A0Resilient%C2%A0Public%C2%A0Infrastructure%C2%A0for%C2%A0L%20ivestock%C2%A0Development%20%28IDA%C2%A0%20US%24110,These%C2%A0slaughter%C2%A0and%C2%A0market.",file:///home/oai/share/2018-11-09_PAD2500_bangladesh-livestock-and-diary-development-project_english.pdf#:~:text=Sub%E2%80%90component%C2%A0B2%3A%C2%A0Critical%C2%A0and%C2%A0Climate%C2%A0Resilient%C2%A0Public%C2%A0Infrastructure%C2%A0for%C2%A0L%20ivestock%C2%A0Development%20%28IDA%C2%A0%20US%24110,These%C2%A0slaughter%C2%A0and%C2%A0market,FALSE,Component B2,Infrastructure,,,,
P161246,World Bank,Bangladesh,2018,PAD,intervention,Consumer awareness and nutrition campaigns,Behavior Communication Change & Social Programs,,,cattle; buffalo; goats; sheep; poultry,The project carries out behavioral change communication campaigns focusing on nutrition and food safety for pregnant/lactating mothers and school children and supports dairy enterprises to organise exhibitions and training on nutrition and safe preparation of animal-source foodsfile:///home/oai/share/2018-11-09_PAD2500_bangladesh-livestock-and-diary-development-project_english.pdf#:~:text=Sub%E2%80%90component%C2%A0B3%3A%C2%A0Consumer%C2%A0Awareness%C2%A0and%C2%A0Nutrition%C2%A0%28IDA%2C%C2%A0US%2438,multi%E2%80%90sectoral%C2%A0%20approach%2C%C2%A0%20including%C2%A0%20all%C2%A0%20the.,file:///home/oai/share/2018-11-09_PAD2500_bangladesh-livestock-and-diary-development-project_english.pdf#:~:text=Sub%E2%80%90component%C2%A0B3%3A%C2%A0Consumer%C2%A0Awareness%C2%A0and%C2%A0Nutrition%C2%A0%28IDA%2C%C2%A0US%2438,multi%E2%80%90sectoral%C2%A0%20approach%2C%C2%A0%20including%C2%A0%20all%C2%A0%20the,FALSE,Component B3,Consumer awareness,,,
P161246,World Bank,Bangladesh,2018,PAD,intervention,Strengthen institutional capacity and knowledge systems,Advisory and Extension,,,cattle; buffalo; goats; sheep; poultry,"C1 supports institutional capacity through strengthening MoFL/DLS, building networks of private Livestock Service Providers, creating a Livestock Knowledge Platform and information system, and providing research and policy advisory services with a focus on gender and climate adaptation/mitigationfile:///home/oai/share/2018-11-09_PAD2500_bangladesh-livestock-and-diary-development-project_english.pdf#:~:text=This%C2%A0sub%E2%80%90component%C2%A0will%C2%A0finance%C2%A0the%C2%A0establishment%C2%A0of%C2%A0a%C2%A0network%C2%A0of%C2%A0private%C2%A0LS%20Ps,iii%29%C2%A0a%20Bangladesh%C2%A0Poultry%C2%A0Research%C2%A0Institute%C2%A0to%C2%A0conduct%C2%A0research%C2%A0on%C2%A0poultry%C2%A0meat%C2%A0pr%20ocessing%2C%C2%A0meat%C2%A0safety%C2%A0and%20quality%C2%A0issues.",file:///home/oai/share/2018-11-09_PAD2500_bangladesh-livestock-and-diary-development-project_english.pdf#:~:text=This%C2%A0sub%E2%80%90component%C2%A0will%C2%A0finance%C2%A0the%C2%A0establishment%C2%A0of%C2%A0a%C2%A0network%C2%A0of%C2%A0private%C2%A0LS%20Ps,iii%29%C2%A0a%20Bangladesh%C2%A0Poultry%C2%A0Research%C2%A0Institute%C2%A0to%C2%A0conduct%C2%A0research%C2%A0on%C2%A0poultry%C2%A0meat%C2%A0pr%20ocessing%2C%C2%A0meat%C2%A0safety%C2%A0and%20quality%C2%A0issues,FALSE,Component C1,Capacity building,,,,
P161246,World Bank,Bangladesh,2018,PAD,intervention,Enhance food safety and public health systems,Public Health,,,cattle; buffalo; goats; sheep; poultry,"The project strengthens food safety by improving regulations and enforcement, developing SOPs and traceability systems, training farmers and processors on food safety, expanding laboratory capacity, and building a centralized database for food-borne illness incidentsfile:///home/oai/share/2018-11-09_PAD2500_bangladesh-livestock-and-diary-development-project_english.pdf#:~:text=Sub%E2%80%90Component%C2%A0C2%3A%C2%A0Food%C2%A0safety%C2%A0and%C2%A0public%C2%A0health%C2%A0%28IDA%2C%C2%A0US%2421,training%C2%A0and%C2%A0skills%C2%A0development%C2%A0including%C2%A0mobile%C2%A0applications%2C%C2%A0SMS%2C%C2%A0and%C2%A0vide%20o%C2%A0based%C2%A0training%C2%A0materials%C2%A0for%20farmers%2C%C2%A0service%C2%A0providers%2C%C2%A0DLS%C2%A0staff%2C%C2%A0processors%2C%C2%A0retailers%2C%C2%A0and%C2%A0consumers%20for%C2%A0farmers%2C%C2%A0service%C2%A0providers%2C%20DLS%C2%A0staff%2C%C2%A0processors%2C%C2%A0retailers%2C%C2%A0and%C2%A0consumers.",file:///home/oai/share/2018-11-09_PAD2500_bangladesh-livestock-and-diary-development-project_english.pdf#:~:text=Sub%E2%80%90Component%C2%A0C2%3A%C2%A0Food%C2%A0safety%C2%A0and%C2%A0public%C2%A0health%C2%A0%28IDA%2C%C2%A0US%2421,training%C2%A0and%C2%A0skills%C2%A0development%C2%A0including%C2%A0mobile%C2%A0applications%2C%C2%A0SMS%2C%C2%A0and%C2%A0vide%20o%C2%A0based%C2%A0training%C2%A0materials%C2%A0for%20farmers%2C%C2%A0service%C2%A0providers%2C%C2%A0DLS%C2%A0staff%2C%C2%A0processors%2C%C2%A0retailers%2C%C2%A0and%C2%A0consumers%20for%C2%A0farmers%2C%C2%A0service%C2%A0providers%2C%20DLS%C2%A0staff%2C%C2%A0processors%2C%C2%A0retailers%2C%C2%A0and%C2%A0consumers,FALSE,Component C2,Food safety,,,,
P161246,World Bank,Bangladesh,2018,PAD,intervention,Establish livestock insurance program,Markets & Finance,,,cattle; buffalo; goats; sheep; poultry,"The project establishes a livestock insurance pilot program, including development of a National Livestock Identification Database and livestock mortality database, formulation of a National Livestock Insurance Policy, engagement of partner agents, and awareness and financial literacy campaigns with premium subsidies targeted at smallholders and womenfile:///home/oai/share/2018-11-09_PAD2500_bangladesh-livestock-and-diary-development-project_english.pdf#:~:text=68,The%C2%A0fiscal%C2%A0cost%C2%A0of%C2%A0the%C2%A0scheme%C2%A0will%C2%A0be%C2%A0estimated%2C%C2%A0with%C2%A0targeted%C2%A0p%20remium%C2%A0subsidies%C2%A0%28in%C2%A0form%C2%A0of%20grants%C2%A0for%C2%A0the%C2%A0farmers%29%C2%A0to%C2%A0lower%C2%A0the%C2%A0premium%C2%A0rates%C2%A0and%C2%A0gradually%C2%A0promote%C2%A0up%E2%80%90%20take%C2%A0of%C2%A0livestock%C2%A0insurance%20among%C2%A0smallholders.",file:///home/oai/share/2018-11-09_PAD2500_bangladesh-livestock-and-diary-development-project_english.pdf#:~:text=68,The%C2%A0fiscal%C2%A0cost%C2%A0of%C2%A0the%C2%A0scheme%C2%A0will%C2%A0be%C2%A0estimated%2C%C2%A0with%C2%A0targeted%C2%A0p%20remium%C2%A0subsidies%C2%A0%28in%C2%A0form%C2%A0of%20grants%C2%A0for%C2%A0the%C2%A0farmers%29%C2%A0to%C2%A0lower%C2%A0the%C2%A0premium%C2%A0rates%C2%A0and%C2%A0gradually%C2%A0promote%C2%A0up%E2%80%90%20take%C2%A0of%C2%A0livestock%C2%A0insurance%20among%C2%A0smallholders,FALSE,Component C3,Livestock insurance,,,,
P161246,World Bank,Bangladesh,2018,PAD,outcome,Farmers adopting improved technologies and practices,Sustainable Economic Growth,Productivity,Measured,cattle; buffalo; goats; sheep; poultry,"PDO-level indicators include the number of farmers adopting improved agricultural technology, disaggregated by gender and youthfile:///home/oai/share/2018-11-09_PAD2500_bangladesh-livestock-and-diary-development-project_english.pdf#:~:text=The%C2%A0PDO%C2%A0indicators%C2%A0are%3A%20%EF%82%B7%20Farmers%C2%A0adopting%C2%A0improved%C2%A0agricultural%C2%A0technology%C2%A0%28following%C2%A0CSA%C2%A0principles%29%20%5Bcore%C2%A0indicator%5D%C2%A0%28,percent%20of%C2%A0female%C2%A0benefit%C2%A0and%C2%A0Youth.",file:///home/oai/share/2018-11-09_PAD2500_bangladesh-livestock-and-diary-development-project_english.pdf#:~:text=The%C2%A0PDO%C2%A0indicators%C2%A0are%3A%20%EF%82%B7%20Farmers%C2%A0adopting%C2%A0improved%C2%A0agricultural%C2%A0technology%C2%A0%28following%C2%A0CSA%C2%A0principles%29%20%5Bcore%C2%A0indicator%5D%C2%A0%28,percent%20of%C2%A0female%C2%A0benefit%C2%A0and%C2%A0Youth,FALSE,Results Framework,Indicators,,,,
P161246,World Bank,Bangladesh,2018,PAD,outcome,"Increased productivity of cattle, buffalo, goat, sheep and poultry",Sustainable Economic Growth,Productivity,Measured,cattle; buffalo; goats; sheep; poultry,"PDO-level indicators monitor increased productivity of targeted species (cattle, buffalo, goat, sheep, poultry) as a result of project investmentsfile:///home/oai/share/2018-11-09_PAD2500_bangladesh-livestock-and-diary-development-project_english.pdf#:~:text=The%C2%A0PDO%C2%A0indicators%C2%A0are%3A%20%EF%82%B7%20Farmers%C2%A0adopting%C2%A0improved%C2%A0agricultural%C2%A0technology%C2%A0%28following%C2%A0CSA%C2%A0principles%29%20%5Bcore%C2%A0indicator%5D%C2%A0%28,percent%20of%C2%A0female%C2%A0benefit%C2%A0and%C2%A0Youth.",file:///home/oai/share/2018-11-09_PAD2500_bangladesh-livestock-and-diary-development-project_english.pdf#:~:text=The%C2%A0PDO%C2%A0indicators%C2%A0are%3A%20%EF%82%B7%20Farmers%C2%A0adopting%C2%A0improved%C2%A0agricultural%C2%A0technology%C2%A0%28following%C2%A0CSA%C2%A0principles%29%20%5Bcore%C2%A0indicator%5D%C2%A0%28,percent%20of%C2%A0female%C2%A0benefit%C2%A0and%C2%A0Youth,FALSE,Results Framework,Indicators,,,,
P161246,World Bank,Bangladesh,2018,PAD,outcome,Increased market access and sales of livestock products,Sustainable Economic Growth,Income per capita,Measured,cattle; buffalo; goats; sheep; poultry,"PDO-level indicators measure the increase in market access as reflected by increased sales of milk, processed products, live animals, meat and eggs, with gender and youth disaggregationfile:///home/oai/share/2018-11-09_PAD2500_bangladesh-livestock-and-diary-development-project_english.pdf#:~:text=The%C2%A0PDO%C2%A0indicators%C2%A0are%3A%20%EF%82%B7%20Farmers%C2%A0adopting%C2%A0improved%C2%A0agricultural%C2%A0technology%C2%A0%28following%C2%A0CSA%C2%A0principles%29%20%5Bcore%C2%A0indicator%5D%C2%A0%28,percent%20of%C2%A0female%C2%A0benefit%C2%A0and%C2%A0Youth.",file:///home/oai/share/2018-11-09_PAD2500_bangladesh-livestock-and-diary-development-project_english.pdf#:~:text=The%C2%A0PDO%C2%A0indicators%C2%A0are%3A%20%EF%82%B7%20Farmers%C2%A0adopting%C2%A0improved%C2%A0agricultural%C2%A0technology%C2%A0%28following%C2%A0CSA%C2%A0principles%29%20%5Bcore%C2%A0indicator%5D%C2%A0%28,percent%20of%C2%A0female%C2%A0benefit%C2%A0and%C2%A0Youth,FALSE,Results Framework,Indicators,,,,
P161246,World Bank,Bangladesh,2018,PAD,outcome,Farmers adopting resilience practices and livestock insurance,Resilience,Resilience,Measured,cattle; buffalo; goats; sheep; poultry,"Indicators include the number of farmers and value chain actors adopting practices to improve resilience to selected risks or adopting livestock insurance products, with gender and youth disaggregationfile:///home/oai/share/2018-11-09_PAD2500_bangladesh-livestock-and-diary-development-project_english.pdf#:~:text=The%C2%A0PDO%C2%A0indicators%C2%A0are%3A%20%EF%82%B7%20Farmers%C2%A0adopting%C2%A0improved%C2%A0agricultural%C2%A0technology%C2%A0%28following%C2%A0CSA%C2%A0principles%29%20%5Bcore%C2%A0indicator%5D%C2%A0%28,percent%20of%C2%A0female%C2%A0benefit%C2%A0and%C2%A0Youth.",file:///home/oai/share/2018-11-09_PAD2500_bangladesh-livestock-and-diary-development-project_english.pdf#:~:text=The%C2%A0PDO%C2%A0indicators%C2%A0are%3A%20%EF%82%B7%20Farmers%C2%A0adopting%C2%A0improved%C2%A0agricultural%C2%A0technology%C2%A0%28following%C2%A0CSA%C2%A0principles%29%20%5Bcore%C2%A0indicator%5D%C2%A0%28,percent%20of%C2%A0female%C2%A0benefit%C2%A0and%C2%A0Youth,FALSE,Results Framework,Indicators,,,,
P149553,World Bank,Bangladesh,2015,PAD,objective,Increase agricultural productivity and market access for smallholders,,,,cattle; goats; dairy; poultry; multiple,The proposed development objective is to increase the agricultural productivity of smallholder farms and improve smallholder farmers’ access to markets in selected districtsfile:///home/oai/share/2015-05-14_PAD1146_bangladesh-second-phase-of-the-national-agriculture-technology-program-project_english.pdf#:~:text=Proposed%20Development%20Objective,to%20markets%20in%20selected%20districts.,file:///home/oai/share/2015-05-14_PAD1146_bangladesh-second-phase-of-the-national-agriculture-technology-program-project_english.pdf#:~:text=Proposed%20Development%20Objective,to%20markets%20in%20selected%20districts,FALSE,Datasheet,PDO,,,
P149553,World Bank,Bangladesh,2015,PAD,intervention,Strengthen livestock institutions and extension services,Policy & Regulatory,,,cattle; goats; poultry; multiple,"The Supporting Livestock Development component strengthens livestock institutions responsible for food and feed safety and animal health, improves livestock extension services and linkages among research, extension, and farmers, and scales up outreach programsfile:///home/oai/share/2015-05-14_PAD1146_bangladesh-second-phase-of-the-national-agriculture-technology-program-project_english.pdf#:~:text=Component%204%3A%20Supporting%20Livestock%20Development,an%20integrated%20approach%20to%20achieve.",file:///home/oai/share/2015-05-14_PAD1146_bangladesh-second-phase-of-the-national-agriculture-technology-program-project_english.pdf#:~:text=Component%204%3A%20Supporting%20Livestock%20Development,an%20integrated%20approach%20to%20achieve,FALSE,Component 4,Livestock institutions,,,,
P149553,World Bank,Bangladesh,2015,PAD,intervention,Improve farm management and artificial insemination,Livestock Management & Technologies,,,cattle; goats; poultry,"The project facilitates improved farm management by promoting animal nutrition and fodder production, animal health and husbandry, and strengthens artificial insemination systems in coordination with research institutes and breeding stationsfile:///home/oai/share/2015-05-14_PAD1146_bangladesh-second-phase-of-the-national-agriculture-technology-program-project_english.pdf#:~:text=Component%204%3A%20Supporting%20Livestock%20Development,an%20integrated%20approach%20to%20achieve.",file:///home/oai/share/2015-05-14_PAD1146_bangladesh-second-phase-of-the-national-agriculture-technology-program-project_english.pdf#:~:text=Component%204%3A%20Supporting%20Livestock%20Development,an%20integrated%20approach%20to%20achieve,FALSE,Component 4,Farm management & AI,,,,
P149553,World Bank,Bangladesh,2015,PAD,intervention,Facilitate smallholder participation in livestock markets,Markets & Finance,,,cattle; goats; poultry,"To increase market participation, the project improves community-level product aggregation and simple slaughter facilities and promotes market linkages through private sector collaborations, helping smallholders market dairy, goat and beef productsfile:///home/oai/share/2015-05-14_PAD1146_bangladesh-second-phase-of-the-national-agriculture-technology-program-project_english.pdf#:~:text=Component%204%3A%20Supporting%20Livestock%20Development,an%20integrated%20approach%20to%20achieve.",file:///home/oai/share/2015-05-14_PAD1146_bangladesh-second-phase-of-the-national-agriculture-technology-program-project_english.pdf#:~:text=Component%204%3A%20Supporting%20Livestock%20Development,an%20integrated%20approach%20to%20achieve,FALSE,Component 4,Market participation,,,,
P149553,World Bank,Bangladesh,2015,PAD,outcome,Increased yield of selected commodities,Sustainable Economic Growth,Productivity,Measured,cattle; goats; poultry; multiple,"The results framework includes an indicator for increased yield of selected agricultural commodities, reflecting higher productivity of smallholder farmsfile:///home/oai/share/2015-05-14_PAD1146_bangladesh-second-phase-of-the-national-agriculture-technology-program-project_english.pdf#:~:text=Framework%20,and%20share%20of%20actively%20engaged.",file:///home/oai/share/2015-05-14_PAD1146_bangladesh-second-phase-of-the-national-agriculture-technology-program-project_english.pdf#:~:text=Framework%20,and%20share%20of%20actively%20engaged,FALSE,Results Framework,Indicators,,,,
P149553,World Bank,Bangladesh,2015,PAD,outcome,Increased volume of livestock commodities sold through new market structures,Sustainable Economic Growth,Income per capita,Measured,cattle; goats; poultry; multiple,"Results indicators measure the volume of commodities sold through the new structures established by the project, indicating improved market access and salesfile:///home/oai/share/2015-05-14_PAD1146_bangladesh-second-phase-of-the-national-agriculture-technology-program-project_english.pdf#:~:text=Framework%20,and%20share%20of%20actively%20engaged.",file:///home/oai/share/2015-05-14_PAD1146_bangladesh-second-phase-of-the-national-agriculture-technology-program-project_english.pdf#:~:text=Framework%20,and%20share%20of%20actively%20engaged,FALSE,Results Framework,Indicators,,,,
P149553,World Bank,Bangladesh,2015,PAD,outcome,Direct project beneficiaries with female share,Inclusivity & Women’s Empowerment,Women’s empowerment,Measured,cattle; goats; poultry; multiple,"The results framework includes direct project beneficiaries and the share of females among them, ensuring that women benefit from improved extension services and market participationfile:///home/oai/share/2015-05-14_PAD1146_bangladesh-second-phase-of-the-national-agriculture-technology-program-project_english.pdf#:~:text=Framework%20,and%20share%20of%20actively%20engaged.",file:///home/oai/share/2015-05-14_PAD1146_bangladesh-second-phase-of-the-national-agriculture-technology-program-project_english.pdf#:~:text=Framework%20,and%20share%20of%20actively%20engaged,FALSE,Results Framework,Indicators,,,,
P162178,World Bank,China,2021,PAD,objective,Improve food safety management and reduce risks in selected value chains,,,,swine; aquaculture,The Project Development Objective is to improve food safety management at the national and targeted subnational levels and reduce food safety risks in selected value chainsfile:///home/oai/share/2021-03-04_PAD2496_china-food-safety-improvement-project_english.pdf#:~:text=Project%20Development%20Objectives,risks%20in%20selected%20value%20chains.,file:///home/oai/share/2021-03-04_PAD2496_china-food-safety-improvement-project_english.pdf#:~:text=Project%20Development%20Objectives,risks%20in%20selected%20value%20chains,FALSE,Datasheet,PDO,,,
P162178,World Bank,China,2021,PAD,intervention,Strengthen food safety regulatory framework and institutional capacity,Policy & Regulatory,,,swine; aquaculture,"The project’s institution-building component reviews and updates food safety legislation, promotes multi-sector coordination using a One Health framework, develops risk-based regulatory frameworks and certification systems, and builds capacity for risk assessment, risk management and trainingfile:///home/oai/share/2021-03-04_PAD2496_china-food-safety-improvement-project_english.pdf.",file:///home/oai/share/2021-03-04_PAD2496_china-food-safety-improvement-project_english.pdf,FALSE,Component 1,Institution building,,,,,
P162178,World Bank,China,2021,PAD,intervention,"Upgrade traceability systems, laboratories and risk management in pork and aquaculture value chains",Public Health,,,swine; aquaculture,"The project supports selected value chains by upgrading traceability systems and laboratories, implementing risk-based inspections and training food safety inspectors and enterprises on hazard analysis and critical control points in pork and aquaculture chainsfile:///home/oai/share/2021-03-04_PAD2496_china-food-safety-improvement-project_english.pdf#:~:text=specific%20value%20chains%20and%20aligning,project%20description%20is%20given%20below.",file:///home/oai/share/2021-03-04_PAD2496_china-food-safety-improvement-project_english.pdf#:~:text=specific%20value%20chains%20and%20aligning,project%20description%20is%20given%20below,FALSE,Component 2,Value chains & labs,,,,
P162178,World Bank,China,2021,PAD,intervention,Risk communication and consumer awareness on food safety,Behavior Communication Change & Social Programs,,,swine; aquaculture,"Risk communication and consumer awareness initiatives aim to educate the public on food safety risks and encourage safe food handling and consumption practices, particularly in the pork and aquaculture sectorsfile:///home/oai/share/2021-03-04_PAD2496_china-food-safety-improvement-project_english.pdf.",file:///home/oai/share/2021-03-04_PAD2496_china-food-safety-improvement-project_english.pdf,FALSE,Component 1 and 2,Risk communication,,,,,
P162178,World Bank,China,2021,PAD,outcome,Development of risk-based food safety management instruments,Inducing Policy Change,Food safety compliance,Intended,swine; aquaculture,PDO-level indicators include the number of risk-based food safety management instruments developed and the proportion of food safety events reported with mitigation measures implementedfile:///home/oai/share/2021-03-04_PAD2496_china-food-safety-improvement-project_english.pdf#:~:text=Project%20Development%20Objectives,risks%20in%20selected%20value%20chains.,file:///home/oai/share/2021-03-04_PAD2496_china-food-safety-improvement-project_english.pdf#:~:text=Project%20Development%20Objectives,risks%20in%20selected%20value%20chains,FALSE,Results Framework,Indicators,,,
P162178,World Bank,China,2021,PAD,outcome,Increased compliance of enterprises with national food safety standards,Food Security & Nutrition,Food safety compliance,Measured,swine; aquaculture,Outcome indicators include the proportion of participating enterprises complying with national food safety standards in targeted value chainsfile:///home/oai/share/2021-03-04_PAD2496_china-food-safety-improvement-project_english.pdf#:~:text=Project%20Development%20Objectives,risks%20in%20selected%20value%20chains.,file:///home/oai/share/2021-03-04_PAD2496_china-food-safety-improvement-project_english.pdf#:~:text=Project%20Development%20Objectives,risks%20in%20selected%20value%20chains,FALSE,Results Framework,Indicators,,,
P166853,World Bank,China,2019,PAD,objective,Pilot climate-smart grassland management in Qilian County,,,,cattle; small ruminants,The Project Development Objective is to pilot climate smart grassland management practices in Qilian County of Qinghai Provincefile:///home/oai/share/2019-11-18_PAD3253_china-climate-smart-management-of-grassland-ecosystems-project_english.pdf#:~:text=A,Qilian%20County%20of%20Qinghai%20Province.,file:///home/oai/share/2019-11-18_PAD3253_china-climate-smart-management-of-grassland-ecosystems-project_english.pdf#:~:text=A,Qilian%20County%20of%20Qinghai%20Province,FALSE,Datasheet,PDO,,,
P166853,World Bank,China,2019,PAD,intervention,Implement climate-smart grassland management pilots,Livestock Management & Technologies,,,cattle; small ruminants,"Component 1 supports climate-smart grassland management pilots: no-till grass seeding/fertilization on degraded grasslands, a no-grazing period, improvement of cultivated grassland, pest control, nutrition improvement for animal feed, and value chain development through farmer field schoolsfile:///home/oai/share/2019-11-18_PAD3253_china-climate-smart-management-of-grassland-ecosystems-project_english.pdf#:~:text=Component%201%3A%20Grassland%20Management%20Pilots,Project%20activities%20will%20take.",file:///home/oai/share/2019-11-18_PAD3253_china-climate-smart-management-of-grassland-ecosystems-project_english.pdf#:~:text=Component%201%3A%20Grassland%20Management%20Pilots,Project%20activities%20will%20take,FALSE,Component 1,Grassland management,,,,
P166853,World Bank,China,2019,PAD,intervention,Provide performance-based payments to herders and monitor outcomes,Markets & Finance,,,cattle; small ruminants,"Herder households are randomly selected and receive performance-based ecosystem service payments, with compliance monitored via satellite imagery and GPSfile:///home/oai/share/2019-11-18_PAD3253_china-climate-smart-management-of-grassland-ecosystems-project_english.pdf#:~:text=Component%201%3A%20Grassland%20Management%20Pilots,Project%20activities%20will%20take.",file:///home/oai/share/2019-11-18_PAD3253_china-climate-smart-management-of-grassland-ecosystems-project_english.pdf#:~:text=Component%201%3A%20Grassland%20Management%20Pilots,Project%20activities%20will%20take,FALSE,Component 1,PES payments,,,,
P166853,World Bank,China,2019,PAD,intervention,Develop policies and strategies for climate-smart grassland management and PES,Policy & Regulatory,,,cattle; small ruminants,Component 2 provides policy recommendations and technical guidelines to scale up climate-smart grassland management and performance-based payment systemsfile:///home/oai/share/2019-11-18_PAD3253_china-climate-smart-management-of-grassland-ecosystems-project_english.pdf#:~:text=Component%202%3A%20Policy%20and%20Strategy,county%2C%20provincial%2C%20and%20national%20levels.,file:///home/oai/share/2019-11-18_PAD3253_china-climate-smart-management-of-grassland-ecosystems-project_english.pdf#:~:text=Component%202%3A%20Policy%20and%20Strategy,county%2C%20provincial%2C%20and%20national%20levels,FALSE,Component 2,Policy development,,,
P166853,World Bank,China,2019,PAD,intervention,Knowledge management and capacity building,Advisory and Extension,,,cattle; small ruminants,"Component 3 supports a project website, knowledge-sharing events and training to disseminate lessons from climate-smart grassland management pilotsfile:///home/oai/share/2019-11-18_PAD3253_china-climate-smart-management-of-grassland-ecosystems-project_english.pdf.",file:///home/oai/share/2019-11-18_PAD3253_china-climate-smart-management-of-grassland-ecosystems-project_english.pdf,FALSE,Component 3,Knowledge management,,,,,
P166853,World Bank,China,2019,PAD,outcome,Improved natural grassland productivity,Sustainable Economic Growth,Productivity,Measured,cattle; small ruminants,PDO-level indicators include increased natural grassland productivity (kg dry matter per hectare)file:///home/oai/share/2019-11-18_PAD3253_china-climate-smart-management-of-grassland-ecosystems-project_english.pdf#:~:text=PDO,arrangements%20of%20these%20indicators%20are.,file:///home/oai/share/2019-11-18_PAD3253_china-climate-smart-management-of-grassland-ecosystems-project_english.pdf#:~:text=PDO,arrangements%20of%20these%20indicators%20are,FALSE,Results Framework,Indicators,,,
P166853,World Bank,China,2019,PAD,outcome,Increased grassland carbon storage,Environmental Sustainability,Climate mitigation/adaptation,Measured,cattle; small ruminants,Indicators include increased grassland carbon storage (tons of carbon per hectare) under climate-smart managementfile:///home/oai/share/2019-11-18_PAD3253_china-climate-smart-management-of-grassland-ecosystems-project_english.pdf#:~:text=PDO,arrangements%20of%20these%20indicators%20are.,file:///home/oai/share/2019-11-18_PAD3253_china-climate-smart-management-of-grassland-ecosystems-project_english.pdf#:~:text=PDO,arrangements%20of%20these%20indicators%20are,FALSE,Results Framework,Indicators,,,
P166853,World Bank,China,2019,PAD,outcome,Increase herder incomes through PES and value chain development,Sustainable Economic Growth,Income per capita,Intended,cattle; small ruminants,PDO-level indicators include increased herder incomes (annual RMB per household) resulting from climate-smart grassland management and performance-based payment schemesfile:///home/oai/share/2019-11-18_PAD3253_china-climate-smart-management-of-grassland-ecosystems-project_english.pdf#:~:text=PDO,arrangements%20of%20these%20indicators%20are.,file:///home/oai/share/2019-11-18_PAD3253_china-climate-smart-management-of-grassland-ecosystems-project_english.pdf#:~:text=PDO,arrangements%20of%20these%20indicators%20are,FALSE,Results Framework,Indicators,,,
P169758,World Bank,China,2020,PAD,objective,Demonstrate financing for green agriculture investments and foster adoption of green technologies,,,,cattle; dairy; poultry; multiple,The Program Development Objective is to demonstrate the viability of financing green agriculture investments and foster the innovation and adoption of green agriculture standards and technologies in Henanfile:///home/oai/share/2020-03-03_PAD3443_china-henan-green-agriculture-fund-project_english.pdf#:~:text=The%20proposed%20Project%20Development%20Objective,standards%20and%20technologies%20in%20Henan.,file:///home/oai/share/2020-03-03_PAD3443_china-henan-green-agriculture-fund-project_english.pdf#:~:text=The%20proposed%20Project%20Development%20Objective,standards%20and%20technologies%20in%20Henan,FALSE,Datasheet,PDO,,,
P169758,World Bank,China,2020,PAD,intervention,"Finance green livestock production technologies (nutritional improvements, low-emission feeding and manure management)",Livestock Management & Technologies,,,cattle; dairy; pigs,"Subprojects under the fund invest in green livestock production technologies such as improved ruminant nutrition and low-protein diets, enhanced manure storage and biogas digesters to reduce emissions and promote sustainable livestock practicesfile:///home/oai/share/2020-03-03_PAD3443_china-henan-green-agriculture-fund-project_english.pdf#:~:text=nutritious%2C%20and%20safe%20food%20products,of%20storage%2C%20logistics%20and%20processing.",file:///home/oai/share/2020-03-03_PAD3443_china-henan-green-agriculture-fund-project_english.pdf#:~:text=nutritious%2C%20and%20safe%20food%20products,of%20storage%2C%20logistics%20and%20processing,FALSE,Component description,Livestock subprojects,,,,
P169758,World Bank,China,2020,PAD,intervention,Improve post-harvest processing and cold chain logistics,Food Processing & Storage,,,cattle; dairy; pigs; multiple,The project finances improvements in post-harvest handling and cold-chain logistics to reduce losses and maintain quality and safety of food productsfile:///home/oai/share/2020-03-03_PAD3443_china-henan-green-agriculture-fund-project_english.pdf#:~:text=nutritious%2C%20and%20safe%20food%20products,of%20storage%2C%20logistics%20and%20processing.,file:///home/oai/share/2020-03-03_PAD3443_china-henan-green-agriculture-fund-project_english.pdf#:~:text=nutritious%2C%20and%20safe%20food%20products,of%20storage%2C%20logistics%20and%20processing,FALSE,Component description,Processing and logistics,,,
P169758,World Bank,China,2020,PAD,intervention,Leverage private capital for green agriculture via sub-funds,Markets & Finance,,,cattle; dairy; pigs; multiple,"The project establishes sub-funds under the Green Agriculture Fund to attract private capital and co-finance green agriculture technologies, including livestock manure management and high-efficiency fertilizersfile:///home/oai/share/2020-03-03_PAD3443_china-henan-green-agriculture-fund-project_english.pdf#:~:text=management,minimum%20threshold%20of%20green%20impacts.",file:///home/oai/share/2020-03-03_PAD3443_china-henan-green-agriculture-fund-project_english.pdf#:~:text=management,minimum%20threshold%20of%20green%20impacts,FALSE,Component description,Private capital,,,,
P169758,World Bank,China,2020,PAD,outcome,Externally leveraged investment amount,Sustainable Economic Growth,Income per capita,Measured,cattle; dairy; pigs; multiple,PDO-level indicators include the externally leveraged investment amount attracted through the Green Agriculture Fundfile:///home/oai/share/2020-03-03_PAD3443_china-henan-green-agriculture-fund-project_english.pdf#:~:text=nutritious%2C%20and%20safe%20food%20products,of%20storage%2C%20logistics%20and%20processing.,file:///home/oai/share/2020-03-03_PAD3443_china-henan-green-agriculture-fund-project_english.pdf#:~:text=nutritious%2C%20and%20safe%20food%20products,of%20storage%2C%20logistics%20and%20processing,FALSE,Results Framework,Indicators,,,
P169758,World Bank,China,2020,PAD,outcome,Replicable green technology solutions adopted,Environmental Sustainability,Climate mitigation/adaptation,Measured,cattle; dairy; pigs; multiple,The results framework includes the number of replicable green agriculture technology solutions adopted as an indicator of innovation and knowledge transferfile:///home/oai/share/2020-03-03_PAD3443_china-henan-green-agriculture-fund-project_english.pdf#:~:text=management,minimum%20threshold%20of%20green%20impacts.,file:///home/oai/share/2020-03-03_PAD3443_china-henan-green-agriculture-fund-project_english.pdf#:~:text=management,minimum%20threshold%20of%20green%20impacts,FALSE,Results Framework,Indicators,,,
P169758,World Bank,China,2020,PAD,outcome,Reduced greenhouse gas emissions from agriculture,Environmental Sustainability,Climate mitigation/adaptation,Measured,cattle; dairy; pigs; multiple,One of the PDO-level indicators is the reduction of greenhouse gas emissions achieved through investments in green agriculture technologiesfile:///home/oai/share/2020-03-03_PAD3443_china-henan-green-agriculture-fund-project_english.pdf#:~:text=nutritious%2C%20and%20safe%20food%20products,of%20storage%2C%20logistics%20and%20processingfile:///home/oai/share/2020-03-03_PAD3443_china-henan-green-agriculture-fund-project_english.pdf#:~:text=management,minimum%20threshold%20of%20green%20impacts.,file:///home/oai/share/2020-03-03_PAD3443_china-henan-green-agriculture-fund-project_english.pdf#:~:text=nutritious%2C%20and%20safe%20food%20products,of%20storage%2C%20logistics%20and%20processingfile:///home/oai/share/2020-03-03_PAD3443_china-henan-green-agriculture-fund-project_english.pdf#:~:text=management,minimum%20threshold%20of%20green%20impacts,FALSE,Results Framework,Indicators,
P173746,World Bank,China,2020,PID,objective,Strengthen systems to reduce risk of zoonotic and emerging health threats,,,,multiple,The Program Development Objective is to strengthen selected national and provincial systems to pilot a multi-sectoral approach for reducing the risk of zoonotic and other emerging health threatsfile:///home/oai/share/2020-06-02_PIDA28944_project-information-document-emerging-infectious-diseases-prevention-preparedness-and-response-project-p173746_english.pdf#:~:text=Proposed%20Development%20Objective.,file:///home/oai/share/2020-06-02_PIDA28944_project-information-document-emerging-infectious-diseases-prevention-preparedness-and-response-project-p173746_english.pdf#:~:text=Proposed%20Development%20Objective,FALSE,Datasheet,PDO,,,,,
P173746,World Bank,China,2020,PID,intervention,Develop risk-based surveillance systems for zoonotic diseases,Public Health,,,multiple,"The project improves risk-based surveillance by conducting risk assessments and mapping, upgrading early warning and reporting systems, strengthening laboratory networks and establishing information sharing protocolsfile:///home/oai/share/2020-06-02_PIDA28944_project-information-document-emerging-infectious-diseases-prevention-preparedness-and-response-project-p173746_english.pdf#:~:text=threats%20as%20a%20result%20of,number.",file:///home/oai/share/2020-06-02_PIDA28944_project-information-document-emerging-infectious-diseases-prevention-preparedness-and-response-project-p173746_english.pdf#:~:text=threats%20as%20a%20result%20of,number,FALSE,Component 1,Surveillance,,,,
P173746,World Bank,China,2020,PID,intervention,Implement prevention and control programs for zoonoses and other health threats,Public Health,,,multiple,"Prevention and control programs include risk communication and behavioral change, measures to reduce exposure to wildlife, demonstration of disease prevention and control in agriculture/livestock/aquaculture (such as antimicrobial resistance management, biosecurity and traceability), and improvements to market and trade infrastructure to reduce cross-contaminationfile:///home/oai/share/2020-06-02_PIDA28944_project-information-document-emerging-infectious-diseases-prevention-preparedness-and-response-project-p173746_english.pdf#:~:text=threats%20as%20a%20result%20of,numberfile:///home/oai/share/2020-06-02_PIDA28944_project-information-document-emerging-infectious-diseases-prevention-preparedness-and-response-project-p173746_english.pdf.",file:///home/oai/share/2020-06-02_PIDA28944_project-information-document-emerging-infectious-diseases-prevention-preparedness-and-response-project-p173746_english.pdf#:~:text=threats%20as%20a%20result%20of,numberfile:///home/oai/share/2020-06-02_PIDA28944_project-information-document-emerging-infectious-diseases-prevention-preparedness-and-response-project-p173746_english.pdf,FALSE,Component 2,Prevention & control,,,,
P173746,World Bank,China,2020,PID,intervention,Strengthen One Health institutional capacity and human resources,Policy & Regulatory,,,multiple,"The project strengthens One Health institutions by providing technical assistance, training and policy recommendations, piloting One Health governance structures and cross-sectoral plans, and establishing networks of centers of excellencefile:///home/oai/share/2020-06-02_PIDA28944_project-information-document-emerging-infectious-diseases-prevention-preparedness-and-response-project-p173746_english.pdf.",file:///home/oai/share/2020-06-02_PIDA28944_project-information-document-emerging-infectious-diseases-prevention-preparedness-and-response-project-p173746_english.pdf,FALSE,Component 3,Institutional strengthening,,,,,
P173746,World Bank,China,2020,PID,outcome,Enhanced detection and reporting of zoonotic and emerging health threats,Resilience,Food safety compliance,Intended,multiple,"Through risk-based surveillance and improved laboratory and reporting systems, the project expects to enhance detection and reporting of zoonotic and emerging health threatsfile:///home/oai/share/2020-06-02_PIDA28944_project-information-document-emerging-infectious-diseases-prevention-preparedness-and-response-project-p173746_english.pdf#:~:text=threats%20as%20a%20result%20of,number.",file:///home/oai/share/2020-06-02_PIDA28944_project-information-document-emerging-infectious-diseases-prevention-preparedness-and-response-project-p173746_english.pdf#:~:text=threats%20as%20a%20result%20of,number,FALSE,Results/Indicators,Outcomes,,,,
P173746,World Bank,China,2020,PID,outcome,Adoption of biosecurity and AMR management practices,Resilience,Food safety compliance,Intended,multiple,"Demonstration programs will promote adoption of biosecurity, antimicrobial resistance management and traceability measures to reduce zoonotic disease risksfile:///home/oai/share/2020-06-02_PIDA28944_project-information-document-emerging-infectious-diseases-prevention-preparedness-and-response-project-p173746_english.pdf.",file:///home/oai/share/2020-06-02_PIDA28944_project-information-document-emerging-infectious-diseases-prevention-preparedness-and-response-project-p173746_english.pdf,FALSE,Results/Indicators,Outcomes,,,,,
P173746,World Bank,China,2020,PID,outcome,Strengthened One Health governance and institutional capacity,Inducing Policy Change,Reducing food waste or institutional reform,Intended,multiple,"By piloting One Health governance structures and strengthening institutional capacity, the project expects improved coordination and policy coherence across sectorsfile:///home/oai/share/2020-06-02_PIDA28944_project-information-document-emerging-infectious-diseases-prevention-preparedness-and-response-project-p173746_english.pdf.",file:///home/oai/share/2020-06-02_PIDA28944_project-information-document-emerging-infectious-diseases-prevention-preparedness-and-response-project-p173746_english.pdf,FALSE,Results/Indicators,Outcomes,,,,,
P178907,World Bank,China,2023,PAD,objective,Enhance adoption of environmentally sustainable agricultural and rural infrastructure practices,,,,multiple,The Program Development Objective is to enhance adoption of environmentally-sustainable agricultural and rural infrastructure development practices in selected areas of Hubei and Hunanfile:///home/oai/share/2023-04-06_PAD5221_china-green-agricultural-and-rural-revitalization-program-for-results-hubei-and-hunan_english.pdf#:~:text=infrastructure%20and%20public%20services%20and,the%20multilayered%20governance%20system%2C%20the.,file:///home/oai/share/2023-04-06_PAD5221_china-green-agricultural-and-rural-revitalization-program-for-results-hubei-and-hunan_english.pdf#:~:text=infrastructure%20and%20public%20services%20and,the%20multilayered%20governance%20system%2C%20the,FALSE,Datasheet,PDO,,,
P178907,World Bank,China,2023,PAD,intervention,Promote adoption of climate-smart agriculture and waste recycling in livestock and crop value chains,Livestock Management & Technologies,,,cattle; poultry; multiple,"Results Area 2 seeks to reduce chemical fertilizer and pesticide use, treat and recycle livestock and poultry waste, provide training on green technologies, implement MRV systems for GHG emissions, and invest in efficient irrigation, cold storage, and cold chain logistics. It offers matching grants and performance-based subsidies to farmers and enterprisesfile:///home/oai/share/2023-04-06_PAD5221_china-green-agricultural-and-rural-revitalization-program-for-results-hubei-and-hunan_english.pdf.",file:///home/oai/share/2023-04-06_PAD5221_china-green-agricultural-and-rural-revitalization-program-for-results-hubei-and-hunan_english.pdf,FALSE,RA2 description,Results Area 2,,,,,
P178907,World Bank,China,2023,PAD,intervention,Improve rural solid waste and wastewater services and restore agricultural ecosystems,Ecosystem Services,,,multiple,"RA 3 extends rural solid waste and wastewater services, and RA 4 aims to restore and protect degraded agricultural ecosystems through actions such as soil health improvement, carbon sequestration, heavy metal management and treatment of aquaculture wastewaterfile:///home/oai/share/2023-04-06_PAD5221_china-green-agricultural-and-rural-revitalization-program-for-results-hubei-and-hunan_english.pdf#:~:text=RA4%20,under%20RA4.",file:///home/oai/share/2023-04-06_PAD5221_china-green-agricultural-and-rural-revitalization-program-for-results-hubei-and-hunan_english.pdf#:~:text=RA4%20,under%20RA4,FALSE,RA3 & RA4 description,Results Areas 3-4,,,,
P178907,World Bank,China,2023,PAD,intervention,Strengthen institutional capacity for sustainable agriculture governance,Policy & Regulatory,,,multiple,RA 1 aims to transform agricultural production systems by strengthening governance and management capacity to ensure productivity matches the carrying capacity of land and water resources.,,FALSE,RA1 description,Results Area 1,,,,,
P178907,World Bank,China,2023,PAD,outcome,Reduced greenhouse gas emissions and improved soil and water quality,Environmental Sustainability,Climate mitigation/adaptation,Intended,cattle; poultry; multiple,"By reducing chemical fertilizer and pesticide use and recycling livestock waste, the program seeks to lower GHG emissions and improve soil and water qualityfile:///home/oai/share/2023-04-06_PAD5221_china-green-agricultural-and-rural-revitalization-program-for-results-hubei-and-hunan_english.pdffile:///home/oai/share/2023-04-06_PAD5221_china-green-agricultural-and-rural-revitalization-program-for-results-hubei-and-hunan_english.pdf#:~:text=RA4%20,under%20RA4.",file:///home/oai/share/2023-04-06_PAD5221_china-green-agricultural-and-rural-revitalization-program-for-results-hubei-and-hunan_english.pdffile:///home/oai/share/2023-04-06_PAD5221_china-green-agricultural-and-rural-revitalization-program-for-results-hubei-and-hunan_english.pdf#:~:text=RA4%20,under%20RA4,FALSE,Results Areas 2-4,Outcomes,,,,
P178907,World Bank,China,2023,PAD,outcome,Adoption of climate-smart agriculture and waste recycling practices,Sustainable Economic Growth,Productivity,Intended,cattle; poultry; multiple,"RA 2 provides training and incentives to encourage farmers and enterprises to adopt climate-smart agriculture and waste recycling practices, monitored through MRV systemsfile:///home/oai/share/2023-04-06_PAD5221_china-green-agricultural-and-rural-revitalization-program-for-results-hubei-and-hunan_english.pdf.",file:///home/oai/share/2023-04-06_PAD5221_china-green-agricultural-and-rural-revitalization-program-for-results-hubei-and-hunan_english.pdf,FALSE,RA2 description,Outcomes,,,,,
P178907,World Bank,China,2023,PAD,outcome,Improved rural solid waste and wastewater services and restored ecosystems,Environmental Sustainability,Climate mitigation/adaptation,Intended,multiple,"RA 3 and RA 4 aim to expand rural solid waste and wastewater services and restore degraded agricultural ecosystems, enhancing soil health and carbon sequestrationfile:///home/oai/share/2023-04-06_PAD5221_china-green-agricultural-and-rural-revitalization-program-for-results-hubei-and-hunan_english.pdf#:~:text=RA4%20,under%20RA4.",file:///home/oai/share/2023-04-06_PAD5221_china-green-agricultural-and-rural-revitalization-program-for-results-hubei-and-hunan_english.pdf#:~:text=RA4%20,under%20RA4,FALSE,RA3 & RA4 description,Outcomes,,,,
P181021,World Bank,China,2024,PAD,objective,Improve productivity and lower methane emissions in selected livestock sub-sectors and enhance governance for greening livestock,,,,cattle; small ruminants; dairy; pigs; multiple,The Program Development Objective is to improve productivity and lower methane emissions in selected livestock sub-sectors and enhance the governance system for greening the livestock sector in the program counties of Gansu Provincefile:///home/oai/share/2024-06-06_PAD00032_china-sustainable-fodder-production-and-low-methane-livestock-development-program-for-results_english.pdf#:~:text=Proposed%20Program%20Development%20Objective,Program%20Counties%20of%20Gansu%20Province.,file:///home/oai/share/2024-06-06_PAD00032_china-sustainable-fodder-production-and-low-methane-livestock-development-program-for-results_english.pdf#:~:text=Proposed%20Program%20Development%20Objective,Program%20Counties%20of%20Gansu%20Province,FALSE,Datasheet,PDO,,,
P181021,World Bank,China,2024,PAD,intervention,Adopt low-emission technologies and sustainable fodder production,Livestock Management & Technologies,,,cattle; dairy; small ruminants; pigs,"RA 1 aims to support target livestock production entities to adopt low-emission technologies and practices including sustainable fodder production, improved manure collection and recycling, vaccination and animal health practices, and antimicrobial resistance plansfile:///home/oai/share/2024-06-06_PAD00032_china-sustainable-fodder-production-and-low-methane-livestock-development-program-for-results_english.pdf#:~:text=30,organic%2C%20or%20low%20emission%20standards.",file:///home/oai/share/2024-06-06_PAD00032_china-sustainable-fodder-production-and-low-methane-livestock-development-program-for-results_english.pdf#:~:text=30,organic%2C%20or%20low%20emission%20standards,FALSE,RA1 description,Low-emission practices,,,,
P181021,World Bank,China,2024,PAD,intervention,"Develop MRV systems, incentives and green certification",Policy & Regulatory,,,cattle; dairy; small ruminants; pigs,"RA 2 develops MRV systems to track GHG emissions, creates incentive systems to encourage adoption of low emission technologies, and supports green product certification and labelingfile:///home/oai/share/2024-06-06_PAD00032_china-sustainable-fodder-production-and-low-methane-livestock-development-program-for-results_english.pdf#:~:text=30,organic%2C%20or%20low%20emission%20standards.",file:///home/oai/share/2024-06-06_PAD00032_china-sustainable-fodder-production-and-low-methane-livestock-development-program-for-results_english.pdf#:~:text=30,organic%2C%20or%20low%20emission%20standards,FALSE,RA2 description,Governance & incentives,,,,
P181021,World Bank,China,2024,PAD,outcome,Increased productivity in selected livestock sub-sectors,Sustainable Economic Growth,Productivity,Measured,cattle; dairy; small ruminants; pigs,PDO-level indicators include increased productivity of selected livestock sub-sectors as a result of the program interventionsfile:///home/oai/share/2024-06-06_PAD00032_china-sustainable-fodder-production-and-low-methane-livestock-development-program-for-results_english.pdf#:~:text=36,resilience%20in%20the%20livestock%20sector.,file:///home/oai/share/2024-06-06_PAD00032_china-sustainable-fodder-production-and-low-methane-livestock-development-program-for-results_english.pdf#:~:text=36,resilience%20in%20the%20livestock%20sector,FALSE,Results Framework,Indicators,,,
P181021,World Bank,China,2024,PAD,outcome,Reduced net greenhouse gas emissions per year,Environmental Sustainability,Climate mitigation/adaptation,Measured,cattle; dairy; small ruminants; pigs,"Outcome indicators include net greenhouse gas emissions per year for program counties, reflecting reductions achieved by low-emission practicesfile:///home/oai/share/2024-06-06_PAD00032_china-sustainable-fodder-production-and-low-methane-livestock-development-program-for-results_english.pdf#:~:text=36,resilience%20in%20the%20livestock%20sector.",file:///home/oai/share/2024-06-06_PAD00032_china-sustainable-fodder-production-and-low-methane-livestock-development-program-for-results_english.pdf#:~:text=36,resilience%20in%20the%20livestock%20sector,FALSE,Results Framework,Indicators,,,,
P181021,World Bank,China,2024,PAD,outcome,Enhanced governance system for greening the livestock sector,Inducing Policy Change,Reducing food waste or institutional reform,Intended,cattle; dairy; small ruminants; pigs,PDO-level indicators include enhancement of the governance system for greening the livestock sector through MRV systems and incentivesfile:///home/oai/share/2024-06-06_PAD00032_china-sustainable-fodder-production-and-low-methane-livestock-development-program-for-results_english.pdf#:~:text=36,resilience%20in%20the%20livestock%20sector.,file:///home/oai/share/2024-06-06_PAD00032_china-sustainable-fodder-production-and-low-methane-livestock-development-program-for-results_english.pdf#:~:text=36,resilience%20in%20the%20livestock%20sector,FALSE,Results Framework,Indicators,,,
P181021,World Bank,China,2024,PAD,outcome,Improved animal health and vaccination coverage,Resilience,Food safety compliance,Intended,cattle; dairy; small ruminants; pigs,RA 1 supports vaccination and animal health practices and antimicrobial resistance management to improve animal health and reduce disease incidencefile:///home/oai/share/2024-06-06_PAD00032_china-sustainable-fodder-production-and-low-methane-livestock-development-program-for-results_english.pdf#:~:text=30,organic%2C%20or%20low%20emission%20standards.,file:///home/oai/share/2024-06-06_PAD00032_china-sustainable-fodder-production-and-low-methane-livestock-development-program-for-results_english.pdf#:~:text=30,organic%2C%20or%20low%20emission%20standards,FALSE,RA1 description,Outcomes,,,
P505267,World Bank,China,2024,PID,objective,Reduce agricultural GHG emissions and enhance productive capacity of degraded farmland,,,,unspecified,The program development objective is to reduce agriculture greenhouse gas (GHG) emissions and enhance the productive capacity of degraded farmland in selected Counties in Hubei provincefile:///home/oai/share/2024-12-19_PIDPA00173_appraisal-program-information-document-pid_english.pdf#:~:text=Program%20Development%20Objective%28s%29%2020,selected%20Counties%20in%20Hubei%20province.,file:///home/oai/share/2024-12-19_PIDPA00173_appraisal-program-information-document-pid_english.pdf#:~:text=Program%20Development%20Objective%28s%29%2020,selected%20Counties%20in%20Hubei%20province,FALSE,Program Development Objective,PDO,,,
P505267,World Bank,China,2024,PID,intervention,Strengthen institutional capacity for sustainable farmland management,Policy & Regulatory,,,unspecified,RA 1 (Enhancing institutional capacity for sustainable management of farmland ecosystem) focuses on transforming agricultural production systems through strengthened governance and management to match productivity growth with natural resource carrying capacityfile:///home/oai/share/2024-12-19_PIDPA00173_appraisal-program-information-document-pid_english.pdf#:~:text=Results%20Areas%20RA1%3A%20Optimize%20the,land%20and%20water.,file:///home/oai/share/2024-12-19_PIDPA00173_appraisal-program-information-document-pid_english.pdf#:~:text=Results%20Areas%20RA1%3A%20Optimize%20the,land%20and%20water,FALSE,Results Area 1,Institutional capacity,,,
P505267,World Bank,China,2024,PID,intervention,Adopt soil improvement and conservation technologies,"Crop Management, Technology, R&D",,,unspecified,"RA 2 supports adoption of soil improvement technologies such as conservation tillage, returning straw to farmland, using commercial organic fertilizers, planting green manure, restoring degraded farmland, water-saving irrigation, reducing chemical fertilizer use, and implementing integrated pest managementfile:///home/oai/share/2024-12-19_PIDPA00173_appraisal-program-information-document-pid_english.pdf#:~:text=RA2%3A%20Improving%20productive%20capacity%20of,and%20IPM%20technologies%20and%20practices.",file:///home/oai/share/2024-12-19_PIDPA00173_appraisal-program-information-document-pid_english.pdf#:~:text=RA2%3A%20Improving%20productive%20capacity%20of,and%20IPM%20technologies%20and%20practices,FALSE,Results Area 2,Soil improvement,,,,
P505267,World Bank,China,2024,PID,intervention,Recycle agricultural biomass to reduce GHG emissions,Ecosystem Services,,,unspecified,RA 3 focuses on recycling agricultural biomass into bioenergy and commercial organic fertilizer to reduce GHG emissions from agricultural wastefile:///home/oai/share/2024-12-19_PIDPA00173_appraisal-program-information-document-pid_english.pdf#:~:text=RA3%3A%20Recycling%20biomass%20to%20reduce,into%20new%20products%3A%20bioenergy%20and.,file:///home/oai/share/2024-12-19_PIDPA00173_appraisal-program-information-document-pid_english.pdf#:~:text=RA3%3A%20Recycling%20biomass%20to%20reduce,into%20new%20products%3A%20bioenergy%20and,FALSE,Results Area 3,Biomass recycling,,,
P505267,World Bank,China,2024,PID,outcome,Reduced net GHG emissions and increased carbon sequestration,Environmental Sustainability,Climate mitigation/adaptation,Measured,unspecified,PDO-level indicators include net GHG emissions achieved (MtCO2-e) and increased carbon sequestration (soil organic carbon g/kg) as a result of RA 2 and RA 3 activitiesfile:///home/oai/share/2024-12-19_PIDPA00173_appraisal-program-information-document-pid_english.pdf#:~:text=The%20PDO%20level%2Foutcome%20indicators%20are%3A,iv%29%20increased%20safe%20utilization.,file:///home/oai/share/2024-12-19_PIDPA00173_appraisal-program-information-document-pid_english.pdf#:~:text=The%20PDO%20level%2Foutcome%20indicators%20are%3A,iv%29%20increased%20safe%20utilization,FALSE,Results Framework,Indicators,,,
P160613,World Bank,Burundi,2018,PAD,objective,Restore land productivity and provide crisis response,,,,multiple,The PDO is to restore land productivity in targeted degraded landscapes and provide immediate and effective response during eligible crisesfile:///home/oai/share/2018-03-20_PAD2314_burundi-landscape-restoration-and-resilience-project_english.pdf#:~:text=The%C2%A0%20Project%C2%A0%20Development%C2%A0%20Objective%C2%A0%20,provide%C2%A0%20immediate%C2%A0%20and%C2%A0%20effective%20response%C2%A0to%C2%A0said%C2%A0Eligible%C2%A0Crisis%C2%A0or%C2%A0Emergency.,file:///home/oai/share/2018-03-20_PAD2314_burundi-landscape-restoration-and-resilience-project_english.pdf#:~:text=The%C2%A0%20Project%C2%A0%20Development%C2%A0%20Objective%C2%A0%20,provide%C2%A0%20immediate%C2%A0%20and%C2%A0%20effective%20response%C2%A0to%C2%A0said%C2%A0Eligible%C2%A0Crisis%C2%A0or%C2%A0Emergency,FALSE,Section: PDO,PDO,,,
P160613,World Bank,Burundi,2018,PAD,intervention,Institutional development and capacity building for landscape restoration,Policy & Regulatory,,,unspecified,"Component 1 finances technical assistance, workshops, operational costs and equipment to develop policies and capacities for land preservation and restoration, including participatory watershed management manuals, interdepartmental water management structures, landscape restoration assessments and community mobilization with inclusion of women and vulnerable groupsfile:///home/oai/share/2018-03-20_PAD2314_burundi-landscape-restoration-and-resilience-project_english.pdf#:~:text=The%C2%A0project%C2%A0will%C2%A0support%C2%A0the%C2%A0development%C2%A0of%C2%A0policies%C2%A0and%C2%A0capacities%C2%A0at%C2%A0the%C2%A0n%20ational%C2%A0and%C2%A0local%C2%A0levels%20to%C2%A0plan%C2%A0and%C2%A0implement%C2%A0land%C2%A0preservation%C2%A0and%C2%A0restoration%C2%A0in%C2%A0the%C2%A0targeted%C2%A0proj%20ect%C2%A0areas%2C%C2%A0using%C2%A0a%C2%A0resilient%20and%C2%A0integrated%C2%A0landscape%C2%A0approach,restoration%C2%A0%20opportunity%C2%A0%20assessment%20methodology%C2%A0as%C2%A0well%C2%A0as%C2%A0the%C2%A0improvement%C2%A0of%C2%A0hydro%E2%80%90meteorological%C2%A0related%C2%A0early%20warning%C2%A0services%C2%A0locally.",file:///home/oai/share/2018-03-20_PAD2314_burundi-landscape-restoration-and-resilience-project_english.pdf#:~:text=The%C2%A0project%C2%A0will%C2%A0support%C2%A0the%C2%A0development%C2%A0of%C2%A0policies%C2%A0and%C2%A0capacities%C2%A0at%C2%A0the%C2%A0n%20ational%C2%A0and%C2%A0local%C2%A0levels%20to%C2%A0plan%C2%A0and%C2%A0implement%C2%A0land%C2%A0preservation%C2%A0and%C2%A0restoration%C2%A0in%C2%A0the%C2%A0targeted%C2%A0proj%20ect%C2%A0areas%2C%C2%A0using%C2%A0a%C2%A0resilient%20and%C2%A0integrated%C2%A0landscape%C2%A0approach,restoration%C2%A0%20opportunity%C2%A0%20assessment%20methodology%C2%A0as%C2%A0well%C2%A0as%C2%A0the%C2%A0improvement%C2%A0of%C2%A0hydro%E2%80%90meteorological%C2%A0related%C2%A0early%20warning%C2%A0services%C2%A0locally,FALSE,Component 1,Component 1: Institutional development and capacity building,,,,
P160613,World Bank,Burundi,2018,PAD,intervention,"Landscape restoration and erosion control (terracing, vegetation, water harvesting)",Ecosystem Services,,,multiple,"Under Subcomponent 2.1 the project will construct over 7,800 ha of terraces and implement biophysical treatments including tree planting, agroforestry, green manure crops, fodder grass contour hedges, water harvesting and soil fertility enhancements to prevent erosion and restore degraded hillsidesfile:///home/oai/share/2018-03-20_PAD2314_burundi-landscape-restoration-and-resilience-project_english.pdf#:~:text=Subcomponent%C2%A02,Taking%C2%A0a%C2%A0community%E2%80%90driven.",file:///home/oai/share/2018-03-20_PAD2314_burundi-landscape-restoration-and-resilience-project_english.pdf#:~:text=Subcomponent%C2%A02,Taking%C2%A0a%C2%A0community%E2%80%90driven,FALSE,Component 2,Subcomponent 2.1,,,,
P160613,World Bank,Burundi,2018,PAD,intervention,Improved crop production practices and nutrition,"Crop Management, Technology, R&D",,,multiple,"Subcomponent 2.2 trains farmer groups in protecting topsoil and restoring soil fertility using sustainable land management practices, provides improved seeds and seedlings (high nutritional varieties, tree crops, fodder crops) and livestock as manure sources, and includes nutrition messages and demonstration plots with bio-fortified cropsfile:///home/oai/share/2018-03-20_PAD2314_burundi-landscape-restoration-and-resilience-project_english.pdf#:~:text=Activities%C2%A0under%C2%A0this%C2%A0subcomponent%C2%A0will%C2%A0support%C2%A0farmer%C2%A0groups%C2%A0to%C2%A0protect%C2%A0the%20topsoil%2C%C2%A0recover%C2%A0their%20soil%C2%A0fertility%2C%C2%A0and%C2%A0intensify%C2%A0crop%C2%A0production%C2%A0through%C2%A0SLM%C2%A0practices%2C%C2%A0includi%20ng%C2%A0year%E2%80%90round%C2%A0production%C2%A0of%20micronutrient%E2%80%90rich%C2%A0foods,ch%C2%A0developed%C2%A0under%C2%A0the%20Burundi%C2%A0Maternal%C2%A0and%C2%A0Child%C2%A0Nutrition%C2%A0Enhancement%C2%A0Project%2C%C2%A0while%C2%A0the%C2%A0introduc%20tion%C2%A0of%C2%A0bio%E2%80%90fortified%C2%A0crops%2C%20for%C2%A0example%2C%C2%A0beans%C2%A0and%C2%A0bananas%2C%C2%A0will%C2%A0aim%C2%A0at%C2%A0addressing%C2%A0iron%C2%A0and%C2%A0vitamin%C2%A0A%C2%A0de%20ficiencies%2C%C2%A0respectively.",file:///home/oai/share/2018-03-20_PAD2314_burundi-landscape-restoration-and-resilience-project_english.pdf#:~:text=Activities%C2%A0under%C2%A0this%C2%A0subcomponent%C2%A0will%C2%A0support%C2%A0farmer%C2%A0groups%C2%A0to%C2%A0protect%C2%A0the%20topsoil%2C%C2%A0recover%C2%A0their%20soil%C2%A0fertility%2C%C2%A0and%C2%A0intensify%C2%A0crop%C2%A0production%C2%A0through%C2%A0SLM%C2%A0practices%2C%C2%A0includi%20ng%C2%A0year%E2%80%90round%C2%A0production%C2%A0of%20micronutrient%E2%80%90rich%C2%A0foods,ch%C2%A0developed%C2%A0under%C2%A0the%20Burundi%C2%A0Maternal%C2%A0and%C2%A0Child%C2%A0Nutrition%C2%A0Enhancement%C2%A0Project%2C%C2%A0while%C2%A0the%C2%A0introduc%20tion%C2%A0of%C2%A0bio%E2%80%90fortified%C2%A0crops%2C%20for%C2%A0example%2C%C2%A0beans%C2%A0and%C2%A0bananas%2C%C2%A0will%C2%A0aim%C2%A0at%C2%A0addressing%C2%A0iron%C2%A0and%C2%A0vitamin%C2%A0A%C2%A0de%20ficiencies%2C%C2%A0respectively,FALSE,Component 2,Subcomponent 2.2,,,,
P160613,World Bank,Burundi,2018,PAD,intervention,Land certification and tenure security,Policy & Regulatory,,,unspecified,"Subcomponent 2.3 sets up and strengthens decentralized land certification offices and supports systematic land certification through inclusive processes with community consultations, dispute mediation and joint husband–wife signatures on land certificates to address gender inequityfile:///home/oai/share/2018-03-20_PAD2314_burundi-landscape-restoration-and-resilience-project_english.pdf#:~:text=Activities%C2%A0under%C2%A0this%C2%A0subcomponent%C2%A0will%C2%A0start%C2%A0before%C2%A0the%C2%A0first%C2%A0subcomponent%20to%C2%A0establish%C2%A0clear%C2%A0plot%20boundaries%C2%A0before%C2%A0starting%C2%A0the%C2%A0terraces,As%C2%A0women%C2%A0are%C2%A0currently%C2%A0not%C2%A0recognized%C2%A0in%C2%A0land%C2%A0titles%2C%20the%C2%A0project%C2%A0will%C2%A0also%C2%A0encourage%20joint%C2%A0signature%C2%A0of%C2%A0husband%C2%A0and%C2%A0wife%C2%A0on%C2%A0land%C2%A0certificates.",file:///home/oai/share/2018-03-20_PAD2314_burundi-landscape-restoration-and-resilience-project_english.pdf#:~:text=Activities%C2%A0under%C2%A0this%C2%A0subcomponent%C2%A0will%C2%A0start%C2%A0before%C2%A0the%C2%A0first%C2%A0subcomponent%20to%C2%A0establish%C2%A0clear%C2%A0plot%20boundaries%C2%A0before%C2%A0starting%C2%A0the%C2%A0terraces,As%C2%A0women%C2%A0are%C2%A0currently%C2%A0not%C2%A0recognized%C2%A0in%C2%A0land%C2%A0titles%2C%20the%C2%A0project%C2%A0will%C2%A0also%C2%A0encourage%20joint%C2%A0signature%C2%A0of%C2%A0husband%C2%A0and%C2%A0wife%C2%A0on%C2%A0land%C2%A0certificates,FALSE,Component 2,Subcomponent 2.3,,,,
P160613,World Bank,Burundi,2018,PAD,intervention,Improved management of protected areas and reserves,Ecosystem Services,,,unspecified,"Component 3 supports effective development of protected areas by providing technology, equipment and resources for surveillance and boundary demarcation, revising and implementing management plans, promoting community-led conservation and alternative income activities such as honey production, tree fruits and ecotourismfile:///home/oai/share/2018-03-20_PAD2314_burundi-landscape-restoration-and-resilience-project_english.pdf#:~:text=Component%C2%A03%3A%C2%A0Improved%C2%A0Management%C2%A0of%C2%A0Protected%C2%A0Areas%C2%A0and%C2%A0Reserves%C2%A0%28US%243%C2%A0million%29%2037,The%20proposed%C2%A0activities%C2%A0will%C2%A0scale%C2%A0up%C2%A0successful%C2%A0outcomes%C2%A0and%C2%A0address%C2%A0major%C2%A0gaps%20in%C2%A0the%C2%A0implementation%C2%A0of%20the%C2%A0management%C2%A0plans%C2%A0for%C2%A0three%C2%A0priority%C2%A0PAs%C2%A0of%C2%A0Burundi%3A%C2%A0the%C2%A0Kibira%C2%A0National%20Park%2C%C2%A0the%C2%A0Ruvubu%C2%A0National.",file:///home/oai/share/2018-03-20_PAD2314_burundi-landscape-restoration-and-resilience-project_english.pdf#:~:text=Component%C2%A03%3A%C2%A0Improved%C2%A0Management%C2%A0of%C2%A0Protected%C2%A0Areas%C2%A0and%C2%A0Reserves%C2%A0%28US%243%C2%A0million%29%2037,The%20proposed%C2%A0activities%C2%A0will%C2%A0scale%C2%A0up%C2%A0successful%C2%A0outcomes%C2%A0and%C2%A0address%C2%A0major%C2%A0gaps%20in%C2%A0the%C2%A0implementation%C2%A0of%20the%C2%A0management%C2%A0plans%C2%A0for%C2%A0three%C2%A0priority%C2%A0PAs%C2%A0of%C2%A0Burundi%3A%C2%A0the%C2%A0Kibira%C2%A0National%20Park%2C%C2%A0the%C2%A0Ruvubu%C2%A0National,FALSE,Component 3,Component 3,,,,
P160613,World Bank,Burundi,2018,PAD,outcome,Land productivity and area under sustainable landscape management,Sustainable Economic Growth,Productivity,Measured,unspecified,PDO-level results indicators include land productivity in targeted degraded landscapes and the area under sustainable landscape management practicesfile:///home/oai/share/2021-02-19_PIDISDSA28056_project-information-document-integrated-safeguards-data-sheet-burundi-landscape-restoration-and-resilience-project-p1717_english.pdf#:~:text=PDO,or%20above%20on%20project%20interventions.,file:///home/oai/share/2021-02-19_PIDISDSA28056_project-information-document-integrated-safeguards-data-sheet-burundi-landscape-restoration-and-resilience-project-p1717_english.pdf#:~:text=PDO,or%20above%20on%20project%20interventions,FALSE,Results indicators,Key Results,,,
P160613,World Bank,Burundi,2018,PAD,outcome,Community satisfaction with project interventions,Inclusivity & Women’s Empowerment,Women’s empowerment,Measured,unspecified,"The results framework includes an indicator for the share of targeted community members rating project interventions as “Satisfied” or above, disaggregated by sexfile:///home/oai/share/2021-02-19_PIDISDSA28056_project-information-document-integrated-safeguards-data-sheet-burundi-landscape-restoration-and-resilience-project-p1717_english.pdf#:~:text=PDO,or%20above%20on%20project%20interventions.",file:///home/oai/share/2021-02-19_PIDISDSA28056_project-information-document-integrated-safeguards-data-sheet-burundi-landscape-restoration-and-resilience-project-p1717_english.pdf#:~:text=PDO,or%20above%20on%20project%20interventions,FALSE,Results indicators,Key Results,,,,
P160613,World Bank,Burundi,2018,PAD,outcome,Carbon sequestration from reforestation and terraces,Environmental Sustainability,Climate mitigation/adaptation,Intended,unspecified,"The project’s carbon balance analysis estimates net carbon sequestration of −4,522,814 tCO2e due to reforestation of 3,000 ha, establishment of 6,000 ha of woodlots, terracing and improved agricultural practicesfile:///home/oai/share/2018-03-20_PAD2314_burundi-landscape-restoration-and-resilience-project_english.pdf#:~:text=8%20The%C2%A0carbon%C2%A0sequestration%C2%A0is%C2%A0mainly%C2%A0from%C2%A0reforestation%C2%A0of%C2%A03%2C000%C2%A0ha%C2%A0on%C2%A0denud%20ed%C2%A0land%C2%A0and%C2%A0establishment%C2%A0of%C2%A06%2C000%C2%A0ha%C2%A0of%20woodlots%C2%A0,The%C2%A0livestock%C2%A0component%C2%A0%2842%2C893%20tCO2e%29%C2%A0and%C2%A0application%C2%A0of%C2%A0lime%C2%A0and%C2%A0fertilizer%C2%A0on%C2%A0radical%C2%A0terraces%C2%A0%2813%2C426%C2%A0tC%20O2e%29%C2%A0will%C2%A0emit%C2%A0some%C2%A0greenhouse%C2%A0gases%2C%C2%A0which%C2%A0brings%20the%C2%A0project%E2%80%99s%C2%A0total%C2%A0carbon%C2%A0balance%C2%A0to%C2%A0%E2%88%924%2C522%2C814%C2%A0tCO2e%C2%A0%28negative%C2%A0means%C2%A0carbo%20n%C2%A0sequestration.",file:///home/oai/share/2018-03-20_PAD2314_burundi-landscape-restoration-and-resilience-project_english.pdf#:~:text=8%20The%C2%A0carbon%C2%A0sequestration%C2%A0is%C2%A0mainly%C2%A0from%C2%A0reforestation%C2%A0of%C2%A03%2C000%C2%A0ha%C2%A0on%C2%A0denud%20ed%C2%A0land%C2%A0and%C2%A0establishment%C2%A0of%C2%A06%2C000%C2%A0ha%C2%A0of%20woodlots%C2%A0,The%C2%A0livestock%C2%A0component%C2%A0%2842%2C893%20tCO2e%29%C2%A0and%C2%A0application%C2%A0of%C2%A0lime%C2%A0and%C2%A0fertilizer%C2%A0on%C2%A0radical%C2%A0terraces%C2%A0%2813%2C426%C2%A0tC%20O2e%29%C2%A0will%C2%A0emit%C2%A0some%C2%A0greenhouse%C2%A0gases%2C%C2%A0which%C2%A0brings%20the%C2%A0project%E2%80%99s%C2%A0total%C2%A0carbon%C2%A0balance%C2%A0to%C2%A0%E2%88%924%2C522%2C814%C2%A0tCO2e%C2%A0%28negative%C2%A0means%C2%A0carbo%20n%C2%A0sequestration,FALSE,Carbon analysis,Component 1,,,,
P171745,World Bank,Burundi,2021,PID,objective,Restore land productivity and provide crisis response (Additional Financing),,,,multiple,The AF retains the parent project PDO: to restore land productivity in targeted degraded landscapes and provide immediate and effective crisis responsefile:///home/oai/share/2021-02-19_PIDISDSA28056_project-information-document-integrated-safeguards-data-sheet-burundi-landscape-restoration-and-resilience-project-p1717_english.pdf#:~:text=Proposed%20Development%20Objective.,file:///home/oai/share/2021-02-19_PIDISDSA28056_project-information-document-integrated-safeguards-data-sheet-burundi-landscape-restoration-and-resilience-project-p1717_english.pdf#:~:text=Proposed%20Development%20Objective,FALSE,Basic project data,PDO,,,,,
P171745,World Bank,Burundi,2021,PID,intervention,Integrated landscape management systems (coffee landscapes),Policy & Regulatory,,,unspecified,Component 1 of the AF conducts assessments on the economic and environmental benefits of sustainable agricultural practices for crops such as coffee and develops land and forest change observation tools and training guidelines for landscape restoration and resilient production practicesfile:///home/oai/share/2021-02-19_PIDISDSA28056_project-information-document-integrated-safeguards-data-sheet-burundi-landscape-restoration-and-resilience-project-p1717_english.pdf.,file:///home/oai/share/2021-02-19_PIDISDSA28056_project-information-document-integrated-safeguards-data-sheet-burundi-landscape-restoration-and-resilience-project-p1717_english.pdf,FALSE,Component 1,ILM systems,,,,,
P171745,World Bank,Burundi,2021,PID,intervention,Sustainable food production practices and responsible commodity value chains,Livestock Management & Technologies,,,multiple,"Component 2 supports communities to restore degraded coffee landscapes, control erosion, intensify sustainable land management and crop production through training, improved inputs and livestock manure, and fosters producer–buyer exchanges for commodities like coffee, tea, fruits and honeyfile:///home/oai/share/2021-02-19_PIDISDSA28056_project-information-document-integrated-safeguards-data-sheet-burundi-landscape-restoration-and-resilience-project-p1717_english.pdf.",file:///home/oai/share/2021-02-19_PIDISDSA28056_project-information-document-integrated-safeguards-data-sheet-burundi-landscape-restoration-and-resilience-project-p1717_english.pdf,FALSE,Component 2,Sustainable food production and value chains,,,,,
P171745,World Bank,Burundi,2021,PID,intervention,Land certification under AF,Policy & Regulatory,,,unspecified,"Sub-component 2.3 of the AF provides land certification before restoration, using established approaches to secure land rights and resolve disputesfile:///home/oai/share/2021-02-19_PIDISDSA28056_project-information-document-integrated-safeguards-data-sheet-burundi-landscape-restoration-and-resilience-project-p1717_english.pdf#:~:text=%28c%29%20Sub,and%20address%20any%20land%20disputes.",file:///home/oai/share/2021-02-19_PIDISDSA28056_project-information-document-integrated-safeguards-data-sheet-burundi-landscape-restoration-and-resilience-project-p1717_english.pdf#:~:text=%28c%29%20Sub,and%20address%20any%20land%20disputes,FALSE,Component 2,Land certification,,,,
P171745,World Bank,Burundi,2021,PID,intervention,Conservation and restoration of natural habitats (Kibira National Park),Ecosystem Services,,,unspecified,Component 3 promotes conservation by involving riparian communities in natural habitat management and promoting alternative income-generating activities and sustainable agriculture around the Kibira National Parkfile:///home/oai/share/2021-02-19_PIDISDSA28056_project-information-document-integrated-safeguards-data-sheet-burundi-landscape-restoration-and-resilience-project-p1717_english.pdf#:~:text=Component%203%3A%20Conservation%20and%20restoration,agroforestry%29%2024.,file:///home/oai/share/2021-02-19_PIDISDSA28056_project-information-document-integrated-safeguards-data-sheet-burundi-landscape-restoration-and-resilience-project-p1717_english.pdf#:~:text=Component%203%3A%20Conservation%20and%20restoration,agroforestry%29%2024,FALSE,Component 3,Conservation and restoration,,,
P171745,World Bank,Burundi,2021,PID,outcome,Degraded landscapes restored and greenhouse gas emissions reduced,Environmental Sustainability,Climate mitigation/adaptation,Measured,unspecified,"Key results show that 13,397 ha of degraded landscapes will be under improved management and greenhouse gas emissions will be mitigated by 1,188,409 tCO2e over a 20‑year periodfile:///home/oai/share/2021-02-19_PIDISDSA28056_project-information-document-integrated-safeguards-data-sheet-burundi-landscape-restoration-and-resilience-project-p1717_english.pdf#:~:text=Key%20Results%2017,percent%20of%20which%20female%2C%20are.",file:///home/oai/share/2021-02-19_PIDISDSA28056_project-information-document-integrated-safeguards-data-sheet-burundi-landscape-restoration-and-resilience-project-p1717_english.pdf#:~:text=Key%20Results%2017,percent%20of%20which%20female%2C%20are,FALSE,Key Results,Key Results,,,,
P171745,World Bank,Burundi,2021,PID,outcome,Direct beneficiaries including women,Inclusivity & Women’s Empowerment,Women’s empowerment,Measured,unspecified,"The AF anticipates 48,500 direct beneficiaries, of which 54 percent are women, contributing to a total of 663,200 project beneficiariesfile:///home/oai/share/2021-02-19_PIDISDSA28056_project-information-document-integrated-safeguards-data-sheet-burundi-landscape-restoration-and-resilience-project-p1717_english.pdf#:~:text=1%2C188%2C409%20CO2e%20over%20a%2020,the%20project%20will%20set%20a.",file:///home/oai/share/2021-02-19_PIDISDSA28056_project-information-document-integrated-safeguards-data-sheet-burundi-landscape-restoration-and-resilience-project-p1717_english.pdf#:~:text=1%2C188%2C409%20CO2e%20over%20a%2020,the%20project%20will%20set%20a,FALSE,Key Results,Key Results,,,,
P154908,World Bank,Cameroon,2016,PAD,objective,Improve productivity and commercialization of selected livestock production systems,,,,cattle; small ruminants; pigs; poultry; bees,The PDO is to improve productivity of selected livestock production systems and the commercialization of their products for the targeted beneficiaries and provide immediate and effective response in the event of an eligible crisisfile:///home/oai/share/2016-10-05_PAD1664_cameroon-livestock-development-project_english.pdf#:~:text=The%20Project%20Development%20Objectives%20,an%20Eligible%20Crisis%20or%20Emergency.,file:///home/oai/share/2016-10-05_PAD1664_cameroon-livestock-development-project_english.pdf#:~:text=The%20Project%20Development%20Objectives%20,an%20Eligible%20Crisis%20or%20Emergency,FALSE,Datasheet,PDO,,,
P154908,World Bank,Cameroon,2016,PAD,intervention,Strengthen animal health services and disease surveillance,Public Health,,,cattle; small ruminants; pigs; poultry,"Sub-component 1.1 strengthens veterinary services by improving epidemio-surveillance and early detection systems for major diseases (avian influenza, CBPP, FMD, PPR, ASF, NCD), developing an animal health information system, operationalizing the sanitary mandate and supporting public and private veterinary practices; it finances surveillance activities and a vaccination campaign to vaccinate an incremental 15 percent of small ruminants against PPRfile:///home/oai/share/2016-10-05_PAD1664_cameroon-livestock-development-project_english.pdf#:~:text=Component%201%3A%20Improvement%20of%20livestock,63.",file:///home/oai/share/2016-10-05_PAD1664_cameroon-livestock-development-project_english.pdf#:~:text=Component%201%3A%20Improvement%20of%20livestock,63,FALSE,Component 1,Subcomponent 1.1,,,,
P154908,World Bank,Cameroon,2016,PAD,intervention,Improve access to high-quality genetic material and feed,Livestock Management & Technologies,,,cattle; small ruminants; pigs; poultry,Sub-component 1.2 improves access to high-quality inputs by developing a strategy and investment plan to increase the supply of improved animal genetic resources and financing five breeding and seed centers to supply improved breeds and pasture seeds; it promotes good practices in feed production and develops norms and quality standards for feed and pasture seedsfile:///home/oai/share/2016-10-05_PAD1664_cameroon-livestock-development-project_english.pdf#:~:text=Sub,partially%20finance%20the%20investment%20plan.,file:///home/oai/share/2016-10-05_PAD1664_cameroon-livestock-development-project_english.pdf#:~:text=Sub,partially%20finance%20the%20investment%20plan,FALSE,Component 1,Subcomponent 1.2,,,
P154908,World Bank,Cameroon,2016,PAD,intervention,"Institutional support, capacity building and communication",Advisory and Extension,,,unspecified,"Sub-component 1.3 strengthens staff capacity through training and education, improves MINEPIA’s information system, develops a communication strategy, supports development of food safety norms and regional centers for livestock product promotion, strengthens inter-professional associations and develops a contingency emergency response planfile:///home/oai/share/2016-10-05_PAD1664_cameroon-livestock-development-project_english.pdf#:~:text=Sub,preparedness%20in%20the%20event%20of.",file:///home/oai/share/2016-10-05_PAD1664_cameroon-livestock-development-project_english.pdf#:~:text=Sub,preparedness%20in%20the%20event%20of,FALSE,Component 1,Subcomponent 1.3,,,,
P154908,World Bank,Cameroon,2016,PAD,intervention,Community-based pastoral management and improved production practices,Livestock Management & Technologies,,,cattle; small ruminants; poultry,"Sub-component 2.1 supports participatory development and implementation of communal pastoral management plans and improves production practices (herd management, forage productivity) with special attention to participation of women, youth, elderly and other vulnerable groupsfile:///home/oai/share/2016-10-05_PAD1664_cameroon-livestock-development-project_english.pdf#:~:text=Sub,production%20practices%20and%20the%20community.",file:///home/oai/share/2016-10-05_PAD1664_cameroon-livestock-development-project_english.pdf#:~:text=Sub,production%20practices%20and%20the%20community,FALSE,Component 2,Subcomponent 2.1,,,,
P154908,World Bank,Cameroon,2016,PAD,intervention,Support commercialization and marketing of pastoral livestock products,Markets & Finance,,,cattle; small ruminants; poultry,"Sub-component 2.2 increases commercialization by establishing dialogue platforms for municipal market management, strengthening marketing capacity among pastoralists and improving access to market information for salesfile:///home/oai/share/2016-10-05_PAD1664_cameroon-livestock-development-project_english.pdf#:~:text=livestock%20products,increase%20the%20amount%20and%20quality.",file:///home/oai/share/2016-10-05_PAD1664_cameroon-livestock-development-project_english.pdf#:~:text=livestock%20products,increase%20the%20amount%20and%20quality,FALSE,Component 2,Subcomponent 2.2,,,,
P154908,World Bank,Cameroon,2016,PAD,intervention,Safety nets and resilience support for poor and conflict-affected communities,Behavior Communication Change & Social Programs,,,multiple,"Sub-component 2.3 offers productive safety nets for poor and conflict-affected communities, including labor-saving devices, promotion of diversified food production and income generation, and behavioral change communication for women on access to new technologies and maternal and child nutritionfile:///home/oai/share/2016-10-05_PAD1664_cameroon-livestock-development-project_english.pdf#:~:text=communities%20and%20community%20based%20organizations,care%2C%20and%20child%20feeding%20practice.",file:///home/oai/share/2016-10-05_PAD1664_cameroon-livestock-development-project_english.pdf#:~:text=communities%20and%20community%20based%20organizations,care%2C%20and%20child%20feeding%20practice,FALSE,Component 2,Subcomponent 2.3,,,,
P154908,World Bank,Cameroon,2016,PAD,intervention,Establish productive partnerships and finance sub-projects for producer organizations,Markets & Finance,,,cattle; small ruminants; pigs; poultry; bees,"Component 3 promotes productive partnerships between livestock producer organizations and buyers, supports market studies and an online market information system, mobilizes financial institutions and finances sub-projects through matching grants for feed production, improved husbandry techniques, small-scale processing, waste management and renewable energyfile:///home/oai/share/2016-10-05_PAD1664_cameroon-livestock-development-project_english.pdf#:~:text=subcomponents%3A%20,IPPF%20prepared%20for%20the%20project.",file:///home/oai/share/2016-10-05_PAD1664_cameroon-livestock-development-project_english.pdf#:~:text=subcomponents%3A%20,IPPF%20prepared%20for%20the%20project,FALSE,Component 3,Component 3,,,,
P154908,World Bank,Cameroon,2016,PAD,outcome,Increased productivity of targeted livestock species,Sustainable Economic Growth,Productivity,Measured,cattle; small ruminants; pigs; poultry; bees,"PDO indicators include ruminant mortality rate, broiler live weight per m² per year, pig weanlings per sow per year, liters of milk per cow per lactation, and kilograms of honey per beehive per yearfile:///home/oai/share/2016-10-05_PAD1664_cameroon-livestock-development-project_english.pdf#:~:text=Productivity%20of%20targeted%20species%20by,goat%2C%20poultry%2C%20pig%2C%20and%20bees.",file:///home/oai/share/2016-10-05_PAD1664_cameroon-livestock-development-project_english.pdf#:~:text=Productivity%20of%20targeted%20species%20by,goat%2C%20poultry%2C%20pig%2C%20and%20bees,FALSE,Results framework,PDO indicators,,,,
P154908,World Bank,Cameroon,2016,PAD,outcome,Incremental sales and technology adoption,Sustainable Economic Growth,Income per capita,Measured,cattle; small ruminants; pigs; poultry; bees,"The results framework tracks the percentage increase in incremental sales in targeted value chains, numbers of farmers reached with agricultural assets or services (including female and youth), and farmers adopting improved agricultural technologyfile:///home/oai/share/2016-10-05_PAD1664_cameroon-livestock-development-project_english.pdf#:~:text=36%20%28Number%20%E2%80%93%20Sub,00file:///home/oai/share/2016-10-05_PAD1664_cameroon-livestock-development-project_english.pdf#:~:text=Farmers%20adopting%20improved%20agricultural%20technology,00.",file:///home/oai/share/2016-10-05_PAD1664_cameroon-livestock-development-project_english.pdf#:~:text=36%20%28Number%20%E2%80%93%20Sub,00file:///home/oai/share/2016-10-05_PAD1664_cameroon-livestock-development-project_english.pdf#:~:text=Farmers%20adopting%20improved%20agricultural%20technology,0,FALSE,Results framework,PDO and intermediate indicators,,,
P178715,World Bank,Albania,2023,PAD,objective,Increase competitiveness and climate resilience of priority agri-food value chains,,,,,The Project Development Objective is to increase competitiveness and climate resilience of priority agri-food value chains.,file:///home/oai/share/2023-02-22_PAD5244_albania-climate-resilience-and-agriculture-development-project_english.pdf#:~:text=The%20Project%20Development%20Objective%20is,food%20value%20chains,FALSE,datasheet,Datasheet,,,,
P178715,World Bank,Albania,2023,PAD,intervention,Micro food hubs and clusters for typical food products,Markets & Finance,,,multiple,"Component 1.1 develops micro food hubs (MFHs) to shorten value chains, providing sorting, grading, processing, cold storage and transport, including a dedicated channel for women farmers. It also supports clusters for typical products (olive oil, processed fruits/vegetables) to promote value addition and rural tourism.",file:///home/oai/share/2023-02-22_PAD5244_albania-climate-resilience-and-agriculture-development-project_english.pdf#:~:text=Component%201%3A%20Promoting%20Climate%20Smart,GCRF%20Pillar%203%20%E2%80%9CStrengthening%20Resilience%E2%80%9Dfile:///home/oai/share/2023-02-22_PAD5244_albania-climate-resilience-and-agriculture-development-project_english.pdf#:~:text=,rural%20development%20and%20drives%20the,FALSE,1135-1273,Component 1: Promoting Climate Smart Agriculture and Access to Markets,,,
P178715,World Bank,Albania,2023,PAD,intervention,Climate-smart agriculture IT platform,Advisory and Extension,,,multiple,"A Climate Smart Agriculture IT platform will collect field data via sensors and provide real-time recommendations on irrigation scheduling, fertilization and climate adaptation.",file:///home/oai/share/2023-02-22_PAD5244_albania-climate-resilience-and-agriculture-development-project_english.pdf,FALSE,1286-1311,Component 1: Promoting Climate Smart Agriculture and Access to Markets,,,,,
P178715,World Bank,Albania,2023,PAD,intervention,Modernize irrigation and drainage systems,Rural/Public Infrastructure,,,multiple,"The project modernizes irrigation and drainage schemes in Divjaka and Mursi, installing pressurized systems with smart meters, solar-powered pumps, SCADA systems and solar PV, enhancing water and energy efficiency.",file:///home/oai/share/2023-02-22_PAD5244_albania-climate-resilience-and-agriculture-development-project_english.pdf,FALSE,1360-1478,Component 1: Promoting Climate Smart Agriculture and Access to Markets,,,,,
P178715,World Bank,Albania,2023,PAD,intervention,Upgrade border inspection posts and inspection capacity,Public Health,,,multiple,"Component 2 improves compliance with food safety, veterinary and plant health standards by upgrading border inspection posts with modern equipment, IT systems and storage, and by training inspection staff.",file:///home/oai/share/2023-02-22_PAD5244_albania-climate-resilience-and-agriculture-development-project_english.pdf#:~:text=24,under%20the%20component%20will%20include,FALSE,1481-1610,Component 2: Strengthening Compliance with Food Safety Standards,,,,
P178715,World Bank,Albania,2023,PAD,intervention,Strengthen monitoring and digital analytics for agriculture,Policy & Regulatory,,,multiple,Component 3 enhances MARD’s capacity by developing a business intelligence system for agriculture data collection and scaling up the irrigation and drainage management information system across municipalities.,file:///home/oai/share/2023-02-22_PAD5244_albania-climate-resilience-and-agriculture-development-project_english.pdf,FALSE,1611-1746,Component 3: Enhancing Evidence-Based Analysis and Monitoring,,,,,
P178715,World Bank,Albania,2023,PAD,outcome,Sales of produce through micro food hubs,Sustainable Economic Growth,Income per capita,Measured,multiple,PDO-level indicators include sales of produce through micro food hubs as a measure of project success.,file:///home/oai/share/2023-02-22_PAD5244_albania-climate-resilience-and-agriculture-development-project_english.pdf#:~:text=The%20Project%20Development%20Objective%20is,food%20value%20chains,FALSE,datasheet,Results Framework,,,,
P178715,World Bank,Albania,2023,PAD,outcome,Farmers connected to pressurized irrigation service,Resilience,Climate resilience,Measured,multiple,PDO-level indicators track the percentage of farmers connected to pressurized irrigation service.,file:///home/oai/share/2023-02-22_PAD5244_albania-climate-resilience-and-agriculture-development-project_english.pdf#:~:text=The%20Project%20Development%20Objective%20is,food%20value%20chains,FALSE,datasheet,Results Framework,,,,
P178715,World Bank,Albania,2023,PAD,outcome,Energy consumption covered by renewable energy,Environmental Sustainability,Climate mitigation/adaptation,Measured,multiple,PDO-level indicators include the percentage of energy consumption covered by renewable energy.,file:///home/oai/share/2023-02-22_PAD5244_albania-climate-resilience-and-agriculture-development-project_english.pdf#:~:text=The%20Project%20Development%20Objective%20is,food%20value%20chains,FALSE,datasheet,Results Framework,,,,
P178715,World Bank,Albania,2023,PAD,outcome,Accredited methods at National Reference Laboratory,Resilience,Food safety compliance,Measured,multiple,"PDO-level indicators include the number of accredited methods at the National Reference Laboratory for food safety, veterinary and plant health.",file:///home/oai/share/2023-02-22_PAD5244_albania-climate-resilience-and-agriculture-development-project_english.pdf#:~:text=The%20Project%20Development%20Objective%20is,food%20value%20chains,FALSE,datasheet,Results Framework,,,,
P167678,World Bank,Benin,2019,PAD,objective,Improve management of targeted gazetted forests and strengthen NTFP value chains,,,,,"The PDO is to improve integrated management of targeted gazetted forests, increase access to fuelwood produced sustainably, and strengthen selected non-timber forest product value chains for forest-dependent communities.",file:///home/oai/share/2019-05-08_PAD3250_benin-gazetted-forests-management-project_english.pdf#:~:text=7,dependent%20communities,FALSE,datasheet,Datasheet,,,,
P167678,World Bank,Benin,2019,PAD,intervention,Strengthen forest governance and capacity,Ecosystem Services,,,forest ecosystems,"Component 1 strengthens forest governance by building capacity of the forestry administration, providing patrolling equipment and early warning systems, and developing management plans and socio-economic studies.",file:///home/oai/share/2019-05-08_PAD3250_benin-gazetted-forests-management-project_english.pdf,FALSE,973-1029,Component 1: Forest Governance,,,,,
P167678,World Bank,Benin,2019,PAD,intervention,Promote agricultural intensification and agroforestry,"Crop Management, Technology & R&D",,,multiple,"Subcomponent 2.1 promotes agricultural intensification and agroforestry by mapping and demarcating forests, providing training and inputs such as seeds and fertilizers, and integrating agroforestry practices in gazetted forests.",file:///home/oai/share/2019-05-08_PAD3250_benin-gazetted-forests-management-project_english.pdf#:~:text=GFs.%20The%20sub,14,FALSE,1188-1249,Component 2: Sustainable Management of Gazetted Forests,,,,
P167678,World Bank,Benin,2019,PAD,intervention,Manage transhumance and pastoral corridors,Rural/Public Infrastructure,,,livestock (cattle; small ruminants),"Subcomponent 2.2 manages transhumance by establishing control posts, delimiting corridors, raising awareness about sustainable grazing, encouraging early fire setting and improving pastures through fodder tree and grass planting.",file:///home/oai/share/2019-05-08_PAD3250_benin-gazetted-forests-management-project_english.pdf,FALSE,1254-1294,Component 2: Sustainable Management of Gazetted Forests,,,,,
P167678,World Bank,Benin,2019,PAD,outcome,Area under sustainable management and net GHG emissions reduction,Environmental Sustainability,Climate mitigation/adaptation,Measured,forest ecosystems,PDO-level indicators measure the area of gazetted forests under sustainable management and net GHG emissions reduction.,file:///home/oai/share/2019-05-08_PAD3250_benin-gazetted-forests-management-project_english.pdf#:~:text=conservation%20areas%2C%20and%20sustainable%20extraction,Project%20Development%20Objective%20PDO%20Statement,FALSE,920-947,Results Framework,,,,
P167678,World Bank,Benin,2019,PAD,outcome,Communities with increased income through NTFP value chains,Sustainable Economic Growth,Income per capita,Measured,forest-dependent communities,PDO-level indicators include the number of communities with increased access to income sources through strengthened NTFP value chains.,file:///home/oai/share/2019-05-08_PAD3250_benin-gazetted-forests-management-project_english.pdf#:~:text=conservation%20areas%2C%20and%20sustainable%20extraction,Project%20Development%20Objective%20PDO%20Statement,FALSE,920-947,Results Framework,,,,
P167678,World Bank,Benin,2019,PAD,outcome,Standing volume of wood plantations,Environmental Sustainability,Climate mitigation/adaptation,Measured,forest ecosystems,"PDO-level indicators track the standing volume of wood plantations, reflecting forest restoration and sustainable fuelwood supply.",file:///home/oai/share/2019-05-08_PAD3250_benin-gazetted-forests-management-project_english.pdf#:~:text=conservation%20areas%2C%20and%20sustainable%20extraction,Project%20Development%20Objective%20PDO%20Statement,FALSE,920-947,Results Framework,,,,
P509357,World Bank,Chad,2025,PID,objective,Support climate resilient landscapes and livelihoods through sustainable natural resource management,,,,unspecified,The datasheet states that the proposed development objective is “to support climate resilient landscapes and livelihoods through sustainable natural resource management in targeted areas in Chad.”,file:///home/oai/share/2025-02-19_PIDDC01226_concept-project-information-document-pid_english.pdf#:~:text=Proposed%20Development%20Objective,in%20targeted%20areas%20in%20Chad,FALSE,p. 1,Datasheet,,,,
P509357,World Bank,Chad,2025,PID,intervention,Invest in climate‑resilient water infrastructure and green water catchments,Rural/Public Infrastructure,,,unspecified,The document notes that the operation will invest in climate‑resilient water infrastructure and natural/green water catchment infrastructure to support resilient landscapes and livelihoodsfile:///home/oai/share/2025-02-19_PIDDC01226_concept-project-information-document-pid_english.pdf#:~:text=The%20interventions%20of%20the%20proposed,cutting.,file:///home/oai/share/2025-02-19_PIDDC01226_concept-project-information-document-pid_english.pdf#:~:text=The%20interventions%20of%20the%20proposed,cutting,FALSE,p. 6,Project context,,,
P509357,World Bank,Chad,2025,PID,intervention,Restore degraded land,Ecosystem Services,,,unspecified,The PID lists restoring degraded land among the investments to address deforestation and promote sustainable natural resource managementfile:///home/oai/share/2025-02-19_PIDDC01226_concept-project-information-document-pid_english.pdf#:~:text=The%20interventions%20of%20the%20proposed,cutting.,file:///home/oai/share/2025-02-19_PIDDC01226_concept-project-information-document-pid_english.pdf#:~:text=The%20interventions%20of%20the%20proposed,cutting,FALSE,p. 6,Project context,,,
P509357,World Bank,Chad,2025,PID,intervention,Address drivers of deforestation and unsustainable natural resource use,Forestry Management & Technologies,,,unspecified,"To promote sustainable land use, the project will address drivers of deforestation, forest degradation and unsustainable natural‑resource usefile:///home/oai/share/2025-02-19_PIDDC01226_concept-project-information-document-pid_english.pdf#:~:text=The%20interventions%20of%20the%20proposed,cutting.",file:///home/oai/share/2025-02-19_PIDDC01226_concept-project-information-document-pid_english.pdf#:~:text=The%20interventions%20of%20the%20proposed,cutting,FALSE,p. 6,Project context,,,,
P509357,World Bank,Chad,2025,PID,intervention,Promote agro‑ecological practices and nature‑positive value chains,Livestock Management & Technologies,,,unspecified,The PID highlights support for agro‑ecological practices and nature‑positive value chains as part of the climate resilience strategyfile:///home/oai/share/2025-02-19_PIDDC01226_concept-project-information-document-pid_english.pdf#:~:text=The%20interventions%20of%20the%20proposed,cutting.,file:///home/oai/share/2025-02-19_PIDDC01226_concept-project-information-document-pid_english.pdf#:~:text=The%20interventions%20of%20the%20proposed,cutting,FALSE,p. 6,Project context,,,
P509357,World Bank,Chad,2025,PID,intervention,Strengthen local natural‑resource management committees and integrated landscapes,Advisory and Extension,,,unspecified,"The PID notes that implementation will strengthen local natural resource management committees and promote an integrated landscapes approach, including conflict management and capacity buildingfile:///home/oai/share/2025-02-19_PIDDC01226_concept-project-information-document-pid_english.pdf.",file:///home/oai/share/2025-02-19_PIDDC01226_concept-project-information-document-pid_english.pdf,FALSE,p. 8,Component description,,,,,
P509357,World Bank,Chad,2025,PID,intervention,Community‑driven agro‑silvo‑pastoral and income‑generating investments,Livestock Management & Technologies,,,unspecified,"The PID describes support for community‑driven agro‑silvo‑pastoral micro‑projects — including horticulture, small‑scale irrigation, feed crops, improved agricultural and pastoral production and alternative livelihood activities — to enhance incomes and resiliencefile:///home/oai/share/2025-02-19_PIDDC01226_concept-project-information-document-pid_english.pdf.",file:///home/oai/share/2025-02-19_PIDDC01226_concept-project-information-document-pid_english.pdf,FALSE,p. 8,Component description,,,,,
P509357,World Bank,Chad,2025,PID,outcome,Area of land under enhanced conservation management,Environmental Sustainability,Biodiversity/soil health,Intended,unspecified,The key results list hectares of land under enhanced conservation management as a core outcomefile:///home/oai/share/2025-02-19_PIDDC01226_concept-project-information-document-pid_english.pdf#:~:text=Key%20Results%20.,file:///home/oai/share/2025-02-19_PIDDC01226_concept-project-information-document-pid_english.pdf#:~:text=Key%20Results%20,FALSE,p. 7,Results framework,,,,,
P509357,World Bank,Chad,2025,PID,outcome,Area of land restored,Environmental Sustainability,Land restoration,Intended,unspecified,The results indicators include the area of land restored as part of the project’s conservation and restoration effortsfile:///home/oai/share/2025-02-19_PIDDC01226_concept-project-information-document-pid_english.pdf#:~:text=Key%20Results%20.,file:///home/oai/share/2025-02-19_PIDDC01226_concept-project-information-document-pid_english.pdf#:~:text=Key%20Results%20,FALSE,p. 7,Results framework,,,,,
P509357,World Bank,Chad,2025,PID,outcome,Area under new or improved production techniques,Sustainable Economic Growth,Productivity/technology adoption,Intended,unspecified,"Indicators include the area of land under new or improved production techniques, reflecting adoption of improved agricultural practicesfile:///home/oai/share/2025-02-19_PIDDC01226_concept-project-information-document-pid_english.pdf#:~:text=Key%20Results%20.",file:///home/oai/share/2025-02-19_PIDDC01226_concept-project-information-document-pid_english.pdf#:~:text=Key%20Results%20,FALSE,p. 7,Results framework,,,,,
P509357,World Bank,Chad,2025,PID,outcome,People with enhanced resilience to climate risks,Resilience,Climate resilience,Intended,unspecified,The results framework counts the number of people with enhanced resilience to climate risks following project activitiesfile:///home/oai/share/2025-02-19_PIDDC01226_concept-project-information-document-pid_english.pdf#:~:text=Key%20Results%20.,file:///home/oai/share/2025-02-19_PIDDC01226_concept-project-information-document-pid_english.pdf#:~:text=Key%20Results%20,FALSE,p. 7,Results framework,,,,,
P509357,World Bank,Chad,2025,PID,outcome,Producers adopting improved practices,Sustainable Economic Growth,Adoption of improved practices,Intended,unspecified,The results framework includes the number of producers adopting improved practices as a measure of adoption and technology transferfile:///home/oai/share/2025-02-19_PIDDC01226_concept-project-information-document-pid_english.pdf#:~:text=Key%20Results%20.,file:///home/oai/share/2025-02-19_PIDDC01226_concept-project-information-document-pid_english.pdf#:~:text=Key%20Results%20,FALSE,p. 7,Results framework,,,,,
P509357,World Bank,Chad,2025,PID,outcome,People trained on climate risks and farmers adopting agro‑ecology technologies,Inclusivity & Women’s Empowerment,Knowledge increase,Intended,unspecified,The key results mention the number of people with awareness raised on climate risks and farmers adopting new agro‑ecology technologiesfile:///home/oai/share/2025-02-19_PIDDC01226_concept-project-information-document-pid_english.pdf#:~:text=Key%20Results%20.,file:///home/oai/share/2025-02-19_PIDDC01226_concept-project-information-document-pid_english.pdf#:~:text=Key%20Results%20,FALSE,p. 7,Results framework,,,,,
P509357,World Bank,Chad,2025,PID,outcome,People with increased incomes from non‑timber forest products,Sustainable Economic Growth,Income increase,Intended,unspecified,The results framework lists the number of people with increased incomes from non‑timber forest productsfile:///home/oai/share/2025-02-19_PIDDC01226_concept-project-information-document-pid_english.pdf#:~:text=Key%20Results%20.,file:///home/oai/share/2025-02-19_PIDDC01226_concept-project-information-document-pid_english.pdf#:~:text=Key%20Results%20,FALSE,p. 7,Results framework,,,,,
P180033,World Bank,Colombia,2022,PID,objective,"Accelerate climate action through energy transition, sustainable land use and resilience",,,,unspecified,"The datasheet states that the objective is to accelerate climate action by (i) advancing the low‑carbon energy transition, (ii) promoting sustainable land use, and (iii) building resilience and adaptation to climate changefile:///home/oai/share/2022-11-18_PIDA35042_appraisal-program-information-document-pid-colombia-green-and-resilient-dpo-p180033_english.pdf#:~:text=Proposed%20Development%20Objective.",file:///home/oai/share/2022-11-18_PIDA35042_appraisal-program-information-document-pid-colombia-green-and-resilient-dpo-p180033_english.pdf#:~:text=Proposed%20Development%20Objective,FALSE,p. 2,Datasheet,,,,,
P180033,World Bank,Colombia,2022,PID,intervention,Define sustainable agricultural activities in páramos and promote sustainable livestock systems,Policy & Regulatory,,,unspecified,Pillar 2 measures include defining sustainable agricultural activities in páramos and promoting sustainable livestock systems to improve sustainabilityfile:///home/oai/share/2022-11-18_PIDA35042_appraisal-program-information-document-pid-colombia-green-and-resilient-dpo-p180033_english.pdf#:~:text=public%20goods%20of%20critical%20importance,the%20introduction%20of%20agricultural%20insurance.,file:///home/oai/share/2022-11-18_PIDA35042_appraisal-program-information-document-pid-colombia-green-and-resilient-dpo-p180033_english.pdf#:~:text=public%20goods%20of%20critical%20importance,the%20introduction%20of%20agricultural%20insurance,FALSE,p. 6,Policy actions,,,
P180033,World Bank,Colombia,2022,PID,intervention,Improve conditions for multipurpose cadaster roll‑out,Policy & Regulatory,,,unspecified,The same section notes that the operation will improve conditions for an accelerated roll‑out of the multipurpose cadasterfile:///home/oai/share/2022-11-18_PIDA35042_appraisal-program-information-document-pid-colombia-green-and-resilient-dpo-p180033_english.pdf#:~:text=public%20goods%20of%20critical%20importance,the%20introduction%20of%20agricultural%20insurance.,file:///home/oai/share/2022-11-18_PIDA35042_appraisal-program-information-document-pid-colombia-green-and-resilient-dpo-p180033_english.pdf#:~:text=public%20goods%20of%20critical%20importance,the%20introduction%20of%20agricultural%20insurance,FALSE,p. 6,Policy actions,,,
P180033,World Bank,Colombia,2022,PID,intervention,Build resilience among farmers through agricultural insurance and integrate disaster risk management,Markets & Finance,,,unspecified,Pillar 3 of the operation supports integrating disaster risk management with climate adaptation and building resilience among farmers and producers through agricultural insurancefile:///home/oai/share/2022-11-18_PIDA35042_appraisal-program-information-document-pid-colombia-green-and-resilient-dpo-p180033_english.pdf#:~:text=implementing%20NDC%20adaptation%20actions%2C%20including,the%20introduction%20of%20agricultural%20insurance.,file:///home/oai/share/2022-11-18_PIDA35042_appraisal-program-information-document-pid-colombia-green-and-resilient-dpo-p180033_english.pdf#:~:text=implementing%20NDC%20adaptation%20actions%2C%20including,the%20introduction%20of%20agricultural%20insurance,FALSE,p. 6,Policy actions,,,
P180033,World Bank,Colombia,2022,PID,intervention,Develop CONPES for sustainable livestock production and target subsidized agricultural insurance,Policy & Regulatory,,,unspecified,"The PID notes indicative triggers such as developing a CONPES for sustainable livestock production, strengthening cadaster institutions and targeting subsidized agricultural insurance to vulnerable groupsfile:///home/oai/share/2022-11-18_PIDA35042_appraisal-program-information-document-pid-colombia-green-and-resilient-dpo-p180033_english.pdf#:~:text=Indicative%20Trigger%206%20supports%20the,agricultural%20insurance%20to%20vulnerable%20groups.",file:///home/oai/share/2022-11-18_PIDA35042_appraisal-program-information-document-pid-colombia-green-and-resilient-dpo-p180033_english.pdf#:~:text=Indicative%20Trigger%206%20supports%20the,agricultural%20insurance%20to%20vulnerable%20groups,FALSE,p. 7,Indicative triggers,,,,
P180033,World Bank,Colombia,2022,PID,outcome,Reduced land‑use change and increased uptake of sustainable livestock systems,Environmental Sustainability,Reduced deforestation,Intended,unspecified,The results section notes that policy actions will contribute to reducing land‑use change and increasing the uptake of sustainable livestock systemsfile:///home/oai/share/2022-11-18_PIDA35042_appraisal-program-information-document-pid-colombia-green-and-resilient-dpo-p180033_english.pdf#:~:text=5,of%20sustainable%20livestock%20systems%2C%20and.,file:///home/oai/share/2022-11-18_PIDA35042_appraisal-program-information-document-pid-colombia-green-and-resilient-dpo-p180033_english.pdf#:~:text=5,of%20sustainable%20livestock%20systems%2C%20and,FALSE,p. 5,Expected results,,,
P180033,World Bank,Colombia,2022,PID,outcome,Improved planning and response capacity and strengthened agricultural insurance,Resilience,Climate resilience,Intended,unspecified,The same section highlights that improved planning and response capacity and strengthened agricultural insurance will enhance farmers’ and livestock producers’ resiliencefile:///home/oai/share/2022-11-18_PIDA35042_appraisal-program-information-document-pid-colombia-green-and-resilient-dpo-p180033_english.pdf#:~:text=5,of%20sustainable%20livestock%20systems%2C%20and.,file:///home/oai/share/2022-11-18_PIDA35042_appraisal-program-information-document-pid-colombia-green-and-resilient-dpo-p180033_english.pdf#:~:text=5,of%20sustainable%20livestock%20systems%2C%20and,FALSE,p. 5,Expected results,,,
P180033,World Bank,Colombia,2022,PID,outcome,"Reduced GHG emissions and improved water, biodiversity and soil quality through climate‑smart livestock",Environmental Sustainability,GHG reduction,Intended,unspecified,"The environmental analysis notes that low‑impact agricultural guidelines and climate‑smart livestock techniques will reduce GHG emissions and improve water management, biodiversity and soil quality, and that the cadaster roll‑out will reduce deforestationfile:///home/oai/share/2022-11-18_PIDA35042_appraisal-program-information-document-pid-colombia-green-and-resilient-dpo-p180033_english.pdf#:~:text=areas,to%20have%20positive%20distributional%20impacts.",file:///home/oai/share/2022-11-18_PIDA35042_appraisal-program-information-document-pid-colombia-green-and-resilient-dpo-p180033_english.pdf#:~:text=areas,to%20have%20positive%20distributional%20impacts,FALSE,Annex,Environmental & social analysis,,,,
P505271,World Bank,Republic of Congo,2024,PID,objective,Increase domestic production in targeted poultry and aquaculture value chains,,,,poultry; aquaculture,The datasheet states that the proposed development objective is “to sustainably increase domestic production in targeted poultry and aquaculture value chains in the Republic of Congo”file:///home/oai/share/2024-12-02_PIDDC00866_concept-project-information-document-pid_english.pdf#:~:text=Proposed%20Development%20Objective,in%20the%20Republic%20of%20Congo.,file:///home/oai/share/2024-12-02_PIDDC00866_concept-project-information-document-pid_english.pdf#:~:text=Proposed%20Development%20Objective,in%20the%20Republic%20of%20Congo,FALSE,p. 1,Datasheet,,,
P505271,World Bank,Republic of Congo,2024,PID,intervention,Regulatory reforms and capacity building for aquaculture and poultry,Policy & Regulatory,,,poultry; aquaculture,"The project will strengthen the agribusiness ecosystem by enhancing the policy and regulatory framework for aquaculture and poultry, providing business skills and technical capacity to public and private services, and supporting demonstration farms and trainingfile:///home/oai/share/2024-12-02_PIDDC00866_concept-project-information-document-pid_english.pdf#:~:text=comprise%20three%20technical%20components%3A%20Component,Expanding%20access%20to%20finance.",file:///home/oai/share/2024-12-02_PIDDC00866_concept-project-information-document-pid_english.pdf#:~:text=comprise%20three%20technical%20components%3A%20Component,Expanding%20access%20to%20finance,FALSE,p. 7,Component 1,,,,
P505271,World Bank,Republic of Congo,2024,PID,intervention,Support critical infrastructure and last‑mile services,Rural/Public Infrastructure,,,poultry; aquaculture,"Subcomponent 1.3 includes investments in last‑mile infrastructure—such as access roads, water supply, electricity and digital connectivity—packhouses, demonstration farms and improved diagnostic laboratories to support poultry and aquaculture productionfile:///home/oai/share/2024-12-02_PIDDC00866_concept-project-information-document-pid_english.pdf#:~:text=comprise%20three%20technical%20components%3A%20Component,Expanding%20access%20to%20finance.",file:///home/oai/share/2024-12-02_PIDDC00866_concept-project-information-document-pid_english.pdf#:~:text=comprise%20three%20technical%20components%3A%20Component,Expanding%20access%20to%20finance,FALSE,p. 7,Component 1,,,,
P505271,World Bank,Republic of Congo,2024,PID,intervention,Expand access to finance and entrepreneurship support,Markets & Finance,,,poultry; aquaculture,"The PID explains that access to finance will be expanded via credit lines, de‑risking instruments and other financial products, alongside entrepreneurship support and public–private platformsfile:///home/oai/share/2024-12-02_PIDDC00866_concept-project-information-document-pid_english.pdf#:~:text=comprise%20three%20technical%20components%3A%20Component,Expanding%20access%20to%20finance.",file:///home/oai/share/2024-12-02_PIDDC00866_concept-project-information-document-pid_english.pdf#:~:text=comprise%20three%20technical%20components%3A%20Component,Expanding%20access%20to%20finance,FALSE,p. 7,Component 1,,,,
P505271,World Bank,Republic of Congo,2024,PID,intervention,"Increase domestic production of feed, fingerlings and day‑old chicks",Livestock Management & Technologies,,,poultry; aquaculture,"The project will enhance access to high‑quality and affordable inputs by increasing domestic production of feed, fingerlings and day‑old chicks, reducing reliance on importsfile:///home/oai/share/2024-12-02_PIDDC00866_concept-project-information-document-pid_english.pdf#:~:text=Component%202%3A%20Enhancing%20Access%20to,old%20chicks%20production.",file:///home/oai/share/2024-12-02_PIDDC00866_concept-project-information-document-pid_english.pdf#:~:text=Component%202%3A%20Enhancing%20Access%20to,old%20chicks%20production,FALSE,p. 7,Component 2,,,,
P505271,World Bank,Republic of Congo,2024,PID,intervention,"Zoning, producer organization and climate‑resilient farm infrastructure",Livestock Management & Technologies,,,poultry; aquaculture,"Under Component 3 the project will establish zoning, organize and strengthen producer organizations, facilitate technology transfer and build climate‑resilient farm infrastructure—such as improved fishpond designs, recirculatory systems, feed and manure management and solar powerfile:///home/oai/share/2024-12-02_PIDDC00866_concept-project-information-document-pid_english.pdf#:~:text=million%20IDA%2C%20US%245%20million%20Beneficiaries,business%20to%20consumer%20marketing.",file:///home/oai/share/2024-12-02_PIDDC00866_concept-project-information-document-pid_english.pdf#:~:text=million%20IDA%2C%20US%245%20million%20Beneficiaries,business%20to%20consumer%20marketing,FALSE,p. 8,Component 3,,,,
P505271,World Bank,Republic of Congo,2024,PID,intervention,Finance waste and manure management and support women/youth marketing,Food Processing & Storage,,,poultry; aquaculture,The PID states that the project will finance waste and manure management and organic fertilizer production and promote direct retail marketing for women and youth through Producer Hubsfile:///home/oai/share/2024-12-02_PIDDC00866_concept-project-information-document-pid_english.pdf#:~:text=million%20IDA%2C%20US%245%20million%20Beneficiaries,business%20to%20consumer%20marketing.,file:///home/oai/share/2024-12-02_PIDDC00866_concept-project-information-document-pid_english.pdf#:~:text=million%20IDA%2C%20US%245%20million%20Beneficiaries,business%20to%20consumer%20marketing,FALSE,p. 8,Component 3,,,
P505271,World Bank,Republic of Congo,2024,PID,outcome,People with strengthened food and nutrition security,Food Security & Nutrition,Food security,Intended,poultry; aquaculture,Key project outcomes include the number of people with strengthened food and nutrition securityfile:///home/oai/share/2024-12-02_PIDDC00866_concept-project-information-document-pid_english.pdf#:~:text=10,number%20for%20women%20and%20youth.,file:///home/oai/share/2024-12-02_PIDDC00866_concept-project-information-document-pid_english.pdf#:~:text=10,number%20for%20women%20and%20youth,FALSE,p. 6,Key results,,,
P505271,World Bank,Republic of Congo,2024,PID,outcome,"New jobs created, including for women and youth",Sustainable Economic Growth,Employment,Intended,poultry; aquaculture,"The results indicators track the number of new jobs created, disaggregated by women and youthfile:///home/oai/share/2024-12-02_PIDDC00866_concept-project-information-document-pid_english.pdf#:~:text=10,number%20for%20women%20and%20youth.",file:///home/oai/share/2024-12-02_PIDDC00866_concept-project-information-document-pid_english.pdf#:~:text=10,number%20for%20women%20and%20youth,FALSE,p. 6,Key results,,,,
P505271,World Bank,Republic of Congo,2024,PID,outcome,Private capital enabled,Sustainable Economic Growth,Investment mobilization,Intended,poultry; aquaculture,The key results include the total private capital enabled (in US dollars) through the projectfile:///home/oai/share/2024-12-02_PIDDC00866_concept-project-information-document-pid_english.pdf#:~:text=10,number%20for%20women%20and%20youth.,file:///home/oai/share/2024-12-02_PIDDC00866_concept-project-information-document-pid_english.pdf#:~:text=10,number%20for%20women%20and%20youth,FALSE,p. 6,Key results,,,
P505271,World Bank,Republic of Congo,2024,PID,outcome,Beneficiaries with enhanced resilience to climate risks,Resilience,Climate resilience,Intended,poultry; aquaculture,The results framework measures beneficiaries with enhanced resilience to climate risksfile:///home/oai/share/2024-12-02_PIDDC00866_concept-project-information-document-pid_english.pdf#:~:text=10,number%20for%20women%20and%20youth.,file:///home/oai/share/2024-12-02_PIDDC00866_concept-project-information-document-pid_english.pdf#:~:text=10,number%20for%20women%20and%20youth,FALSE,p. 6,Key results,,,
P505271,World Bank,Republic of Congo,2024,PID,outcome,Increased volume of locally produced fish and poultry products,Sustainable Economic Growth,Production/yield,Intended,poultry; aquaculture,The results indicators include the increased volume of fish and poultry products produced locallyfile:///home/oai/share/2024-12-02_PIDDC00866_concept-project-information-document-pid_english.pdf#:~:text=10,number%20for%20women%20and%20youth.,file:///home/oai/share/2024-12-02_PIDDC00866_concept-project-information-document-pid_english.pdf#:~:text=10,number%20for%20women%20and%20youth,FALSE,p. 6,Key results,,,
P505271,World Bank,Republic of Congo,2024,PID,outcome,Direct project beneficiaries (women and youth),Inclusivity & Women’s Empowerment,Participation of women and youth,Intended,poultry; aquaculture,The key results include the total number of direct project beneficiaries and disaggregate them by women and youthfile:///home/oai/share/2024-12-02_PIDDC00866_concept-project-information-document-pid_english.pdf#:~:text=10,number%20for%20women%20and%20youth.,file:///home/oai/share/2024-12-02_PIDDC00866_concept-project-information-document-pid_english.pdf#:~:text=10,number%20for%20women%20and%20youth,FALSE,p. 6,Key results,,,
P504033,World Bank,Costa Rica,2025,PID,objective,"Improve sustainability, competitiveness and economic participation of small and medium agriculture producers",,,,unspecified,"The datasheet describes the program’s objective as improving the sustainability, competitiveness and economic participation of selected small and medium agriculture producersfile:///home/oai/share/2025-01-06_PIDPA00154_appraisal-program-information-document-pid_english.pdf#:~:text=Proposed%20Program%20Development%20Objective,agriculture%20producers%20in%20Costa%20Rica.",file:///home/oai/share/2025-01-06_PIDPA00154_appraisal-program-information-document-pid_english.pdf#:~:text=Proposed%20Program%20Development%20Objective,agriculture%20producers%20in%20Costa%20Rica,FALSE,p. 1,Datasheet,,,,
P504033,World Bank,Costa Rica,2025,PID,intervention,Develop digital producer information platform and build extension capacity,Advisory and Extension,,,unspecified,Table 1 lists interventions such as developing a digital producer information platform and improving the capacity of extensionists under the modernization results areafile:///home/oai/share/2025-01-06_PIDPA00154_appraisal-program-information-document-pid_english.pdf#:~:text=Table%201%3A%20PforR%20Results%20Areas,9,file:///home/oai/share/2025-01-06_PIDPA00154_appraisal-program-information-document-pid_english.pdf#:~:text=Table%201%3A%20PforR%20Results%20Areas,9,FALSE,p. 5,Table 1,,,
P504033,World Bank,Costa Rica,2025,PID,intervention,"Improve market information, traceability, food safety and promote bioinputs",Policy & Regulatory,,,unspecified,"The same table outlines interventions to improve market information and traceability, food safety and sanitary compliance, promote bioinputs and improve agrochemical post‑registration servicesfile:///home/oai/share/2025-01-06_PIDPA00154_appraisal-program-information-document-pid_english.pdf#:~:text=Table%201%3A%20PforR%20Results%20Areas,9.",file:///home/oai/share/2025-01-06_PIDPA00154_appraisal-program-information-document-pid_english.pdf#:~:text=Table%201%3A%20PforR%20Results%20Areas,9,FALSE,p. 5,Table 1,,,,
P504033,World Bank,Costa Rica,2025,PID,intervention,"Support adoption of NAMAs, including livestock NAMA and access to finance",Livestock Management & Technologies,,,unspecified,"Table 1 notes interventions such as technical assistance to adopt NAMAs, knowledge transfer for the livestock NAMA, improved access to finance, reform of the Blue Flag Program, MRV systems and soil and GHG analysesfile:///home/oai/share/2025-01-06_PIDPA00154_appraisal-program-information-document-pid_english.pdf#:~:text=Table%201%3A%20PforR%20Results%20Areas,9.",file:///home/oai/share/2025-01-06_PIDPA00154_appraisal-program-information-document-pid_english.pdf#:~:text=Table%201%3A%20PforR%20Results%20Areas,9,FALSE,p. 5,Table 1,,,,
P504033,World Bank,Costa Rica,2025,PID,intervention,Promote sustainable irrigation and resilient crop varieties,Rural/Public Infrastructure,,,unspecified,The table lists promoting sustainable irrigation in climate‑vulnerable areas and improving availability of resilient crop varieties among the interventionsfile:///home/oai/share/2025-01-06_PIDPA00154_appraisal-program-information-document-pid_english.pdf#:~:text=Table%201%3A%20PforR%20Results%20Areas,9,file:///home/oai/share/2025-01-06_PIDPA00154_appraisal-program-information-document-pid_english.pdf#:~:text=Table%201%3A%20PforR%20Results%20Areas,9,FALSE,p. 5,Table 1,,,
P504033,World Bank,Costa Rica,2025,PID,intervention,Implement Payment for Environmental Services program for productive landscapes,Ecosystem Services,,,unspecified,The results areas include designing and implementing a PES program for productive landscapes to incentivize conservationfile:///home/oai/share/2025-01-06_PIDPA00154_appraisal-program-information-document-pid_english.pdf#:~:text=Table%201%3A%20PforR%20Results%20Areas,9,file:///home/oai/share/2025-01-06_PIDPA00154_appraisal-program-information-document-pid_english.pdf#:~:text=Table%201%3A%20PforR%20Results%20Areas,9,FALSE,p. 5,Table 1,,,
P504033,World Bank,Costa Rica,2025,PID,outcome,"Improved sustainability, competitiveness and economic participation of producers",Sustainable Economic Growth,Productivity and inclusivity,Intended,unspecified,"The PID states that the program development objective is to improve the sustainability, competitiveness and economic participation of selected small and medium agriculture producersfile:///home/oai/share/2025-01-06_PIDPA00154_appraisal-program-information-document-pid_english.pdf#:~:text=Proposed%20Program%20Development%20Objective,agriculture%20producers%20in%20Costa%20Rica. Detailed outcome indicators were not specified in the PID, so this high‑level outcome is inferred from the PDO.",file:///home/oai/share/2025-01-06_PIDPA00154_appraisal-program-information-document-pid_english.pdf#:~:text=Proposed%20Program%20Development%20Objective,agriculture%20producers%20in%20Costa%20Rica,TRUE,p. 1,Datasheet,,,,
P178362,World Bank,Cote d’Ivoire,2023,PAD,objective,Provide inclusive and climate‑resilient rural road connectivity,,,,unspecified,The project development objective is “to provide inclusive and climate resilient rural road connectivity in selected underserved regions of Côte d’Ivoire”file:///home/oai/share/2023-02-06_PIDA33446_project-information-document-cote-divoire-inclusive-connectivity-and-rural-infrastructure-project-p178362_english.pdf#:~:text=Proposed%20Development%20Objective.,file:///home/oai/share/2023-02-06_PIDA33446_project-information-document-cote-divoire-inclusive-connectivity-and-rural-infrastructure-project-p178362_english.pdf#:~:text=Proposed%20Development%20Objective,FALSE,p. 2,Datasheet,,,,,
P178362,World Bank,Cote d’Ivoire,2023,PAD,intervention,Develop rural markets and agricultural logistics centers with climate‑resilient features,Food Processing & Storage,,,unspecified,"The PAD describes developing rural markets and agricultural logistics centers with storage, water points, solar lighting, waste management, training and market information systems, incorporating climate‑resilience criteria and gender‑sensitive amenitiesfile:///home/oai/share/2023-03-07_PAD4884_cote-divoire-inclusive-connectivity-and-rural-infrastructure-project_english.pdf#:~:text=Component%202%3A%20Rural%20Socio,5%20million%20from%20AIIB.",file:///home/oai/share/2023-03-07_PAD4884_cote-divoire-inclusive-connectivity-and-rural-infrastructure-project_english.pdf#:~:text=Component%202%3A%20Rural%20Socio,5%20million%20from%20AIIB,FALSE,p. 22,Subcomponent 2.1,,,,
P178362,World Bank,Cote d’Ivoire,2023,PAD,intervention,Rehabilitate transhumance corridors and develop pastoral infrastructure,Rural/Public Infrastructure,,,unspecified,"The project plans to restore transhumance routes by rehabilitating 900 km of corridors and developing trails with fodder trees, water points, hedges, fodder plots, night parks and shelters, plus new passage corridors and pastoral infrastructure like livestock markets and vaccination parksfile:///home/oai/share/2023-03-07_PAD4884_cote-divoire-inclusive-connectivity-and-rural-infrastructure-project_english.pdf#:~:text=52,group%20relations.",file:///home/oai/share/2023-03-07_PAD4884_cote-divoire-inclusive-connectivity-and-rural-infrastructure-project_english.pdf#:~:text=52,group%20relations,FALSE,p. 23,Subcomponent 2.2,,,,
P178362,World Bank,Cote d’Ivoire,2023,PAD,intervention,Plant trees along roads and reforest areas with environmental education and women’s involvement,Forestry Management & Technologies,,,unspecified,"The PAD notes that at least one million trees will be planted and 500 km of roads forested, with environmental education programs and significant participation of women and women‑led movementsfile:///home/oai/share/2023-03-07_PAD4884_cote-divoire-inclusive-connectivity-and-rural-infrastructure-project_english.pdf#:~:text=intended%20to%20reforest%2020%20percent,will%20support%20the%20environmental%20education.",file:///home/oai/share/2023-03-07_PAD4884_cote-divoire-inclusive-connectivity-and-rural-infrastructure-project_english.pdf#:~:text=intended%20to%20reforest%2020%20percent,will%20support%20the%20environmental%20education,FALSE,p. 23,Subcomponent 2.3,,,,
P178362,World Bank,Cote d’Ivoire,2023,PAD,outcome,Inclusive and climate‑resilient rural road connectivity,Sustainable Economic Growth,Connectivity and access,Intended,unspecified,"PDO indicators include the Modified Rural Access Index and the number of people provided with climate‑resilient rural road access, with data disaggregated by gender, and population satisfaction with road qualityfile:///home/oai/share/2023-03-07_PAD4884_cote-divoire-inclusive-connectivity-and-rural-infrastructure-project_english.pdf#:~:text=The%20project%20development%20objective%20,underserved%20regions%20of%20C%C3%B4te%20d%E2%80%99Ivoire.",file:///home/oai/share/2023-03-07_PAD4884_cote-divoire-inclusive-connectivity-and-rural-infrastructure-project_english.pdf#:~:text=The%20project%20development%20objective%20,underserved%20regions%20of%20C%C3%B4te%20d%E2%80%99Ivoire,FALSE,p. 18,PDO indicators,,,,
P178362,World Bank,Cote d’Ivoire,2023,PAD,outcome,Restored and peaceful management of transhumance routes with improved resource access,Resilience,Climate resilience and conflict reduction,Intended,unspecified,"The PAD explains that rehabilitating transhumance corridors and developing new routes will restore orderly and peaceful management of transhumance, improving access to pastures, fodder and water points and including climate‑resilient features and women’s participationfile:///home/oai/share/2023-03-07_PAD4884_cote-divoire-inclusive-connectivity-and-rural-infrastructure-project_english.pdf#:~:text=52,group%20relations.",file:///home/oai/share/2023-03-07_PAD4884_cote-divoire-inclusive-connectivity-and-rural-infrastructure-project_english.pdf#:~:text=52,group%20relations,FALSE,p. 23,Subcomponent 2.2,,,,
P178362,World Bank,Cote d’Ivoire,2023,PAD,outcome,Trees planted and roads forested for climate mitigation and women’s employment,Environmental Sustainability,Climate mitigation and adaptation,Intended,unspecified,"The project intends to plant at least one million trees and forest 500 km of roads, with environmental education and employment of women and women‑led movementsfile:///home/oai/share/2023-03-07_PAD4884_cote-divoire-inclusive-connectivity-and-rural-infrastructure-project_english.pdf#:~:text=intended%20to%20reforest%2020%20percent,will%20support%20the%20environmental%20education.",file:///home/oai/share/2023-03-07_PAD4884_cote-divoire-inclusive-connectivity-and-rural-infrastructure-project_english.pdf#:~:text=intended%20to%20reforest%2020%20percent,will%20support%20the%20environmental%20education,FALSE,p. 23,Subcomponent 2.3,,,,
P157282,World Bank,Djibouti,2016,PID/ISDS,objective,Increase access to water and strengthen management of water and agro‑pastoral resources,,,,unspecified,The PID/ISDS specifies that the project aims to increase access of rural communities to water and strengthen capacity to manage water and agro‑pastoral resources using a participatory approachfile:///home/oai/share/2016-03-17_PIDISDSA16622_appraisal-project-information-document-integrated-safeguards-data-sheet-dj-second-additional-financing-for-the-rural-com_english.pdf#:~:text=Original%20Project%20Development%20Objective%28s%29%20,based%20development.,file:///home/oai/share/2016-03-17_PIDISDSA16622_appraisal-project-information-document-integrated-safeguards-data-sheet-dj-second-additional-financing-for-the-rural-com_english.pdf#:~:text=Original%20Project%20Development%20Objective%28s%29%20,based%20development,FALSE,p. 2,Objective,,,
P157282,World Bank,Djibouti,2016,PID/ISDS,intervention,"Community investments in water mobilization, agriculture, livestock, fisheries and income‑generating activities",Rural/Public Infrastructure,,,unspecified,"Project descriptions indicate that the financing will support water mobilization and soil conservation, agriculture, livestock and fisheries and income‑generating activities through community investment subprojectsfile:///home/oai/share/2016-03-17_PIDISDSA16622_appraisal-project-information-document-integrated-safeguards-data-sheet-dj-second-additional-financing-for-the-rural-com_english.pdf#:~:text=Beneficiaries%20that%20feel%20project%20investments,generating%20activities.",file:///home/oai/share/2016-03-17_PIDISDSA16622_appraisal-project-information-document-integrated-safeguards-data-sheet-dj-second-additional-financing-for-the-rural-com_english.pdf#:~:text=Beneficiaries%20that%20feel%20project%20investments,generating%20activities,FALSE,p. 3,Component description,,,,
P157282,World Bank,Djibouti,2016,PID/ISDS,intervention,Capacity building and technical assistance for community groups and contingency planning,Advisory and Extension,,,unspecified,"The PID/ISDS notes that capacity building will be financed to support the PMU, Water Users Associations and community groups, including participatory planning, improved contingency planning and awareness on nutrition and water qualityfile:///home/oai/share/2016-03-17_PIDISDSA16622_appraisal-project-information-document-integrated-safeguards-data-sheet-dj-second-additional-financing-for-the-rural-com_english.pdf#:~:text=Component%20Name%20Capacity%20Building%20and,The%20use%20of%20ICT.",file:///home/oai/share/2016-03-17_PIDISDSA16622_appraisal-project-information-document-integrated-safeguards-data-sheet-dj-second-additional-financing-for-the-rural-com_english.pdf#:~:text=Component%20Name%20Capacity%20Building%20and,The%20use%20of%20ICT,FALSE,p. 3,Component description,,,,
P157282,World Bank,Djibouti,2016,PID/ISDS,intervention,Extend operations to additional pastoral routes and new fishing areas,Rural/Public Infrastructure,,,unspecified,"The project description states that activities will be scaled up to six additional pastoral areas and two new fishing areas, expanding the geographic coverage of water mobilization and livelihoods interventionsfile:///home/oai/share/2016-03-17_PIDISDSA16622_appraisal-project-information-document-integrated-safeguards-data-sheet-dj-second-additional-financing-for-the-rural-com_english.pdf#:~:text=The%20geographic%20targeting%20principles%20of,areas%20and%20new%20fishing%20areas.",file:///home/oai/share/2016-03-17_PIDISDSA16622_appraisal-project-information-document-integrated-safeguards-data-sheet-dj-second-additional-financing-for-the-rural-com_english.pdf#:~:text=The%20geographic%20targeting%20principles%20of,areas%20and%20new%20fishing%20areas,FALSE,p. 4,Project location,,,,
P157282,World Bank,Djibouti,2016,PID/ISDS,outcome,Increase in rural households with access to drinking water,Food Security & Nutrition,Water access,Intended,unspecified,The results section lists increasing the number of rural households with access to drinking water within a reasonable travel time as a key outcomefile:///home/oai/share/2016-03-17_PIDISDSA16622_appraisal-project-information-document-integrated-safeguards-data-sheet-dj-second-additional-financing-for-the-rural-com_english.pdf#:~:text=Increase%20in%20the%20number%20of,in%20the%20project%20areas.,file:///home/oai/share/2016-03-17_PIDISDSA16622_appraisal-project-information-document-integrated-safeguards-data-sheet-dj-second-additional-financing-for-the-rural-com_english.pdf#:~:text=Increase%20in%20the%20number%20of,in%20the%20project%20areas,FALSE,p. 2,Key results,,,
P157282,World Bank,Djibouti,2016,PID/ISDS,outcome,Increase in heads of livestock with access to water,Resilience,Climate resilience,Intended,unspecified,The key results include an increase in the number of heads of livestock with access to water within a reasonable distance in project areasfile:///home/oai/share/2016-03-17_PIDISDSA16622_appraisal-project-information-document-integrated-safeguards-data-sheet-dj-second-additional-financing-for-the-rural-com_english.pdf#:~:text=Increase%20in%20the%20number%20of,in%20the%20project%20areas.,file:///home/oai/share/2016-03-17_PIDISDSA16622_appraisal-project-information-document-integrated-safeguards-data-sheet-dj-second-additional-financing-for-the-rural-com_english.pdf#:~:text=Increase%20in%20the%20number%20of,in%20the%20project%20areas,FALSE,p. 2,Key results,,,
P157282,World Bank,Djibouti,2016,PID/ISDS,outcome,Increase in grazing biomass in targeted rangelands,Environmental Sustainability,Grazing biomass,Intended,unspecified,Increasing available grazing biomass in targeted rangelands is listed among the project’s key resultsfile:///home/oai/share/2016-03-17_PIDISDSA16622_appraisal-project-information-document-integrated-safeguards-data-sheet-dj-second-additional-financing-for-the-rural-com_english.pdf#:~:text=Increase%20in%20the%20number%20of,in%20the%20project%20areas.,file:///home/oai/share/2016-03-17_PIDISDSA16622_appraisal-project-information-document-integrated-safeguards-data-sheet-dj-second-additional-financing-for-the-rural-com_english.pdf#:~:text=Increase%20in%20the%20number%20of,in%20the%20project%20areas,FALSE,p. 2,Key results,,,
P157282,World Bank,Djibouti,2016,PID/ISDS,outcome,Communities organized into community‑based structures,Inclusivity & Women’s Empowerment,Community cohesion,Intended,unspecified,"A key result is that communities are organized into community‑based structures such as CPLs, CGEPs and women/fishermen associations that prepare and implement participatory plansfile:///home/oai/share/2016-03-17_PIDISDSA16622_appraisal-project-information-document-integrated-safeguards-data-sheet-dj-second-additional-financing-for-the-rural-com_english.pdf#:~:text=Communities%20in%20the%20project%20areas,actively%20prepare%20and%20implement%20SAAHPs.",file:///home/oai/share/2016-03-17_PIDISDSA16622_appraisal-project-information-document-integrated-safeguards-data-sheet-dj-second-additional-financing-for-the-rural-com_english.pdf#:~:text=Communities%20in%20the%20project%20areas,actively%20prepare%20and%20implement%20SAAHPs,FALSE,p. 2,Key results,,,,
P157282,World Bank,Djibouti,2016,PID/ISDS,outcome,Beneficiaries feel investments reflect their needs,Inclusivity & Women’s Empowerment,Satisfaction,Intended,unspecified,The results framework includes a qualitative indicator of beneficiaries’ perception that project investments reflect their needsfile:///home/oai/share/2016-03-17_PIDISDSA16622_appraisal-project-information-document-integrated-safeguards-data-sheet-dj-second-additional-financing-for-the-rural-com_english.pdf#:~:text=Beneficiaries%20that%20feel%20project%20investments,Project%20Description.,file:///home/oai/share/2016-03-17_PIDISDSA16622_appraisal-project-information-document-integrated-safeguards-data-sheet-dj-second-additional-financing-for-the-rural-com_english.pdf#:~:text=Beneficiaries%20that%20feel%20project%20investments,Project%20Description,FALSE,p. 2,Key results,,,
P178988,World Bank,Djibouti,2022,PAD,objective,Mitigate food security risks from supply shocks and drought,,,,unspecified,The PAD states that the project development objective is to mitigate food security risks posed by food supply shocks and droughtfile:///home/oai/share/2022-10-13_PAD5057_djibouti-emergency-food-security-crisis-response-project_english.pdf#:~:text=The%20project%20development%20objective%20is,food%20supply%20shocks%20and%20drought.,file:///home/oai/share/2022-10-13_PAD5057_djibouti-emergency-food-security-crisis-response-project_english.pdf#:~:text=The%20project%20development%20objective%20is,food%20supply%20shocks%20and%20drought,FALSE,p. 15,PDO,,,
P178988,World Bank,Djibouti,2022,PAD,intervention,Establish Market Analysis Unit and train staff on market efficiency and price risk management,Markets & Finance,,,unspecified,Component 1 will establish a Market Analysis Unit and provide training on market efficiency and price risk managementfile:///home/oai/share/2022-10-13_PAD5057_djibouti-emergency-food-security-crisis-response-project_english.pdf#:~:text=Component%201%3A%20Mitigating%20food%20security,complement%20the%20emergency%20food%20stock.,file:///home/oai/share/2022-10-13_PAD5057_djibouti-emergency-food-security-crisis-response-project_english.pdf#:~:text=Component%201%3A%20Mitigating%20food%20security,complement%20the%20emergency%20food%20stock,FALSE,p. 29,Subcomponent 1.1,,,
P178988,World Bank,Djibouti,2022,PAD,intervention,Establish emergency food stock and train Food Stock & Fund Management Unit,Food Processing & Storage,,,unspecified,Subcomponent 1.2 includes establishing an emergency food stock and training the Food Stock and Fund Management Unitfile:///home/oai/share/2022-10-13_PAD5057_djibouti-emergency-food-security-crisis-response-project_english.pdf#:~:text=Component%201%3A%20Mitigating%20food%20security,complement%20the%20emergency%20food%20stock.,file:///home/oai/share/2022-10-13_PAD5057_djibouti-emergency-food-security-crisis-response-project_english.pdf#:~:text=Component%201%3A%20Mitigating%20food%20security,complement%20the%20emergency%20food%20stock,FALSE,p. 29,Subcomponent 1.2,,,
P178988,World Bank,Djibouti,2022,PAD,intervention,Establish Food Shortage Preparedness Fund,Markets & Finance,,,unspecified,Subcomponent 1.3 will establish a Food Shortage Preparedness Fund with rules for activating and utilizing the fund during crisesfile:///home/oai/share/2022-10-13_PAD5057_djibouti-emergency-food-security-crisis-response-project_english.pdf.,file:///home/oai/share/2022-10-13_PAD5057_djibouti-emergency-food-security-crisis-response-project_english.pdf,FALSE,p. 30,Subcomponent 1.3,,,,,
P178988,World Bank,Djibouti,2022,PAD,intervention,Rehabilitate water infrastructure for humans and livestock,Rural/Public Infrastructure,,,unspecified,"Component 2.1 includes rehabilitating water infrastructure (cisterns, reservoirs, small dams) for humans and livestock, acquiring equipment and water trucks and applying climate‑resilient standardsfile:///home/oai/share/2022-10-13_PAD5057_djibouti-emergency-food-security-crisis-response-project_english.pdf#:~:text=million%29,urban%20area.",file:///home/oai/share/2022-10-13_PAD5057_djibouti-emergency-food-security-crisis-response-project_english.pdf#:~:text=million%29,urban%20area,FALSE,p. 31,Subcomponent 2.1,,,,
P178988,World Bank,Djibouti,2022,PAD,intervention,"Provide agricultural inputs, livestock assets and climate‑resilient training",Livestock Management & Technologies,,,small ruminants,"Subcomponent 2.2 supplies drought‑resistant seeds and livestock (small ruminants), feed and veterinary products, and provides technical assistance and training on climate‑resilient practices with priority to women‑headed householdsfile:///home/oai/share/2022-10-13_PAD5057_djibouti-emergency-food-security-crisis-response-project_english.pdf#:~:text=million%29,urban%20area.",file:///home/oai/share/2022-10-13_PAD5057_djibouti-emergency-food-security-crisis-response-project_english.pdf#:~:text=million%29,urban%20area,FALSE,p. 31,Subcomponent 2.2,,,,
P178988,World Bank,Djibouti,2022,PAD,intervention,Establish drought warning system and rapid response plan,Public Health,,,unspecified,The project will establish a drought warning system and rapid response plan as part of its drought mitigation measuresfile:///home/oai/share/2022-10-13_PAD5057_djibouti-emergency-food-security-crisis-response-project_english.pdf#:~:text=herders%20on%20climate%20resilient%20practices,in%20the%20allocation%20of%20inputs14.,file:///home/oai/share/2022-10-13_PAD5057_djibouti-emergency-food-security-crisis-response-project_english.pdf#:~:text=herders%20on%20climate%20resilient%20practices,in%20the%20allocation%20of%20inputs14,FALSE,p. 32,Subcomponent 2.3,,,
P178988,World Bank,Djibouti,2022,PAD,outcome,Market Analysis Unit established and reporting,Inducing Policy Change,Institutional reform,Intended,unspecified,The results framework lists establishment of the Market Analysis Unit and production of market reports as key indicatorsfile:///home/oai/share/2022-10-13_PAD5057_djibouti-emergency-food-security-crisis-response-project_english.pdf#:~:text=Project%20Development%20Objectives,food%20supply%20shocks%20and%20drought.,file:///home/oai/share/2022-10-13_PAD5057_djibouti-emergency-food-security-crisis-response-project_english.pdf#:~:text=Project%20Development%20Objectives,food%20supply%20shocks%20and%20drought,FALSE,Annex,Results framework,,,
P178988,World Bank,Djibouti,2022,PAD,outcome,Emergency food stock procured and replenished (metric tons),Food Security & Nutrition,Food availability,Intended,unspecified,The results framework tracks emergency food stock procured and replenished (in metric tons)file:///home/oai/share/2022-10-13_PAD5057_djibouti-emergency-food-security-crisis-response-project_english.pdf#:~:text=Project%20Development%20Objectives,food%20supply%20shocks%20and%20drought.,file:///home/oai/share/2022-10-13_PAD5057_djibouti-emergency-food-security-crisis-response-project_english.pdf#:~:text=Project%20Development%20Objectives,food%20supply%20shocks%20and%20drought,FALSE,Annex,Results framework,,,
P178988,World Bank,Djibouti,2022,PAD,outcome,Households supported with improved water infrastructure,Resilience,Water access,Intended,unspecified,Results indicators include households supported with improved water infrastructure for humans and livestockfile:///home/oai/share/2022-10-13_PAD5057_djibouti-emergency-food-security-crisis-response-project_english.pdf#:~:text=Project%20Development%20Objectives,food%20supply%20shocks%20and%20drought.,file:///home/oai/share/2022-10-13_PAD5057_djibouti-emergency-food-security-crisis-response-project_english.pdf#:~:text=Project%20Development%20Objectives,food%20supply%20shocks%20and%20drought,FALSE,Annex,Results framework,,,
P178988,World Bank,Djibouti,2022,PAD,outcome,Households supported with animals or agricultural inputs,Sustainable Economic Growth,Livelihood restoration,Intended,small ruminants,"The results framework measures households supported with animals, fodder or agricultural inputsfile:///home/oai/share/2022-10-13_PAD5057_djibouti-emergency-food-security-crisis-response-project_english.pdf#:~:text=Project%20Development%20Objectives,food%20supply%20shocks%20and%20drought.",file:///home/oai/share/2022-10-13_PAD5057_djibouti-emergency-food-security-crisis-response-project_english.pdf#:~:text=Project%20Development%20Objectives,food%20supply%20shocks%20and%20drought,FALSE,Annex,Results framework,,,,
P178988,World Bank,Djibouti,2022,PAD,outcome,Staff trained in market efficiency and disaster preparedness,Inducing Policy Change,Institutional capacity,Intended,unspecified,Indicators include the number of MCT and MASS staff trained in relevant skillsfile:///home/oai/share/2022-10-13_PAD5057_djibouti-emergency-food-security-crisis-response-project_english.pdf#:~:text=Project%20Development%20Objectives,food%20supply%20shocks%20and%20drought.,file:///home/oai/share/2022-10-13_PAD5057_djibouti-emergency-food-security-crisis-response-project_english.pdf#:~:text=Project%20Development%20Objectives,food%20supply%20shocks%20and%20drought,FALSE,Annex,Results framework,,,
P178988,World Bank,Djibouti,2022,PAD,outcome,Public and private actors trained in market and drought preparedness,Inducing Policy Change,Institutional capacity,Intended,unspecified,The results framework includes the number of public and private actors trainedfile:///home/oai/share/2022-10-13_PAD5057_djibouti-emergency-food-security-crisis-response-project_english.pdf#:~:text=Project%20Development%20Objectives,food%20supply%20shocks%20and%20drought.,file:///home/oai/share/2022-10-13_PAD5057_djibouti-emergency-food-security-crisis-response-project_english.pdf#:~:text=Project%20Development%20Objectives,food%20supply%20shocks%20and%20drought,FALSE,Annex,Results framework,,,
P178988,World Bank,Djibouti,2022,PAD,outcome,Poor and vulnerable people benefiting from food distribution (female share),Food Security & Nutrition,Food distribution,Intended,unspecified,The results framework measures poor and vulnerable people benefiting from food distribution and records the female sharefile:///home/oai/share/2022-10-13_PAD5057_djibouti-emergency-food-security-crisis-response-project_english.pdf#:~:text=Project%20Development%20Objectives,food%20supply%20shocks%20and%20drought.,file:///home/oai/share/2022-10-13_PAD5057_djibouti-emergency-food-security-crisis-response-project_english.pdf#:~:text=Project%20Development%20Objectives,food%20supply%20shocks%20and%20drought,FALSE,Annex,Results framework,,,
P178988,World Bank,Djibouti,2022,PAD,outcome,Number of water infrastructures rehabilitated,Resilience,Infrastructure rehabilitation,Intended,unspecified,The results framework lists the number of water infrastructures rehabilitated under Component 2.1file:///home/oai/share/2022-10-13_PAD5057_djibouti-emergency-food-security-crisis-response-project_english.pdf#:~:text=Project%20Development%20Objectives,food%20supply%20shocks%20and%20drought.,file:///home/oai/share/2022-10-13_PAD5057_djibouti-emergency-food-security-crisis-response-project_english.pdf#:~:text=Project%20Development%20Objectives,food%20supply%20shocks%20and%20drought,FALSE,Annex,Results framework,,,
P178988,World Bank,Djibouti,2022,PAD,outcome,Households trained in climate‑resilient practices,Resilience,Knowledge increase,Intended,unspecified,Indicators include households trained in climate‑resilient practicesfile:///home/oai/share/2022-10-13_PAD5057_djibouti-emergency-food-security-crisis-response-project_english.pdf#:~:text=Project%20Development%20Objectives,food%20supply%20shocks%20and%20drought.,file:///home/oai/share/2022-10-13_PAD5057_djibouti-emergency-food-security-crisis-response-project_english.pdf#:~:text=Project%20Development%20Objectives,food%20supply%20shocks%20and%20drought,FALSE,Annex,Results framework,,,
P178988,World Bank,Djibouti,2022,PAD,outcome,Households provided with climate‑resilient seeds,Food Security & Nutrition,Climate‑resilient seeds,Intended,unspecified,Households provided with climate‑resilient seeds are tracked as part of the results frameworkfile:///home/oai/share/2022-10-13_PAD5057_djibouti-emergency-food-security-crisis-response-project_english.pdf#:~:text=Project%20Development%20Objectives,food%20supply%20shocks%20and%20drought.,file:///home/oai/share/2022-10-13_PAD5057_djibouti-emergency-food-security-crisis-response-project_english.pdf#:~:text=Project%20Development%20Objectives,food%20supply%20shocks%20and%20drought,FALSE,Annex,Results framework,,,
P178988,World Bank,Djibouti,2022,PAD,outcome,Women’s participation in project committees,Inclusivity & Women’s Empowerment,Women’s participation,Intended,unspecified,The results framework includes women’s participation in project committees as a gender indicatorfile:///home/oai/share/2022-10-13_PAD5057_djibouti-emergency-food-security-crisis-response-project_english.pdf#:~:text=Project%20Development%20Objectives,food%20supply%20shocks%20and%20drought.,file:///home/oai/share/2022-10-13_PAD5057_djibouti-emergency-food-security-crisis-response-project_english.pdf#:~:text=Project%20Development%20Objectives,food%20supply%20shocks%20and%20drought,FALSE,Annex,Results framework,,,
P178988,World Bank,Djibouti,2022,PAD,outcome,Small ruminants received by women‑led households,Inclusivity & Women’s Empowerment,Women’s economic empowerment,Intended,small ruminants,Indicators include the percentage of small ruminants received by women‑led householdsfile:///home/oai/share/2022-10-13_PAD5057_djibouti-emergency-food-security-crisis-response-project_english.pdf#:~:text=Project%20Development%20Objectives,food%20supply%20shocks%20and%20drought.,file:///home/oai/share/2022-10-13_PAD5057_djibouti-emergency-food-security-crisis-response-project_english.pdf#:~:text=Project%20Development%20Objectives,food%20supply%20shocks%20and%20drought,FALSE,Annex,Results framework,,,
P178988,World Bank,Djibouti,2022,PAD,outcome,Feedback addressed and beneficiary satisfaction rate,Inclusivity & Women’s Empowerment,Satisfaction and feedback,Intended,unspecified,The results framework reports the percentage of feedback addressed and the beneficiary satisfaction rate for project activitiesfile:///home/oai/share/2022-10-13_PAD5057_djibouti-emergency-food-security-crisis-response-project_english.pdf#:~:text=Project%20Development%20Objectives,food%20supply%20shocks%20and%20drought.,file:///home/oai/share/2022-10-13_PAD5057_djibouti-emergency-food-security-crisis-response-project_english.pdf#:~:text=Project%20Development%20Objectives,food%20supply%20shocks%20and%20drought,FALSE,Annex,Results framework,,,
P173698,World Bank,Guatemala,2020,PID,objective,"Mitigate impacts of COVID‑19, support economic recovery and promote transparency",,,,unspecified,"The Program Information Document states that the operation supports efforts to (i) mitigate the impact of COVID‑19 on the poor and vulnerable and protect human capital, (ii) mitigate the economic impact and support inclusive and sustainable recovery, and (iii) promote public sector transparency and domestic resource mobilizationfile:///home/oai/share/2020-11-16_PIDA30178_appraisal-program-information-document-pid-crisis-response-and-recovery-in-guatemala-p173698_english.pdf#:~:text=This%20DPF%20series%20supports%20the,sector%20transparency%20and%20increase%20domestic.",file:///home/oai/share/2020-11-16_PIDA30178_appraisal-program-information-document-pid-crisis-response-and-recovery-in-guatemala-p173698_english.pdf#:~:text=This%20DPF%20series%20supports%20the,sector%20transparency%20and%20increase%20domestic,FALSE,p. 2,PDO,,,,
P173698,World Bank,Guatemala,2020,PID,intervention,Reforms to regulate land‑use emissions and reduce livestock sector emissions,Livestock Management & Technologies,,,unspecified,Key results mention regulation of 22 percent of land‑use emissions and note that efforts to reduce carbon emissions in the livestock sector will contribute to climate‑smart developmentfile:///home/oai/share/2020-11-16_PIDA30178_appraisal-program-information-document-pid-crisis-response-and-recovery-in-guatemala-p173698_english.pdf#:~:text=7,to%20more%20than%20330%2C000%20familiesfile:///home/oai/share/2020-11-16_PIDA30178_appraisal-program-information-document-pid-crisis-response-and-recovery-in-guatemala-p173698_english.pdf#:~:text=14,Also%2C%20efforts%20to%20increase.,file:///home/oai/share/2020-11-16_PIDA30178_appraisal-program-information-document-pid-crisis-response-and-recovery-in-guatemala-p173698_english.pdf#:~:text=7,to%20more%20than%20330%2C000%20families;file:///home/oai/share/2020-11-16_PIDA30178_appraisal-program-information-document-pid-crisis-response-and-recovery-in-guatemala-p173698_english.pdf#:~:text=14,Also%2C%20efforts%20to%20increase,FALSE,p. 4,Key results and environmental analysis,
P163081,World Bank,Haiti,2017,PID,objective,"Reinforce Ministry capacity, increase market access, improve hurricane-affected livelihoods, enable emergency response",,,,unspecified,"The Additional Financing PDO is “to (a) reinforce the capacity of the Ministry of Agriculture, Natural Resources and Rural Development to provide or facilitate access to services in the agricultural sector; (b) increase market access to small producers and food security in selected areas; (c) improve livelihood in areas affected by Hurricane Matthew and (d) enable the Government to respond promptly and effectively to an eligible emergency”file:///home/oai/share/2017-05-06_PIDA115041_appraisal-project-information-document-integrated-safeguards-data-sheet-relaunching-agriculture-strengthening-agricultur_english.pdf#:~:text=The%20new%20proposed%20PDO%20is%3A,effectively%20to%20an%20eligible%20emergency.",file:///home/oai/share/2017-05-06_PIDA115041_appraisal-project-information-document-integrated-safeguards-data-sheet-relaunching-agriculture-strengthening-agricultur_english.pdf#:~:text=The%20new%20proposed%20PDO%20is%3A,effectively%20to%20an%20eligible%20emergency,FALSE,Datasheet p.1,PDO,,p. 4,Key results and environmental analysis,
P163081,World Bank,Haiti,2017,PID,intervention,"Scale up voucher scheme, introduce animal husbandry and irrigation rehabilitation",Livestock Management & Technologies; Rural/Public Infrastructure; Markets & Finance,,,small ruminants; unspecified,"The document notes that the Additional Financing will scale up the voucher scheme and add new subcomponents on animal husbandry and irrigation rehabilitation. It will provide emergency assistance to about 8,000 farmers, scale up the voucher scheme to cover 7,000 more beneficiaries, rehabilitate irrigation to restore 3,500 ha and create temporary jobs for at least 21,000 personsfile:///home/oai/share/2017-05-06_PIDA115041_appraisal-project-information-document-integrated-safeguards-data-sheet-relaunching-agriculture-strengthening-agricultur_english.pdf#:~:text=of%20which%2040,.",file:///home/oai/share/2017-05-06_PIDA115041_appraisal-project-information-document-integrated-safeguards-data-sheet-relaunching-agriculture-strengthening-agricultur_english.pdf#:~:text=of%20which%2040,,FALSE,Component description p.??,Component scaling up,,,,
P163081,World Bank,Haiti,2017,PID,intervention,Animal husbandry subcomponent – training and restocking small animals,Livestock Management & Technologies; Behavior Communication Change & Social Programs,,,small ruminants,"The animal husbandry subcomponent will “provide training, forage production, goat enclosures and beehives” so that about 6,000 households can restock small animals and rebuild their livelihoodsfile:///home/oai/share/2017-05-06_PIDA115041_appraisal-project-information-document-integrated-safeguards-data-sheet-relaunching-agriculture-strengthening-agricultur_english.pdf#:~:text=,Mitigation%20will%20include%20generic.",file:///home/oai/share/2017-05-06_PIDA115041_appraisal-project-information-document-integrated-safeguards-data-sheet-relaunching-agriculture-strengthening-agricultur_english.pdf#:~:text=,Mitigation%20will%20include%20generic,FALSE,Component details p.??,Animal husbandry,,,,
P163081,World Bank,Haiti,2017,PID,intervention,Irrigation rehabilitation and micro‑catchment protection through cash‑for‑work,Rural/Public Infrastructure; Ecosystem Services,,,unspecified,"A new subcomponent will finance cash‑for‑work to rehabilitate off‑farm irrigation systems such as river intakes, water catchments and canals, and to protect micro‑catchments, thereby restoring irrigation over 3,500 hafile:///home/oai/share/2017-05-06_PIDA115041_appraisal-project-information-document-integrated-safeguards-data-sheet-relaunching-agriculture-strengthening-agricultur_english.pdf#:~:text=,Mitigation%20will%20include%20generic.",file:///home/oai/share/2017-05-06_PIDA115041_appraisal-project-information-document-integrated-safeguards-data-sheet-relaunching-agriculture-strengthening-agricultur_english.pdf#:~:text=,Mitigation%20will%20include%20generic,FALSE,Component details p.??,Irrigation rehabilitation,,,,
P163081,World Bank,Haiti,2017,PID,intervention,"Voucher scheme providing seeds, tools and inputs to farmers",Markets & Finance; Advisory and Extension,,,unspecified,"The Additional Financing will “scale up voucher schemes” to increase access to seeds, tools and inputs and provide training to small producers in selected areasfile:///home/oai/share/2017-05-06_PIDA115041_appraisal-project-information-document-integrated-safeguards-data-sheet-relaunching-agriculture-strengthening-agricultur_english.pdf#:~:text=of%20which%2040,file:///home/oai/share/2017-05-06_PIDA115041_appraisal-project-information-document-integrated-safeguards-data-sheet-relaunching-agriculture-strengthening-agricultur_english.pdf#:~:text=PHCOMP%20Component%20Name%3A%20Component%202%3A,catchment%20protection.",file:///home/oai/share/2017-05-06_PIDA115041_appraisal-project-information-document-integrated-safeguards-data-sheet-relaunching-agriculture-strengthening-agricultur_english.pdf#:~:text=of%20which%2040,;file:///home/oai/share/2017-05-06_PIDA115041_appraisal-project-information-document-integrated-safeguards-data-sheet-relaunching-agriculture-strengthening-agricultur_english.pdf#:~:text=PHCOMP%20Component%20Name%3A%20Component%202%3A,catchment%20protection,FALSE,Component description p.??,Voucher scheme,,,
P163081,World Bank,Haiti,2017,PID,outcome,Households supported and beneficiaries reached,Sustainable Economic Growth,Income per capita; consumption,Intended,unspecified,"The additional financing will support 41,000 hurricane‑affected households, bringing total beneficiaries to 60,000, of which at least 40 % are womenfile:///home/oai/share/2017-05-06_PIDA115041_appraisal-project-information-document-integrated-safeguards-data-sheet-relaunching-agriculture-strengthening-agricultur_english.pdf#:~:text=of%20which%2040,.",file:///home/oai/share/2017-05-06_PIDA115041_appraisal-project-information-document-integrated-safeguards-data-sheet-relaunching-agriculture-strengthening-agricultur_english.pdf#:~:text=of%20which%2040,,FALSE,Key results p.??,Results,,,,
P163081,World Bank,Haiti,2017,PID,outcome,Emergency assistance and voucher beneficiaries,Sustainable Economic Growth,Income per capita; productivity,Intended,unspecified,"According to the document, the additional financing will “provide emergency assistance to more than 8,000 farmers” and “extend voucher scheme beneficiaries by an additional 7,000”file:///home/oai/share/2017-05-06_PIDA115041_appraisal-project-information-document-integrated-safeguards-data-sheet-relaunching-agriculture-strengthening-agricultur_english.pdf#:~:text=of%20which%2040,.",file:///home/oai/share/2017-05-06_PIDA115041_appraisal-project-information-document-integrated-safeguards-data-sheet-relaunching-agriculture-strengthening-agricultur_english.pdf#:~:text=of%20which%2040,,FALSE,Key results p.??,Results,,,,
P163081,World Bank,Haiti,2017,PID,outcome,Irrigation rehabilitation and temporary jobs,Resilience,Resilience; climate resilience,Intended,unspecified,"The subcomponent for irrigation rehabilitation will restore irrigation systems over 3,500 ha and provide temporary jobs for at least 21,000 personsfile:///home/oai/share/2017-05-06_PIDA115041_appraisal-project-information-document-integrated-safeguards-data-sheet-relaunching-agriculture-strengthening-agricultur_english.pdf#:~:text=of%20which%2040,.",file:///home/oai/share/2017-05-06_PIDA115041_appraisal-project-information-document-integrated-safeguards-data-sheet-relaunching-agriculture-strengthening-agricultur_english.pdf#:~:text=of%20which%2040,,FALSE,Key results p.??,Results,,,,
P163081,World Bank,Haiti,2017,PID,outcome,Restocking small animals for households,Food Security & Nutrition,Food access; livelihood,Intended,small ruminants,"The animal husbandry subcomponent aims to restock small animals and provide training and inputs for about 6,000 householdsfile:///home/oai/share/2017-05-06_PIDA115041_appraisal-project-information-document-integrated-safeguards-data-sheet-relaunching-agriculture-strengthening-agricultur_english.pdf#:~:text=,Mitigation%20will%20include%20generic.",file:///home/oai/share/2017-05-06_PIDA115041_appraisal-project-information-document-integrated-safeguards-data-sheet-relaunching-agriculture-strengthening-agricultur_english.pdf#:~:text=,Mitigation%20will%20include%20generic,FALSE,Key results p.??,Animal husbandry,,,,
P163081,World Bank,Haiti,2017,PID,outcome,Women beneficiaries and gender inclusion,Inclusivity & Women’s Empowerment,Women’s empowerment; gender mainstreaming,Intended,unspecified,"The document states that “the project will ensure at least 40 % of beneficiaries are women, while livestock packages may reach up to 80 % female participation”file:///home/oai/share/2017-05-06_PIDA115041_appraisal-project-information-document-integrated-safeguards-data-sheet-relaunching-agriculture-strengthening-agricultur_english.pdf#:~:text=A%20gender%20review%20has%20been,the%20gender%20specialist%20and%20the.",file:///home/oai/share/2017-05-06_PIDA115041_appraisal-project-information-document-integrated-safeguards-data-sheet-relaunching-agriculture-strengthening-agricultur_english.pdf#:~:text=A%20gender%20review%20has%20been,the%20gender%20specialist%20and%20the,FALSE,Gender section p.??,Gender inclusion,,,,
P167767,World Bank,Honduras,2019,PID,objective,Promote socio‑economic productive activities to improve livelihoods of Miskito peoples,,,,multiple,The Project Development Objective is “to promote socio‑economic productive activities to improve the livelihoods of Miskito indigenous peoples in selected territories”file:///home/oai/share/2019-03-11_PIDC160139_project-information-document-pid-improving-the-livelihoods-of-miskito-indigenous-peoples-in-la-moskitia-p167767_english.pdf#:~:text=C,indigenous%20peoples%20in%20selected%20territories.,file:///home/oai/share/2019-03-11_PIDC160139_project-information-document-pid-improving-the-livelihoods-of-miskito-indigenous-peoples-in-la-moskitia-p167767_english.pdf#:~:text=C,indigenous%20peoples%20in%20selected%20territories,FALSE,Datasheet p.7,PDO,,,
P167767,World Bank,Honduras,2019,PID,intervention,"Community matching grants for agriculture, poultry and fishery",Livestock Management & Technologies; Aquaculture Management & Technologies; Crop Management & Technology; Markets & Finance; Advisory and Extension,,,poultry; aquaculture; multiple,"The document explains that matching grants will finance community subprojects on mixed agriculture, livestock rearing (poultry) and fisheries, providing tools like boats, nets, ice production and renewable energy. Each subgrant of about US$25,000 requires a 20 % community match and includes training and technical assistancefile:///home/oai/share/2019-03-11_PIDC160139_project-information-document-pid-improving-the-livelihoods-of-miskito-indigenous-peoples-in-la-moskitia-p167767_english.pdf#:~:text=technical%20assistance%20to%20build%20the,Remote%20rural.",file:///home/oai/share/2019-03-11_PIDC160139_project-information-document-pid-improving-the-livelihoods-of-miskito-indigenous-peoples-in-la-moskitia-p167767_english.pdf#:~:text=technical%20assistance%20to%20build%20the,Remote%20rural,FALSE,Component 1 p.??,Matching grants,,,,
P167767,World Bank,Honduras,2019,PID,intervention,Consultation and outreach for indigenous community participation,Behavior Communication Change & Social Programs; Advisory and Extension,,,unspecified,"The project adopts a community‑driven development approach, including consultation and outreach activities that involve territorial councils, indigenous authorities and beneficiary communities. It trains promoters to facilitate participation and communication and integrates women and youth into governance and consultation processesfile:///home/oai/share/2019-03-11_PIDC160139_project-information-document-pid-improving-the-livelihoods-of-miskito-indigenous-peoples-in-la-moskitia-p167767_english.pdf#:~:text=subproject%20per%20community,participation%20and%20outreach%20activities%20to.",file:///home/oai/share/2019-03-11_PIDC160139_project-information-document-pid-improving-the-livelihoods-of-miskito-indigenous-peoples-in-la-moskitia-p167767_english.pdf#:~:text=subproject%20per%20community,participation%20and%20outreach%20activities%20to,FALSE,Component 1 p.??,Consultation and outreach,,,,
P167767,World Bank,Honduras,2019,PID,intervention,Capacity building for indigenous communities and governance,Advisory and Extension; Behavior Communication Change & Social Programs; Policy & Regulatory,,,unspecified,"A capacity‑building component supports technical and managerial training for indigenous communities, strengthens the governance and competitiveness of producers, promotes participation of women and youth, and provides training on environmentally friendly practices and renewable energyfile:///home/oai/share/2019-03-11_PIDC160139_project-information-document-pid-improving-the-livelihoods-of-miskito-indigenous-peoples-in-la-moskitia-p167767_english.pdf#:~:text=%E2%80%A2%20Promotion%20of%20incentives%20for,making%20process.",file:///home/oai/share/2019-03-11_PIDC160139_project-information-document-pid-improving-the-livelihoods-of-miskito-indigenous-peoples-in-la-moskitia-p167767_english.pdf#:~:text=%E2%80%A2%20Promotion%20of%20incentives%20for,making%20process,FALSE,Component 2 p.??,Capacity building,,,,
P167767,World Bank,Honduras,2019,PID,outcome,Increase beneficiary income by 20 %,Sustainable Economic Growth,Income per capita,Intended,multiple,The key results indicators include “increase of income by 20 % for at least 60 % of beneficiaries”file:///home/oai/share/2019-03-11_PIDC160139_project-information-document-pid-improving-the-livelihoods-of-miskito-indigenous-peoples-in-la-moskitia-p167767_english.pdf.,file:///home/oai/share/2019-03-11_PIDC160139_project-information-document-pid-improving-the-livelihoods-of-miskito-indigenous-peoples-in-la-moskitia-p167767_english.pdf,FALSE,Results framework p.??,Key results,,,,,
P167767,World Bank,Honduras,2019,PID,outcome,Reduce production costs by 20 %,Sustainable Economic Growth,Income variability; profitability,Intended,multiple,A results indicator aims for a “reduction of production costs by 20 % for at least 60 %” of beneficiariesfile:///home/oai/share/2019-03-11_PIDC160139_project-information-document-pid-improving-the-livelihoods-of-miskito-indigenous-peoples-in-la-moskitia-p167767_english.pdf.,file:///home/oai/share/2019-03-11_PIDC160139_project-information-document-pid-improving-the-livelihoods-of-miskito-indigenous-peoples-in-la-moskitia-p167767_english.pdf,FALSE,Results framework p.??,Key results,,,,,
P167767,World Bank,Honduras,2019,PID,outcome,Increase productivity for majority of beneficiaries,Sustainable Economic Growth,Productivity,Intended,multiple,The results framework lists an indicator on “increase in productivity for at least 60 %” of beneficiariesfile:///home/oai/share/2019-03-11_PIDC160139_project-information-document-pid-improving-the-livelihoods-of-miskito-indigenous-peoples-in-la-moskitia-p167767_english.pdf.,file:///home/oai/share/2019-03-11_PIDC160139_project-information-document-pid-improving-the-livelihoods-of-miskito-indigenous-peoples-in-la-moskitia-p167767_english.pdf,FALSE,Results framework p.??,Key results,,,,,
P167767,World Bank,Honduras,2019,PID,outcome,Number of direct project beneficiaries,Sustainable Economic Growth,Employment; market efficiency,Intended,multiple,One of the project’s key results indicators is the “number of direct beneficiaries (target 900)”file:///home/oai/share/2019-03-11_PIDC160139_project-information-document-pid-improving-the-livelihoods-of-miskito-indigenous-peoples-in-la-moskitia-p167767_english.pdf.,file:///home/oai/share/2019-03-11_PIDC160139_project-information-document-pid-improving-the-livelihoods-of-miskito-indigenous-peoples-in-la-moskitia-p167767_english.pdf,FALSE,Results framework p.??,Key results,,,,,
P167767,World Bank,Honduras,2019,PID,outcome,Adoption of lower‑cost technologies and good practices,Sustainable Economic Growth,Productivity; market efficiency,Intended,multiple,"Intermediate results indicators include: adoption of lower‑cost technology, number of beneficiaries implementing business plans, percentage of beneficiaries adopting good practices, and share of beneficiaries benefiting from community investmentsfile:///home/oai/share/2019-03-11_PIDC160139_project-information-document-pid-improving-the-livelihoods-of-miskito-indigenous-peoples-in-la-moskitia-p167767_english.pdf#:~:text=Component%201%20and%202%3A%20%EF%82%B7Percentage,of%20the%20beneficiaries%20individually%20apply.",file:///home/oai/share/2019-03-11_PIDC160139_project-information-document-pid-improving-the-livelihoods-of-miskito-indigenous-peoples-in-la-moskitia-p167767_english.pdf#:~:text=Component%201%20and%202%3A%20%EF%82%B7Percentage,of%20the%20beneficiaries%20individually%20apply,FALSE,Results framework p.??,Intermediate results,,,,
P167767,World Bank,Honduras,2019,PID,outcome,Women and youth participation and improved governance,Inclusivity & Women’s Empowerment,Women’s empowerment; access to resources,Intended,multiple,"The capacity‑building component emphasises inclusive participation, improved governance, and greater participation of women and youth in training on sustainable practices and renewable energyfile:///home/oai/share/2019-03-11_PIDC160139_project-information-document-pid-improving-the-livelihoods-of-miskito-indigenous-peoples-in-la-moskitia-p167767_english.pdf#:~:text=subproject%20per%20community,participation%20and%20outreach%20activities%20tofile:///home/oai/share/2019-03-11_PIDC160139_project-information-document-pid-improving-the-livelihoods-of-miskito-indigenous-peoples-in-la-moskitia-p167767_english.pdf#:~:text=%E2%80%A2%20Promotion%20of%20incentives%20for,making%20process.",file:///home/oai/share/2019-03-11_PIDC160139_project-information-document-pid-improving-the-livelihoods-of-miskito-indigenous-peoples-in-la-moskitia-p167767_english.pdf#:~:text=subproject%20per%20community,participation%20and%20outreach%20activities%20to;file:///home/oai/share/2019-03-11_PIDC160139_project-information-document-pid-improving-the-livelihoods-of-miskito-indigenous-peoples-in-la-moskitia-p167767_english.pdf#:~:text=%E2%80%A2%20Promotion%20of%20incentives%20for,making%20process,FALSE,Capacity-building p.??,Capacity building & outreach,,,
P158522,World Bank,India,2017,PAD,objective,"Enhance productivity and climate resilience of irrigated agriculture, improve water management and market opportunities",,,,unspecified,"The Project Development Objective is “to enhance productivity and climate resilience of irrigated agriculture, improve water management, and increase market opportunities for farmers and agro‑entrepreneurs in selected sub‑basin areas of Tamil Nadu”file:///home/oai/share/2017-11-08_PAD1947_india-tamil-nadu-irrigated-agriculture-modernization-project_english.pdf#:~:text=The%20Project%20Development%20Objective%20,basin%20areas%20of%20Tamil%20Nadu.",file:///home/oai/share/2017-11-08_PAD1947_india-tamil-nadu-irrigated-agriculture-modernization-project_english.pdf#:~:text=The%20Project%20Development%20Objective%20,basin%20areas%20of%20Tamil%20Nadu,FALSE,Datasheet p.8,PDO,,,,
P158522,World Bank,India,2017,PAD,intervention,Institutional strengthening and integrated water resource planning,Policy & Regulatory; Advisory and Extension,,,unspecified,"Component A1 includes integrated water resources planning, developing a modern knowledge base, and an e‑WRD app, along with institutional strengthening for water resource managementfile:///home/oai/share/2017-11-08_PAD1947_india-tamil-nadu-irrigated-agriculture-modernization-project_english.pdf.",file:///home/oai/share/2017-11-08_PAD1947_india-tamil-nadu-irrigated-agriculture-modernization-project_english.pdf,FALSE,Component A p.??,Institutional strengthening,,,,,
P158522,World Bank,India,2017,PAD,intervention,Modernize irrigation systems and on‑farm development,Rural/Public Infrastructure,,,unspecified,"The project finances modernization of 4,800 tanks and 477 anicuts to improve irrigation services over about 543,000 ha and on‑farm development works such as field channels, drainage and groundwater recharge structuresfile:///home/oai/share/2017-11-08_PAD1947_india-tamil-nadu-irrigated-agriculture-modernization-project_english.pdf.",file:///home/oai/share/2017-11-08_PAD1947_india-tamil-nadu-irrigated-agriculture-modernization-project_english.pdf,FALSE,Component A p.??,Irrigation modernization,,,,,
P158522,World Bank,India,2017,PAD,intervention,Participatory irrigation management and Water User Associations,Behavior Communication Change & Social Programs; Advisory and Extension; Policy & Regulatory,,,unspecified,"Subcomponent on participatory irrigation management will strengthen Water User Associations, create about 3,200 new WUAs and train farmers through community information centers to promote participatory water managementfile:///home/oai/share/2017-11-08_PAD1947_india-tamil-nadu-irrigated-agriculture-modernization-project_english.pdf#:~:text=will%20be%20carried%20out%20by,involvement%20in%20the.",file:///home/oai/share/2017-11-08_PAD1947_india-tamil-nadu-irrigated-agriculture-modernization-project_english.pdf#:~:text=will%20be%20carried%20out%20by,involvement%20in%20the,FALSE,Component A p.??,Participatory irrigation management,,,,
P158522,World Bank,India,2017,PAD,intervention,Promote climate‑resilient crop production and diversification,Crop Management & Technology,,,unspecified,"Component B1 promotes climate‑resilient crop production through micro‑irrigation, adoption of high‑yielding varieties, integrated pest management and diversification into high‑value vegetables, pulses and horticulturefile:///home/oai/share/2017-11-08_PAD1947_india-tamil-nadu-irrigated-agriculture-modernization-project_english.pdf#:~:text=This%20subcomponent%20aims%20to%20diversify,The.",file:///home/oai/share/2017-11-08_PAD1947_india-tamil-nadu-irrigated-agriculture-modernization-project_english.pdf#:~:text=This%20subcomponent%20aims%20to%20diversify,The,FALSE,Component B p.??,Agriculture intensification,,,,
P158522,World Bank,India,2017,PAD,intervention,Livestock: dairy technologies and disease surveillance,Livestock Management & Technologies; Public Health,,,dairy; cattle,"The project adopts climate‑resilient animal husbandry technologies, forms Dairy Interest Groups (with emphasis on women), expands artificial insemination to produce genetically improved milk animals, promotes fodder development on 6,300 ha, and strengthens veterinary institutions and disease surveillance systemsfile:///home/oai/share/2017-11-08_PAD1947_india-tamil-nadu-irrigated-agriculture-modernization-project_english.pdf#:~:text=This%20subcomponent%20aims%20to%20diversify,The.",file:///home/oai/share/2017-11-08_PAD1947_india-tamil-nadu-irrigated-agriculture-modernization-project_english.pdf#:~:text=This%20subcomponent%20aims%20to%20diversify,The,FALSE,Component B p.??,Livestock interventions,,,,
P158522,World Bank,India,2017,PAD,intervention,Fisheries: good aquaculture practices and value chains,Aquaculture Management & Technologies; Advisory and Extension,,,aquaculture,"The fisheries subcomponent will promote good aquaculture practices on about 25,100 ha of water area, strengthen seed production and formulated fish feed, introduce cage fish culture and other climate‑resilient fisheries technologies, and provide training and extension supportfile:///home/oai/share/2017-11-08_PAD1947_india-tamil-nadu-irrigated-agriculture-modernization-project_english.pdf#:~:text=This%20subcomponent%20aims%20to%20diversify,The.",file:///home/oai/share/2017-11-08_PAD1947_india-tamil-nadu-irrigated-agriculture-modernization-project_english.pdf#:~:text=This%20subcomponent%20aims%20to%20diversify,The,FALSE,Component B p.??,Fisheries interventions,,,,
P158522,World Bank,India,2017,PAD,intervention,"Marketing, value addition and post‑harvest management",Markets & Finance; Food Processing & Storage; Advisory and Extension; Rural/Public Infrastructure,,,unspecified,"Component B3 invests in creating commodity groups and Farmer Producer Organizations, provides grants and technical assistance, and supports market linkages and ICT‑based services. It also finances infrastructure for pack houses, cold storage and primary processing to improve value addition and post‑harvest managementfile:///home/oai/share/2017-11-08_PAD1947_india-tamil-nadu-irrigated-agriculture-modernization-project_english.pdf#:~:text=This%20subcomponent%20aims%20to%20diversify,The.",file:///home/oai/share/2017-11-08_PAD1947_india-tamil-nadu-irrigated-agriculture-modernization-project_english.pdf#:~:text=This%20subcomponent%20aims%20to%20diversify,The,FALSE,Component B p.??,Marketing and value addition,,,,
P158522,World Bank,India,2017,PAD,outcome,Area provided with improved irrigation and water delivery,Resilience,Climate resilience,Intended,unspecified,"The modernization of 4,800 tanks and 477 anicuts and on‑farm development works is expected to improve irrigation on about 543,000 hafile:///home/oai/share/2017-11-08_PAD1947_india-tamil-nadu-irrigated-agriculture-modernization-project_english.pdf.",file:///home/oai/share/2017-11-08_PAD1947_india-tamil-nadu-irrigated-agriculture-modernization-project_english.pdf,FALSE,Results p.??,Component A,,,,,
P158522,World Bank,India,2017,PAD,outcome,Increased agricultural productivity and diversification,Sustainable Economic Growth,Productivity; income diversity,Intended,unspecified,"The results framework includes indicators on increase in agricultural productivity and increase in non‑paddy crop area, reflecting the project’s aim to enhance productivity and diversify into high‑value cropsfile:///home/oai/share/2017-11-08_PAD1947_india-tamil-nadu-irrigated-agriculture-modernization-project_english.pdf#:~:text=The%20PDO%20is%20to%20enhance,including%20number%20of%20female%20beneficiaries.",file:///home/oai/share/2017-11-08_PAD1947_india-tamil-nadu-irrigated-agriculture-modernization-project_english.pdf#:~:text=The%20PDO%20is%20to%20enhance,including%20number%20of%20female%20beneficiaries,FALSE,Results framework p.??,Results,,,,
P158522,World Bank,India,2017,PAD,outcome,Area under climate‑resilient technologies,Environmental Sustainability,Climate adaptation; reduced emissions,Intended,unspecified,"PDO‑level indicators include the “area under climate‑resilient technologies,” reflecting adoption of micro‑irrigation and other technologiesfile:///home/oai/share/2017-11-08_PAD1947_india-tamil-nadu-irrigated-agriculture-modernization-project_english.pdf#:~:text=The%20PDO%20is%20to%20enhance,including%20number%20of%20female%20beneficiaries.",file:///home/oai/share/2017-11-08_PAD1947_india-tamil-nadu-irrigated-agriculture-modernization-project_english.pdf#:~:text=The%20PDO%20is%20to%20enhance,including%20number%20of%20female%20beneficiaries,FALSE,Results framework p.??,Results,,,,
P158522,World Bank,India,2017,PAD,outcome,Share of commodities sold via new marketing channels,Sustainable Economic Growth,Market efficiency,Intended,unspecified,"The results framework includes an indicator on “share of commodities sold via new marketing channels,” linked to the establishment of commodity groups and FPOsfile:///home/oai/share/2017-11-08_PAD1947_india-tamil-nadu-irrigated-agriculture-modernization-project_english.pdf#:~:text=The%20PDO%20is%20to%20enhance,including%20number%20of%20female%20beneficiaries.",file:///home/oai/share/2017-11-08_PAD1947_india-tamil-nadu-irrigated-agriculture-modernization-project_english.pdf#:~:text=The%20PDO%20is%20to%20enhance,including%20number%20of%20female%20beneficiaries,FALSE,Results framework p.??,Results,,,,
P158522,World Bank,India,2017,PAD,outcome,Increase average daily milk production and produce genetically improved calves,Sustainable Economic Growth,Productivity,Intended,dairy; cattle,"Indicators in Annex 1 show targets to “increase average daily milk production per animal by 25 %” and produce “160,000 genetically improved female crossbred calves” through artificial inseminationfile:///home/oai/share/2017-11-08_PAD1947_india-tamil-nadu-irrigated-agriculture-modernization-project_english.pdf#:~:text=In%20addition%2C%20TANUVAS%20together%20with,at%20the%20project%20end%20were.",file:///home/oai/share/2017-11-08_PAD1947_india-tamil-nadu-irrigated-agriculture-modernization-project_english.pdf#:~:text=In%20addition%2C%20TANUVAS%20together%20with,at%20the%20project%20end%20were,FALSE,Results framework p.??,Livestock outcomes,,,,
P158522,World Bank,India,2017,PAD,outcome,Promote good aquaculture practices and improve fish productivity,Sustainable Economic Growth,Productivity,Intended,aquaculture,"The project aims to promote good aquaculture practices on 25,100 ha of water area and improve fish productivity through seed production, feed and climate‑resilient technologiesfile:///home/oai/share/2017-11-08_PAD1947_india-tamil-nadu-irrigated-agriculture-modernization-project_english.pdf#:~:text=This%20subcomponent%20aims%20to%20diversify,Thefile:///home/oai/share/2017-11-08_PAD1947_india-tamil-nadu-irrigated-agriculture-modernization-project_english.pdf#:~:text=In%20addition%2C%20TANUVAS%20together%20with,at%20the%20project%20end%20were.",file:///home/oai/share/2017-11-08_PAD1947_india-tamil-nadu-irrigated-agriculture-modernization-project_english.pdf#:~:text=This%20subcomponent%20aims%20to%20diversify,The;file:///home/oai/share/2017-11-08_PAD1947_india-tamil-nadu-irrigated-agriculture-modernization-project_english.pdf#:~:text=In%20addition%2C%20TANUVAS%20together%20with,at%20the%20project%20end%20were,FALSE,Results framework p.??,Fisheries outcomes,,,
P158522,World Bank,India,2017,PAD,outcome,Formation of Farmer Producer Organizations and beneficiaries reached,Sustainable Economic Growth,Market efficiency; income per capita,Intended,unspecified,"Annex 1 notes the creation of FPOs benefiting 45,000 members as part of the marketing and value addition componentfile:///home/oai/share/2017-11-08_PAD1947_india-tamil-nadu-irrigated-agriculture-modernization-project_english.pdf#:~:text=This%20subcomponent%20aims%20to%20diversify,The.",file:///home/oai/share/2017-11-08_PAD1947_india-tamil-nadu-irrigated-agriculture-modernization-project_english.pdf#:~:text=This%20subcomponent%20aims%20to%20diversify,The,FALSE,Annex results p.??,FPO outcomes,,,,
P165129,World Bank,India,2020,PAD,objective,Improve upstream watershed management and increase agricultural water productivity,,,,unspecified,The Project Development Objective is “to improve upstream watershed management and increase agricultural water productivity in selected Gram Panchayats in Himachal Pradesh”file:///home/oai/share/2020-02-23_PAD3581_india-integrated-project-for-source-sustainability-and-climate-resilient-rain-fed-agriculture-in-himachal-pradesh_english.pdf#:~:text=To%20improve%20upstream%20watershed%20management,Gram%20Panchayats%20in%20Himachal%20Pradesh.,file:///home/oai/share/2020-02-23_PAD3581_india-integrated-project-for-source-sustainability-and-climate-resilient-rain-fed-agriculture-in-himachal-pradesh_english.pdf#:~:text=To%20improve%20upstream%20watershed%20management,Gram%20Panchayats%20in%20Himachal%20Pradesh,FALSE,Datasheet p.2,PDO,,,
P165129,World Bank,India,2020,PAD,intervention,Participatory watershed planning and hydrological monitoring,Ecosystem Services; Advisory and Extension,,,unspecified,Subcomponent 1A supports installation of hydrological monitoring stations and participatory preparation of GP resource management plans with training for extension officers and inclusion of women and disadvantaged groupsfile:///home/oai/share/2020-02-23_PAD3581_india-integrated-project-for-source-sustainability-and-climate-resilient-rain-fed-agriculture-in-himachal-pradesh_english.pdf.,file:///home/oai/share/2020-02-23_PAD3581_india-integrated-project-for-source-sustainability-and-climate-resilient-rain-fed-agriculture-in-himachal-pradesh_english.pdf,FALSE,Component 1 p.??,Participatory planning,,,,,
P165129,World Bank,India,2020,PAD,intervention,"Soil and water conservation, forest and pasture management",Ecosystem Services; Forestry Management & Technologies; Livestock Management & Technologies,,,small ruminants,"Subcomponent 1B funds soil and water conservation measures such as afforestation and check dams, supports forest management and pasture management with rotational grazing, develops high‑quality seed stands and nurseries, and finances fire prevention and operations and maintenance fundsfile:///home/oai/share/2020-02-23_PAD3581_india-integrated-project-for-source-sustainability-and-climate-resilient-rain-fed-agriculture-in-himachal-pradesh_english.pdf.",file:///home/oai/share/2020-02-23_PAD3581_india-integrated-project-for-source-sustainability-and-climate-resilient-rain-fed-agriculture-in-himachal-pradesh_english.pdf,FALSE,Component 1 p.??,Conservation and pasture management,,,,,
P165129,World Bank,India,2020,PAD,intervention,Water harvesting and irrigation infrastructure,Rural/Public Infrastructure; Ecosystem Services,,,unspecified,"Subcomponent 2A finances decentralized water infrastructure including pond excavation, tank renovation, rainwater tanks and irrigation channels, linking investments to upstream watershed management and adoption of climate‑smart practicesfile:///home/oai/share/2020-02-23_PAD3581_india-integrated-project-for-source-sustainability-and-climate-resilient-rain-fed-agriculture-in-himachal-pradesh_english.pdf#:~:text=Subcomponent%202A%3A%20Improved%20water%20productivity,%E2%80%99.",file:///home/oai/share/2020-02-23_PAD3581_india-integrated-project-for-source-sustainability-and-climate-resilient-rain-fed-agriculture-in-himachal-pradesh_english.pdf#:~:text=Subcomponent%202A%3A%20Improved%20water%20productivity,%E2%80%99,FALSE,Component 2 p.??,Water infrastructure,,,,
P165129,World Bank,India,2020,PAD,intervention,Adoption of climate‑smart agriculture and high‑value diversification,Crop Management & Technology; Advisory and Extension; Markets & Finance; Rural/Public Infrastructure,,,unspecified,"Subcomponent 2B supports adoption of climate‑smart practices (agroforestry, reduced tillage, system for rice intensification) and diversification into high‑value crops. It also invests in market access infrastructure like footbridges and ropeways and provides matching grants, with targeted support for women farmersfile:///home/oai/share/2020-02-23_PAD3581_india-integrated-project-for-source-sustainability-and-climate-resilient-rain-fed-agriculture-in-himachal-pradesh_english.pdf.",file:///home/oai/share/2020-02-23_PAD3581_india-integrated-project-for-source-sustainability-and-climate-resilient-rain-fed-agriculture-in-himachal-pradesh_english.pdf,FALSE,Component 2 p.??,Climate‑smart agriculture,,,,,
P165129,World Bank,India,2020,PAD,intervention,Institutional capacity building for watershed management,Policy & Regulatory; Advisory and Extension,,,unspecified,"Component 3 supports institutional assessments of water resource institutions, technical assistance for integrated watershed management, capacity building of the Himachal Pradesh Forest Department and knowledge sharing under the Lighthouse India approachfile:///home/oai/share/2020-02-23_PAD3581_india-integrated-project-for-source-sustainability-and-climate-resilient-rain-fed-agriculture-in-himachal-pradesh_english.pdf#:~:text=Component%203%3A%20Institutional%20capacity%20building,uses%20within%20HP%20and%20in.",file:///home/oai/share/2020-02-23_PAD3581_india-integrated-project-for-source-sustainability-and-climate-resilient-rain-fed-agriculture-in-himachal-pradesh_english.pdf#:~:text=Component%203%3A%20Institutional%20capacity%20building,uses%20within%20HP%20and%20in,FALSE,Component 3 p.??,Institutional capacity,,,,
P165129,World Bank,India,2020,PAD,outcome,Land under sustainable landscape management and improved soil,Environmental Sustainability,Soil health; land use change,Intended,unspecified,"The results framework sets targets for land under sustainable landscape management (12,000 ha) and area managed for improved soil (1,200 ha)file:///home/oai/share/2020-02-23_PAD3581_india-integrated-project-for-source-sustainability-and-climate-resilient-rain-fed-agriculture-in-himachal-pradesh_english.pdf#:~:text=Project%20Development%20Objectives,Gram%20Panchayats%20in%20Himachal%20Pradesh.",file:///home/oai/share/2020-02-23_PAD3581_india-integrated-project-for-source-sustainability-and-climate-resilient-rain-fed-agriculture-in-himachal-pradesh_english.pdf#:~:text=Project%20Development%20Objectives,Gram%20Panchayats%20in%20Himachal%20Pradesh,FALSE,Results framework p.??,Results,,,,
P165129,World Bank,India,2020,PAD,outcome,New farm area under higher‑efficiency irrigation,Resilience,Climate resilience,Intended,unspecified,One PDO indicator measures the “new farm area under higher‑efficiency irrigation” with a target of 200 hafile:///home/oai/share/2020-02-23_PAD3581_india-integrated-project-for-source-sustainability-and-climate-resilient-rain-fed-agriculture-in-himachal-pradesh_english.pdf#:~:text=Project%20Development%20Objectives,Gram%20Panchayats%20in%20Himachal%20Pradesh.,file:///home/oai/share/2020-02-23_PAD3581_india-integrated-project-for-source-sustainability-and-climate-resilient-rain-fed-agriculture-in-himachal-pradesh_english.pdf#:~:text=Project%20Development%20Objectives,Gram%20Panchayats%20in%20Himachal%20Pradesh,FALSE,Results framework p.??,Results,,,
P165129,World Bank,India,2020,PAD,outcome,Farmers adopting climate‑smart practices and satisfied with interventions,Sustainable Economic Growth,Productivity; adoption,Intended,unspecified,The results framework sets targets for 50 % of farmers adopting climate‑smart practices and 75 % of farmers being satisfied with project interventionsfile:///home/oai/share/2020-02-23_PAD3581_india-integrated-project-for-source-sustainability-and-climate-resilient-rain-fed-agriculture-in-himachal-pradesh_english.pdf#:~:text=Project%20Development%20Objectives,Gram%20Panchayats%20in%20Himachal%20Pradesh.,file:///home/oai/share/2020-02-23_PAD3581_india-integrated-project-for-source-sustainability-and-climate-resilient-rain-fed-agriculture-in-himachal-pradesh_english.pdf#:~:text=Project%20Development%20Objectives,Gram%20Panchayats%20in%20Himachal%20Pradesh,FALSE,Results framework p.??,Results,,,
P165129,World Bank,India,2020,PAD,outcome,Farmers reached and adopting improved technology (gender‑disaggregated),Sustainable Economic Growth,Adoption; productivity,Intended,unspecified,"The results framework aims to reach 20,000 farmers with assets/services and to have 10,000 farmers adopt improved technologies, with male and female counts reported separatelyfile:///home/oai/share/2020-02-23_PAD3581_india-integrated-project-for-source-sustainability-and-climate-resilient-rain-fed-agriculture-in-himachal-pradesh_english.pdf#:~:text=Project%20Development%20Objectives,Gram%20Panchayats%20in%20Himachal%20Pradesh.",file:///home/oai/share/2020-02-23_PAD3581_india-integrated-project-for-source-sustainability-and-climate-resilient-rain-fed-agriculture-in-himachal-pradesh_english.pdf#:~:text=Project%20Development%20Objectives,Gram%20Panchayats%20in%20Himachal%20Pradesh,FALSE,Results framework p.??,Results,,,,
P165129,World Bank,India,2020,PAD,outcome,Women participation in resource management and user groups,Inclusivity & Women’s Empowerment,Women’s empowerment; access to resources,Intended,unspecified,Indicators include targets that 30 % of women will sign resource management plans and 30 % of user groups will have female treasurersfile:///home/oai/share/2020-02-23_PAD3581_india-integrated-project-for-source-sustainability-and-climate-resilient-rain-fed-agriculture-in-himachal-pradesh_english.pdf#:~:text=Project%20Development%20Objectives,Gram%20Panchayats%20in%20Himachal%20Pradesh.,file:///home/oai/share/2020-02-23_PAD3581_india-integrated-project-for-source-sustainability-and-climate-resilient-rain-fed-agriculture-in-himachal-pradesh_english.pdf#:~:text=Project%20Development%20Objectives,Gram%20Panchayats%20in%20Himachal%20Pradesh,FALSE,Results framework p.??,Gender indicators,,,
P165129,World Bank,India,2020,PAD,outcome,"Increased forest cover, improved pasture and yields, and GHG reduction",Environmental Sustainability,Biodiversity; GHG reduction,Intended,small ruminants; unspecified,"The economic analysis notes that the project will generate benefits such as increased forest cover, improved pasture and livestock management, improved water use efficiency, higher agricultural yields and value addition, and net greenhouse gas reductionfile:///home/oai/share/2020-02-23_PAD3581_india-integrated-project-for-source-sustainability-and-climate-resilient-rain-fed-agriculture-in-himachal-pradesh_english.pdf#:~:text=include%3A%20,marketing%20of%20agricultural%20crops%20and.",file:///home/oai/share/2020-02-23_PAD3581_india-integrated-project-for-source-sustainability-and-climate-resilient-rain-fed-agriculture-in-himachal-pradesh_english.pdf#:~:text=include%3A%20,marketing%20of%20agricultural%20crops%20and,FALSE,Economic analysis p.??,Economic benefits,,,,
P177671,World Bank,India,2023,PAD,objective,Increase quality and coverage of animal health services and improve One Health coordination,,,,multiple,The Program Development Objective is “to increase the quality and coverage of animal health services for livestock farmers and improve One Health coordination in Participating States”file:///home/oai/share/2023-04-19_PAD5055_india-animal-health-system-support-for-one-health-program-for-results-ahssoh_english.pdf#:~:text=The%20Program%20Development%20Objective%20is,Health%20coordination%20in%20Participating%20States.,file:///home/oai/share/2023-04-19_PAD5055_india-animal-health-system-support-for-one-health-program-for-results-ahssoh_english.pdf#:~:text=The%20Program%20Development%20Objective%20is,Health%20coordination%20in%20Participating%20States,FALSE,Datasheet p.??,PDO,,,
P177671,World Bank,India,2023,PAD,intervention,Strengthen institutional capacity and One Health coordination,Public Health; Policy & Regulatory; Advisory and Extension,,,multiple,"Results Area 1 includes diagnostic assessments to identify disease risks and capacity gaps, preparation of State Strategic Plans, training of staff with gender targets, establishment of One Health steering committees and joint research platforms, and coordination across ministries to address antimicrobial resistance and climate‑sensitive zoonosesfile:///home/oai/share/2023-04-19_PAD5055_india-animal-health-system-support-for-one-health-program-for-results-ahssoh_english.pdf#:~:text=36,and%20implementation%20of%20integrated%20disease.",file:///home/oai/share/2023-04-19_PAD5055_india-animal-health-system-support-for-one-health-program-for-results-ahssoh_english.pdf#:~:text=36,and%20implementation%20of%20integrated%20disease,FALSE,RA1 p.??,Institutional capacity,,,,
P177671,World Bank,India,2023,PAD,intervention,Enhance diagnostic capacity through upgraded laboratories and training,Public Health; Livestock Management & Technologies; Advisory and Extension,,,multiple,"Results Area 2 finances upgrading of diagnostic facilities, development of diagnostic service standards and accreditation, implementation of laboratory information systems, promotion of kit‑based diagnostics and extensive training of laboratory staff, veterinarians, para‑vets and forest staff in epidemiology and sample handlingfile:///home/oai/share/2023-04-19_PAD5055_india-animal-health-system-support-for-one-health-program-for-results-ahssoh_english.pdf#:~:text=surveillance%20and%20training%20of%20public,health%20workers.",file:///home/oai/share/2023-04-19_PAD5055_india-animal-health-system-support-for-one-health-program-for-results-ahssoh_english.pdf#:~:text=surveillance%20and%20training%20of%20public,health%20workers,FALSE,RA2 p.??,Diagnostic capacity,,,,
P177671,World Bank,India,2023,PAD,intervention,Expand access to quality veterinary services and mobile units,Livestock Management & Technologies; Public Health; Advisory and Extension; Markets & Finance,,,multiple,"Results Area 3 upgrades veterinary hospitals and dispensaries, scales up mobile veterinary units to reach remote farmers, develops model hospitals, trains para‑vets and community health workers on disease prevention, biosafety, vaccination and climate adaptation, promotes solar‑powered veterinary facilities and explores public‑private partnerships and IT platforms for service deliveryfile:///home/oai/share/2023-04-19_PAD5055_india-animal-health-system-support-for-one-health-program-for-results-ahssoh_english.pdf.",file:///home/oai/share/2023-04-19_PAD5055_india-animal-health-system-support-for-one-health-program-for-results-ahssoh_english.pdf,FALSE,RA3 p.??,Veterinary services,,,,,
P177671,World Bank,India,2023,PAD,intervention,Improve disease surveillance and reporting systems,Public Health; Policy & Regulatory; Advisory and Extension; Technology,,,multiple,"Results Area 4 develops integrated IT platforms and mobile apps for disease reporting, integrates wildlife surveillance into the National Digital Livestock Mission, trains forest and veterinary staff on disease reporting, establishes systems to track vaccines and diagnostic services, and builds capacity for epidemiology and joint surveillancefile:///home/oai/share/2023-04-19_PAD5055_india-animal-health-system-support-for-one-health-program-for-results-ahssoh_english.pdf#:~:text=service%20providers%2C%20and%20,sector%20development%20of%20such%20kits.",file:///home/oai/share/2023-04-19_PAD5055_india-animal-health-system-support-for-one-health-program-for-results-ahssoh_english.pdf#:~:text=service%20providers%2C%20and%20,sector%20development%20of%20such%20kits,FALSE,RA4 p.??,Surveillance,,,,
P177671,World Bank,India,2023,PAD,intervention,Raise community awareness on zoonoses and biosecurity,Public Health; Behavior Communication Change & Social Programs; Livestock Management & Technologies,,,multiple,"Results Area 5 organizes community awareness campaigns on zoonotic diseases, trains farmers on good husbandry practices, biosecurity and manure management, improves disease management practices at markets and slaughterhouses, trains butchers and market operators in hygienic handling and raises awareness about climate risks and biosafety measures with particular emphasis on women and labourersfile:///home/oai/share/2023-04-19_PAD5055_india-animal-health-system-support-for-one-health-program-for-results-ahssoh_english.pdf#:~:text=,food%20hygiene%20and%20food%20safety.",file:///home/oai/share/2023-04-19_PAD5055_india-animal-health-system-support-for-one-health-program-for-results-ahssoh_english.pdf#:~:text=,food%20hygiene%20and%20food%20safety,FALSE,RA5 p.??,Community awareness,,,,
P177671,World Bank,India,2023,PAD,outcome,Laboratories operating under improved quality assurance,Resilience,Food safety; disease control,Intended,multiple,"A PDO indicator counts the “number of laboratories operating under improved quality assurance,” with a target of 20 laboratoriesfile:///home/oai/share/2023-04-19_PAD5055_india-animal-health-system-support-for-one-health-program-for-results-ahssoh_english.pdf#:~:text=Program%20Development%20Objective%20Indicators%20by,Objectives%2FOutcomes.",file:///home/oai/share/2023-04-19_PAD5055_india-animal-health-system-support-for-one-health-program-for-results-ahssoh_english.pdf#:~:text=Program%20Development%20Objective%20Indicators%20by,Objectives%2FOutcomes,FALSE,Results framework p.??,PDO indicators,,,,
P177671,World Bank,India,2023,PAD,outcome,Livestock farmers with increased access to animal health services,Sustainable Economic Growth,Income per capita; productivity,Intended,multiple,"PDO indicators include the “number of livestock farmers with increased access to improved animal health services (target 2.9 million, with 35 % women)”file:///home/oai/share/2023-04-19_PAD5055_india-animal-health-system-support-for-one-health-program-for-results-ahssoh_english.pdf#:~:text=Program%20Development%20Objective%20Indicators%20by,Objectives%2FOutcomes.",file:///home/oai/share/2023-04-19_PAD5055_india-animal-health-system-support-for-one-health-program-for-results-ahssoh_english.pdf#:~:text=Program%20Development%20Objective%20Indicators%20by,Objectives%2FOutcomes,FALSE,Results framework p.??,PDO indicators,,,,
P177671,World Bank,India,2023,PAD,outcome,Digital disease surveillance systems operational,Resilience,Disease control,Intended,multiple,"A PDO indicator measures the “number of digital disease surveillance systems operating,” with a target of five systemsfile:///home/oai/share/2023-04-19_PAD5055_india-animal-health-system-support-for-one-health-program-for-results-ahssoh_english.pdf#:~:text=Program%20Development%20Objective%20Indicators%20by,Objectives%2FOutcomes.",file:///home/oai/share/2023-04-19_PAD5055_india-animal-health-system-support-for-one-health-program-for-results-ahssoh_english.pdf#:~:text=Program%20Development%20Objective%20Indicators%20by,Objectives%2FOutcomes,FALSE,Results framework p.??,PDO indicators,,,,
P177671,World Bank,India,2023,PAD,outcome,Implementation of One Health joint actions,Resilience,Policy change; institutional coordination,Intended,multiple,One of the PDO indicators tracks whether One Health joint actions are implemented (Yes/No)file:///home/oai/share/2023-04-19_PAD5055_india-animal-health-system-support-for-one-health-program-for-results-ahssoh_english.pdf#:~:text=Program%20Development%20Objective%20Indicators%20by,Objectives%2FOutcomes.,file:///home/oai/share/2023-04-19_PAD5055_india-animal-health-system-support-for-one-health-program-for-results-ahssoh_english.pdf#:~:text=Program%20Development%20Objective%20Indicators%20by,Objectives%2FOutcomes,FALSE,Results framework p.??,PDO indicators,,,
P177671,World Bank,India,2023,PAD,outcome,Farmers adopting biosecurity measures,Resilience,Disease control; resilience,Intended,multiple,"A PDO indicator targets the “number of livestock farmers adopting biosecurity measures,” set at 150,000 farmers, of whom 28,000 are womenfile:///home/oai/share/2023-04-19_PAD5055_india-animal-health-system-support-for-one-health-program-for-results-ahssoh_english.pdf#:~:text=Program%20Development%20Objective%20Indicators%20by,Objectives%2FOutcomes.",file:///home/oai/share/2023-04-19_PAD5055_india-animal-health-system-support-for-one-health-program-for-results-ahssoh_english.pdf#:~:text=Program%20Development%20Objective%20Indicators%20by,Objectives%2FOutcomes,FALSE,Results framework p.??,PDO indicators,,,,
P177671,World Bank,India,2023,PAD,outcome,"Veterinary hospitals upgraded and services delivered via hospitals, MVUs and IT platforms",Resilience; Sustainable Economic Growth,Disease control; productivity,Intended,multiple,"Intermediate results indicators include upgrading 400 veterinary hospitals and providing services to 800,000 farmers (212,000 women) via hospitals, mobile units and IT platformsfile:///home/oai/share/2023-04-19_PAD5055_india-animal-health-system-support-for-one-health-program-for-results-ahssoh_english.pdf#:~:text=Program%20Development%20Objective%20Indicators%20by,Objectives%2FOutcomes.",file:///home/oai/share/2023-04-19_PAD5055_india-animal-health-system-support-for-one-health-program-for-results-ahssoh_english.pdf#:~:text=Program%20Development%20Objective%20Indicators%20by,Objectives%2FOutcomes,FALSE,Results framework p.??,Intermediate indicators,,,,
P177671,World Bank,India,2023,PAD,outcome,Laboratory personnel and animal health professionals trained,Resilience; Behavior Communication Change & Social Programs,Knowledge increase,Intended,multiple,"Intermediate indicators target training of 585 laboratory personnel (20 % women) and 3,500 animal health professionals (350 women)file:///home/oai/share/2023-04-19_PAD5055_india-animal-health-system-support-for-one-health-program-for-results-ahssoh_english.pdf#:~:text=Program%20Development%20Objective%20Indicators%20by,Objectives%2FOutcomes.",file:///home/oai/share/2023-04-19_PAD5055_india-animal-health-system-support-for-one-health-program-for-results-ahssoh_english.pdf#:~:text=Program%20Development%20Objective%20Indicators%20by,Objectives%2FOutcomes,FALSE,Results framework p.??,Intermediate indicators,,,,
P177671,World Bank,India,2023,PAD,outcome,Community outreach campaigns and value‑chain actors trained,Behavior Communication Change & Social Programs; Resilience,Knowledge increase; women’s empowerment,Intended,multiple,"Intermediate results indicators include carrying out 360 community outreach campaigns reaching 60 % women and training 5,000 value‑chain actors (2,000 women) in hygienic handling and biosecurityfile:///home/oai/share/2023-04-19_PAD5055_india-animal-health-system-support-for-one-health-program-for-results-ahssoh_english.pdf#:~:text=Program%20Development%20Objective%20Indicators%20by,Objectives%2FOutcomes.",file:///home/oai/share/2023-04-19_PAD5055_india-animal-health-system-support-for-one-health-program-for-results-ahssoh_english.pdf#:~:text=Program%20Development%20Objective%20Indicators%20by,Objectives%2FOutcomes,FALSE,Results framework p.??,Intermediate indicators,,,,
P179935,World Bank,India,2024,PAD,objective,Improve landscape management and increase benefits for forest‑dependent communities,,,,unspecified,The Project Development Objective is “to improve landscape management and increase benefits for targeted forest‑dependent communities in Tripura and Nagaland”file:///home/oai/share/2024-11-04_PAD5418_india-enhancing-landscape-and-ecosystem-management-element-project_english.pdf#:~:text=To%20improve%20landscape%20management%20and,communities%20in%20Tripura%20and%20Nagaland.,file:///home/oai/share/2024-11-04_PAD5418_india-enhancing-landscape-and-ecosystem-management-element-project_english.pdf#:~:text=To%20improve%20landscape%20management%20and,communities%20in%20Tripura%20and%20Nagaland,FALSE,Datasheet p.5,PDO,,,
P179935,World Bank,India,2024,PAD,intervention,Strengthen state capacity for participatory landscape planning and fire prevention,Policy & Regulatory; Advisory and Extension; Forestry Management & Technologies,,,unspecified,"Subcomponent 1.1 strengthens state capacities for participatory planning by reviewing policies and regulations, developing climate‑resilient landscape planning guidelines, training staff and stakeholders and supporting early warning systems for forest fire preventionfile:///home/oai/share/2024-11-04_PAD5418_india-enhancing-landscape-and-ecosystem-management-element-project_english.pdf#:~:text=23.%20Sub,forest%20fire%20prevention%20and%20management.",file:///home/oai/share/2024-11-04_PAD5418_india-enhancing-landscape-and-ecosystem-management-element-project_english.pdf#:~:text=23.%20Sub,forest%20fire%20prevention%20and%20management,FALSE,Component 1 p.??,State capacity,,,,
P179935,World Bank,India,2024,PAD,intervention,Upgrade research and conservation facilities and address human–wildlife conflict,Forestry Management & Technologies; Ecosystem Services; Public Health,,,unspecified,"Subcomponent 1.2 finances upgrades to the Forest Research Unit, development of decision support systems, a conservation breeding center for endangered species, an atlas of aquatic ecosystems, human–wildlife conflict response teams and infrastructure, and preparation of management plans for conservation reservesfile:///home/oai/share/2024-11-04_PAD5418_india-enhancing-landscape-and-ecosystem-management-element-project_english.pdf#:~:text=24.%20Sub,and%20the%20Bhairabnagar%20Conservation%20Reserves.",file:///home/oai/share/2024-11-04_PAD5418_india-enhancing-landscape-and-ecosystem-management-element-project_english.pdf#:~:text=24.%20Sub,and%20the%20Bhairabnagar%20Conservation%20Reserves,FALSE,Component 1 p.??,Research and conservation,,,,
P179935,World Bank,India,2024,PAD,intervention,Strengthen community institutions for natural resource management,Behavior Communication Change & Social Programs; Advisory and Extension; Ecosystem Services,,,unspecified,"Subcomponent 1.3 enhances community institutions like JFMCs, BMCs and SHGs to assess and map resources, develop community‑led climate‑resilient plans, respond to fire emergencies, monitor progress and improve women’s representation in leadership positionsfile:///home/oai/share/2024-11-04_PAD5418_india-enhancing-landscape-and-ecosystem-management-element-project_english.pdf#:~:text=institutions%20for%20decentralized%20natural%20resources,the%20use%20of%20natural%20resources.",file:///home/oai/share/2024-11-04_PAD5418_india-enhancing-landscape-and-ecosystem-management-element-project_english.pdf#:~:text=institutions%20for%20decentralized%20natural%20resources,the%20use%20of%20natural%20resources,FALSE,Component 1 p.??,Community institutions,,,,
P179935,World Bank,India,2024,PAD,intervention,Establish digital knowledge platform and stakeholder meetings,Advisory and Extension; Policy & Regulatory; Behavior Communication Change & Social Programs,,,unspecified,Subcomponent 1.4 establishes a digital knowledge platform at the Ministry of Development of North Eastern Region for sharing innovations and organizes annual stakeholder meetingsfile:///home/oai/share/2024-11-04_PAD5418_india-enhancing-landscape-and-ecosystem-management-element-project_english.pdf#:~:text=establishment%20of%20a%20digital%20knowledge,states%20to%20share%20the%20results.,file:///home/oai/share/2024-11-04_PAD5418_india-enhancing-landscape-and-ecosystem-management-element-project_english.pdf#:~:text=establishment%20of%20a%20digital%20knowledge,states%20to%20share%20the%20results,FALSE,Component 1 p.??,Knowledge platform,,,
P179935,World Bank,India,2024,PAD,intervention,Prepare community landscape management plans,Ecosystem Services; Forestry Management & Technologies; Advisory and Extension,,,unspecified,"Subcomponent 2.1 prepares community landscape management plans based on GIS diagnostics, land and forest inventories and sub‑plans for biodiversity, forest management, water augmentation, soil productivity, fire management and livelihoodsfile:///home/oai/share/2024-11-04_PAD5418_india-enhancing-landscape-and-ecosystem-management-element-project_english.pdf#:~:text=Sub,plans.",file:///home/oai/share/2024-11-04_PAD5418_india-enhancing-landscape-and-ecosystem-management-element-project_english.pdf#:~:text=Sub,plans,FALSE,Component 2 p.??,Landscape planning,,,,
P179935,World Bank,India,2024,PAD,intervention,"Implement restoration, soil/water conservation and livelihood sub‑grants",Ecosystem Services; Forestry Management & Technologies; Crop Management & Technology; Food Processing & Storage; Rural/Public Infrastructure,,,unspecified,"Subcomponent 2.2 implements community plans through sub‑grants supporting forest restoration (protection, regeneration, afforestation, nurseries, fire management), soil and water conservation (check dams, trenches) and livelihood interventions such as climate‑resilient agriculture, agroforestry, micro‑irrigation, micro‑technologies and vermicompostingfile:///home/oai/share/2024-11-04_PAD5418_india-enhancing-landscape-and-ecosystem-management-element-project_english.pdf#:~:text=restoration%2C%20,technologies%20for.",file:///home/oai/share/2024-11-04_PAD5418_india-enhancing-landscape-and-ecosystem-management-element-project_english.pdf#:~:text=restoration%2C%20,technologies%20for,FALSE,Component 2 p.??,Restoration and livelihoods,,,,
P179935,World Bank,India,2024,PAD,intervention,Develop value chains for high‑value forest products and honey,Markets & Finance; Food Processing & Storage; Advisory and Extension; Behavior Communication Change & Social Programs,,,unspecified,"Subcomponent 3.1 supports value chain development for high‑value forest products and agroforestry by establishing facilities, partnerships and matching grants to enterprises and scales up honeybee rearing and value chains with training, honey laboratories and improved packaging and traceabilityfile:///home/oai/share/2024-11-04_PAD5418_india-enhancing-landscape-and-ecosystem-management-element-project_english.pdf.",file:///home/oai/share/2024-11-04_PAD5418_india-enhancing-landscape-and-ecosystem-management-element-project_english.pdf,FALSE,Component 3 p.??,Value chains,,,,,
P179935,World Bank,India,2024,PAD,intervention,Develop eco‑tourism and community facilities,Markets & Finance; Behavior Communication Change & Social Programs; Rural/Public Infrastructure,,,unspecified,"Subcomponent 3.2 augments eco‑tourism opportunities by developing strategies and marketing, strengthening tourism circuits, building capacity of actors and financing community facilities such as nature trails, ecotourism circuits and visitor centersfile:///home/oai/share/2024-11-04_PAD5418_india-enhancing-landscape-and-ecosystem-management-element-project_english.pdf.",file:///home/oai/share/2024-11-04_PAD5418_india-enhancing-landscape-and-ecosystem-management-element-project_english.pdf,FALSE,Component 3 p.??,Eco‑tourism,,,,,
P179935,World Bank,India,2024,PAD,outcome,Areas under enhanced conservation and net GHG reduction,Environmental Sustainability,Biodiversity; GHG reduction,Intended,unspecified,"PDO indicators include “terrestrial and aquatic areas under enhanced conservation” with a target of 54,800 ha and net GHG emissions reduction of 434,866 t CO2e per yearfile:///home/oai/share/2024-11-04_PAD5418_india-enhancing-landscape-and-ecosystem-management-element-project_english.pdf#:~:text=to%20ensure%20all%20mitigation%20measures,are%20in%20place.",file:///home/oai/share/2024-11-04_PAD5418_india-enhancing-landscape-and-ecosystem-management-element-project_english.pdf#:~:text=to%20ensure%20all%20mitigation%20measures,are%20in%20place,FALSE,Results framework p.??,PDO indicators,,,,
P179935,World Bank,India,2024,PAD,outcome,People benefiting from landscape value chains and new/better jobs,Sustainable Economic Growth,Employment; income per capita,Intended,unspecified,"PDO indicators target “number of people with increased benefits from landscape‑based value chains” (132,500) and “number of new or better jobs” (66,250, including women and youth)file:///home/oai/share/2024-11-04_PAD5418_india-enhancing-landscape-and-ecosystem-management-element-project_english.pdf#:~:text=to%20ensure%20all%20mitigation%20measures,are%20in%20place.",file:///home/oai/share/2024-11-04_PAD5418_india-enhancing-landscape-and-ecosystem-management-element-project_english.pdf#:~:text=to%20ensure%20all%20mitigation%20measures,are%20in%20place,FALSE,Results framework p.??,PDO indicators,,,,
P179935,World Bank,India,2024,PAD,outcome,People with enhanced resilience to climate risks,Resilience,Climate resilience,Intended,unspecified,"A PDO indicator measures the “number of people with enhanced resilience to climate risks,” with a target of 900,000 (130,000 direct beneficiaries)file:///home/oai/share/2024-11-04_PAD5418_india-enhancing-landscape-and-ecosystem-management-element-project_english.pdf#:~:text=to%20ensure%20all%20mitigation%20measures,are%20in%20place.",file:///home/oai/share/2024-11-04_PAD5418_india-enhancing-landscape-and-ecosystem-management-element-project_english.pdf#:~:text=to%20ensure%20all%20mitigation%20measures,are%20in%20place,FALSE,Results framework p.??,PDO indicators,,,,
P179935,World Bank,India,2024,PAD,outcome,Community groups strengthened and enterprises created,Inclusivity & Women’s Empowerment; Sustainable Economic Growth,Women’s empowerment; employment,Intended,unspecified,"Intermediate indicators include reaching 725 community groups with extension or knowledge products, incubating 200 forest‑based enterprises (50 led by women) and integrating 350 community groups into high‑value forest product value chainsfile:///home/oai/share/2024-11-04_PAD5418_india-enhancing-landscape-and-ecosystem-management-element-project_english.pdf#:~:text=Baseline%20Closing%20Period%20Strengthening%20Capacities,disaggregated%20by%20type%20%28Hectare%28Ha.",file:///home/oai/share/2024-11-04_PAD5418_india-enhancing-landscape-and-ecosystem-management-element-project_english.pdf#:~:text=Baseline%20Closing%20Period%20Strengthening%20Capacities,disaggregated%20by%20type%20%28Hectare%28Ha,FALSE,Results framework p.??,Intermediate indicators,,,,
P179935,World Bank,India,2024,PAD,outcome,Women’s representation and beneficiary satisfaction,Inclusivity & Women’s Empowerment,Women’s empowerment; community cohesion,Intended,unspecified,Indicators include women’s representation in executive committees of community groups (target 33 %) and beneficiary satisfaction (target 80 %)file:///home/oai/share/2024-11-04_PAD5418_india-enhancing-landscape-and-ecosystem-management-element-project_english.pdf#:~:text=Baseline%20Closing%20Period%20Strengthening%20Capacities,disaggregated%20by%20type%20%28Hectare%28Ha.,file:///home/oai/share/2024-11-04_PAD5418_india-enhancing-landscape-and-ecosystem-management-element-project_english.pdf#:~:text=Baseline%20Closing%20Period%20Strengthening%20Capacities,disaggregated%20by%20type%20%28Hectare%28Ha,FALSE,Results framework p.??,Intermediate indicators,,,
P170365,World Bank,Kazakhstan,2020,PAD,objective,"Support environmentally sustainable, inclusive and competitive beef production",,,,cattle,"The Program Development Objective is to “support the development of an environmentally sustainable, inclusive, and competitive beef production in Kazakhstan”file:///home/oai/share/2020-06-10_PAD3656_kazakhstan-sustainable-livestock-development-program-for-results_english.pdf#:~:text=62,competitive%20beef%20production%20in%20Kazakhstan.",file:///home/oai/share/2020-06-10_PAD3656_kazakhstan-sustainable-livestock-development-program-for-results_english.pdf#:~:text=62,competitive%20beef%20production%20in%20Kazakhstan,FALSE,PDO section p.29,PDO,,,,
P170365,World Bank,Kazakhstan,2020,PAD,intervention,Establish unified cattle recording and traceability system,Policy & Regulatory; Livestock Management & Technologies,,,cattle,"Results Area 1.1 supports institutional arrangements and budget to improve coverage, reliability and inter‑connectivity of animal recording systems by adopting a regulatory framework for a unified traceability system, defining data confidentiality and validation protocols and strengthening design and inter‑connectivityfile:///home/oai/share/2020-06-10_PAD3656_kazakhstan-sustainable-livestock-development-program-for-results_english.pdf#:~:text=Results%20Area%201,of%20current%20animal%20recording%20systems.",file:///home/oai/share/2020-06-10_PAD3656_kazakhstan-sustainable-livestock-development-program-for-results_english.pdf#:~:text=Results%20Area%201,of%20current%20animal%20recording%20systems,FALSE,RA1 p.??,Traceability,,,,
P170365,World Bank,Kazakhstan,2020,PAD,intervention,Enable private veterinary services through regulatory reforms and capacity building,Public Health; Livestock Management & Technologies; Policy & Regulatory,,,cattle,"Results Area 1.2 includes a Performance of Veterinary Services gap analysis to identify issues in access to veterinary services, followed by regulatory reforms and strengthening the policy framework for veterinary services and building capacity of private veterinarians for disease control and preventionfile:///home/oai/share/2020-06-10_PAD3656_kazakhstan-sustainable-livestock-development-program-for-results_english.pdf#:~:text=Results%20Area%201,by%20eligible%20private%20veterinarians.",file:///home/oai/share/2020-06-10_PAD3656_kazakhstan-sustainable-livestock-development-program-for-results_english.pdf#:~:text=Results%20Area%201,by%20eligible%20private%20veterinarians,FALSE,RA1 p.??,Veterinary services,,,,
P170365,World Bank,Kazakhstan,2020,PAD,intervention,Develop climate‑smart grassland and husbandry practices and farmer training,Livestock Management & Technologies; Advisory and Extension; Ecosystem Services,,,cattle,"Results Area 2.1 aims to develop good grassland management and animal husbandry practices that integrate climate‑smart principles, implement scaled‑up farmer training programs, provide technical advisory services, develop model farms and farmer‑field schools and link cattle farmers to feedlotsfile:///home/oai/share/2020-06-10_PAD3656_kazakhstan-sustainable-livestock-development-program-for-results_english.pdf#:~:text=Results%20Area%202,beef%20cattle%20farmers%20with%20feedlots.",file:///home/oai/share/2020-06-10_PAD3656_kazakhstan-sustainable-livestock-development-program-for-results_english.pdf#:~:text=Results%20Area%202,beef%20cattle%20farmers%20with%20feedlots,FALSE,RA2 p.??,Farmer‑centric training,,,,
P170365,World Bank,Kazakhstan,2020,PAD,intervention,Provide headage payments and matching grants to new beef farmers,Markets & Finance; Livestock Management & Technologies; Advisory and Extension,,,cattle,"Results Area 2.2 provides headage payments and matching grants to 20,000 newly registered small and medium beef farmers to adopt good practices, upgrade production facilities, link with feedlots and slaughterhouses and access the Sybaga program for importing pedigree cattlefile:///home/oai/share/2020-06-10_PAD3656_kazakhstan-sustainable-livestock-development-program-for-results_english.pdf#:~:text=Results%20Area%202,Program%20for%20importing%20pedigree%20cattle.",file:///home/oai/share/2020-06-10_PAD3656_kazakhstan-sustainable-livestock-development-program-for-results_english.pdf#:~:text=Results%20Area%202,Program%20for%20importing%20pedigree%20cattle,FALSE,RA2 p.??,Headage payments,,,,
P170365,World Bank,Kazakhstan,2020,PAD,intervention,Improve access to land and services for small and medium farmers,Ecosystem Services; Policy & Regulatory; Rural/Public Infrastructure,,,cattle,Results Area 2.3 addresses bottlenecks preventing small and medium farmers’ participation by strengthening capacity for efficient land use and improving Akimats’ management of common pastureland and water points to enhance farmers’ access to productive pasturesfile:///home/oai/share/2020-06-10_PAD3656_kazakhstan-sustainable-livestock-development-program-for-results_english.pdf#:~:text=Results%20Area%202,more%20productive%20pastures%20is%20improved.,file:///home/oai/share/2020-06-10_PAD3656_kazakhstan-sustainable-livestock-development-program-for-results_english.pdf#:~:text=Results%20Area%202,more%20productive%20pastures%20is%20improved,FALSE,RA2 p.??,Access to services,,,
P170365,World Bank,Kazakhstan,2020,PAD,intervention,Mainstream green growth policies and establish GHG monitoring system,Policy & Regulatory,,,cattle,"Results Area 3 supports mainstreaming green growth principles in the beef sector, streamlining agricultural support regulations, updating the NDC to include emission reduction targets for the livestock sector, adopting a national adaptation plan and establishing a monitoring, reporting and verification system for GHG emissionsfile:///home/oai/share/2020-06-10_PAD3656_kazakhstan-sustainable-livestock-development-program-for-results_english.pdf#:~:text=Results%20Area%203,The%20Program%20will.",file:///home/oai/share/2020-06-10_PAD3656_kazakhstan-sustainable-livestock-development-program-for-results_english.pdf#:~:text=Results%20Area%203,The%20Program%20will,FALSE,RA3 p.??,Green growth policies,,,,
P170365,World Bank,Kazakhstan,2020,PAD,outcome,Share of public expenditure addressing green growth,Environmental Sustainability,Climate mitigation,Intended,cattle,"A PDO indicator measures the “share of public expenditure in support of beef cattle production and processing that address green growth and sustainability in the beef sector,” aiming to increase this share to 30 %file:///home/oai/share/2020-06-10_PAD3656_kazakhstan-sustainable-livestock-development-program-for-results_english.pdffile:///home/oai/share/2020-06-10_PAD3656_kazakhstan-sustainable-livestock-development-program-for-results_english.pdf#:~:text=Support%20development%20of%20an%20environmentally,00%20Number%20of%20small%20and.",file:///home/oai/share/2020-06-10_PAD3656_kazakhstan-sustainable-livestock-development-program-for-results_english.pdf;file:///home/oai/share/2020-06-10_PAD3656_kazakhstan-sustainable-livestock-development-program-for-results_english.pdf#:~:text=Support%20development%20of%20an%20environmentally,00%20Number%20of%20small%20and,FALSE,Results framework p.??,PDO indicators,,,,
P170365,World Bank,Kazakhstan,2020,PAD,outcome,Number of small and medium farmers selling to feedlots,Sustainable Economic Growth,Market efficiency; income per capita,Intended,cattle,"PDO indicators track the “number of small and medium farmers selling to feedlots,” increasing from a baseline of 20,000 to 40,000 farmers, with a separate indicator for women farmersfile:///home/oai/share/2020-06-10_PAD3656_kazakhstan-sustainable-livestock-development-program-for-results_english.pdffile:///home/oai/share/2020-06-10_PAD3656_kazakhstan-sustainable-livestock-development-program-for-results_english.pdf#:~:text=Support%20development%20of%20an%20environmentally,RESULTS%20FRAMEWORK%20MATRIX.",file:///home/oai/share/2020-06-10_PAD3656_kazakhstan-sustainable-livestock-development-program-for-results_english.pdf;file:///home/oai/share/2020-06-10_PAD3656_kazakhstan-sustainable-livestock-development-program-for-results_english.pdf#:~:text=Support%20development%20of%20an%20environmentally,RESULTS%20FRAMEWORK%20MATRIX,FALSE,Results framework p.??,PDO indicators,,,,
P170365,World Bank,Kazakhstan,2020,PAD,outcome,Value of beef exports,Sustainable Economic Growth,Income per capita; market efficiency,Intended,cattle,"The results framework shows the value of beef exports increasing from US$90 million to US$300 million, reflecting improved competitiveness and export orientationfile:///home/oai/share/2020-06-10_PAD3656_kazakhstan-sustainable-livestock-development-program-for-results_english.pdf#:~:text=COUNTRY%3A%20Kazakhstan%20Sustainable%20Livestock%20Development,Program%20For%20Results.",file:///home/oai/share/2020-06-10_PAD3656_kazakhstan-sustainable-livestock-development-program-for-results_english.pdf#:~:text=COUNTRY%3A%20Kazakhstan%20Sustainable%20Livestock%20Development,Program%20For%20Results,FALSE,Results framework p.??,PDO indicators,,,,
P170365,World Bank,Kazakhstan,2020,PAD,outcome,Unified traceability system operational and cattle registered,Resilience;  Livestock Management & Technologies,Disease control,Intended,cattle,Intermediate results indicators require the unified traceability system to be operational and secure and that 95 % of cattle be registered in the unified systemfile:///home/oai/share/2020-06-10_PAD3656_kazakhstan-sustainable-livestock-development-program-for-results_english.pdf#:~:text=1%202%203%204%205.,file:///home/oai/share/2020-06-10_PAD3656_kazakhstan-sustainable-livestock-development-program-for-results_english.pdf#:~:text=1%202%203%204%205,FALSE,Results framework p.??,Intermediate indicators,,,,,
P170365,World Bank,Kazakhstan,2020,PAD,outcome,Improved veterinary services and trained veterinarians,Resilience,Disease control; knowledge increase,Intended,cattle,"Intermediate indicators show targets for small and medium farmers having access to improved veterinary services (75 %) and training 7,000 veterinarians in production diseases.",,FALSE,Results framework p.??,Intermediate indicators,,,,,
P170365,World Bank,Kazakhstan,2020,PAD,outcome,Farmers adopting improved technology and trained in good practices,Sustainable Economic Growth,Productivity; adoption,Intended,cattle,"Intermediate results indicators include training and certifying 100,000 farmers in good practices, with gender‑disaggregated adoption of improved technologies (35,000 farmers), and achieving a 20 % increase in live‑weight of cattle per hectare per year on participating farmsfile:///home/oai/share/2020-06-10_PAD3656_kazakhstan-sustainable-livestock-development-program-for-results_english.pdf#:~:text=Scale,00.",file:///home/oai/share/2020-06-10_PAD3656_kazakhstan-sustainable-livestock-development-program-for-results_english.pdf#:~:text=Scale,0,FALSE,Results framework p.??,Intermediate indicators,,,,
P170365,World Bank,Kazakhstan,2020,PAD,outcome,GHG emissions monitored and reduced and policies adopted,Environmental Sustainability,GHG reduction; policy change,Intended,cattle,"Indicators require that GHG emissions from livestock supply chains are monitored, reported and verified; net GHG emissions decrease to 34.4 million tCO2e/year; the NDC includes a roadmap with targets for the cattle sector; and policy commitments and instruments for controlling GHG emissions are adoptedfile:///home/oai/share/2020-06-10_PAD3656_kazakhstan-sustainable-livestock-development-program-for-results_english.pdf#:~:text=Implement%20Green%20Growth%20Policies%20for,Yes%20Yes%20Yes%20Yes%20Yes.",file:///home/oai/share/2020-06-10_PAD3656_kazakhstan-sustainable-livestock-development-program-for-results_english.pdf#:~:text=Implement%20Green%20Growth%20Policies%20for,Yes%20Yes%20Yes%20Yes%20Yes,FALSE,Results framework p.??,Intermediate indicators,,,,
P154784,World Bank,Kenya,2017,PAD,objective,Increase agricultural productivity and build resilience to climate change in smallholder and pastoral communities,,,,multiple,"The project development objective is “to increase agricultural productivity and build resilience to climate change risks in the targeted smallholder farming and pastoral communities in Kenya, and in the event of an Eligible Crisis or Emergency, to provide immediate and effective response”file:///home/oai/share/2017-01-13_PAD1988_kenya-climate-smart-agriculture-project_english.pdf#:~:text=The%20proposed%20project%20development%20objective,i%29%20its.",file:///home/oai/share/2017-01-13_PAD1988_kenya-climate-smart-agriculture-project_english.pdf#:~:text=The%20proposed%20project%20development%20objective,i%29%20its,FALSE,PDO section p.6,PDO,,,,
P154784,World Bank,Kenya,2017,PAD,intervention,Strengthen institutional capacity and service delivery at county and ward levels,Advisory and Extension; Behavior Communication Change & Social Programs; Policy & Regulatory,,,unspecified,"Subcomponent 1.1 will strengthen capacity at county, ward and community levels to plan, implement and monitor microprojects, support CSA planning and prioritization, contract advisory service providers and facilitate community institutionsfile:///home/oai/share/2017-01-13_PAD1988_kenya-climate-smart-agriculture-project_english.pdf#:~:text=This%20subcomponent%20will%20build%20institutional,iv%29%20facilitating%20community%20institutions.",file:///home/oai/share/2017-01-13_PAD1988_kenya-climate-smart-agriculture-project_english.pdf#:~:text=This%20subcomponent%20will%20build%20institutional,iv%29%20facilitating%20community%20institutions,FALSE,Component 1 p.??,Institutional capacity,,,,
P154784,World Bank,Kenya,2017,PAD,intervention,Community microprojects for agro‑pastoral systems,Crop Management & Technology; Livestock Management & Technologies; Markets & Finance; Rural/Public Infrastructure,,,dairy; multiple,"Subcomponent 1.2 finances CSA investments through community microprojects that improve water and soil management, promote livelihood and crop diversification—including drought‑tolerant crops, stall‑fed intensive dairy production and agro‑forestry—and improve small‑scale irrigation schemes. Grants require contributions from beneficiaries and county governmentsfile:///home/oai/share/2017-01-13_PAD1988_kenya-climate-smart-agriculture-project_english.pdf#:~:text=This%20subcomponent%20will%20finance%20CSA,cost%20of%20the%20proposed%20investments.",file:///home/oai/share/2017-01-13_PAD1988_kenya-climate-smart-agriculture-project_english.pdf#:~:text=This%20subcomponent%20will%20finance%20CSA,cost%20of%20the%20proposed%20investments,FALSE,Component 1 p.??,Agro‑pastoral microprojects,,,,
P154784,World Bank,Kenya,2017,PAD,intervention,Pastoral production systems – livestock productivity and market access,Livestock Management & Technologies; Public Health; Rural/Public Infrastructure; Food Processing & Storage; Markets & Finance,,,cattle; small ruminants,"Subcomponent 1.3 supports pastoral production systems by increasing livestock productivity, animal health, herd management and off‑take rates; promoting integrated soil fertility and sustainable land management; improving market access via livestock corridors, watering points, quarantines and animal markets; and developing value‑addition infrastructure such as abattoirsfile:///home/oai/share/2017-01-13_PAD1988_kenya-climate-smart-agriculture-project_english.pdf#:~:text=This%20subcomponent%20will%20support%20operationalization,livestock%20integration%20%28for.",file:///home/oai/share/2017-01-13_PAD1988_kenya-climate-smart-agriculture-project_english.pdf#:~:text=This%20subcomponent%20will%20support%20operationalization,livestock%20integration%20%28for,FALSE,Component 1 p.??,Pastoral systems,,,,
P154784,World Bank,Kenya,2017,PAD,intervention,"Climate‑smart research and innovation for crops, livestock and aquaculture",Crop Management & Technology; Livestock Management & Technologies; Aquaculture Management & Technologies; Advisory and Extension,,,multiple,"Subcomponent 2.1 will develop, validate and disseminate context‑specific climate‑smart technologies and innovations for crops, livestock and aquaculture through demand‑driven adaptive research, on‑farm trials and training of county staff and private service providersfile:///home/oai/share/2017-01-13_PAD1988_kenya-climate-smart-agriculture-project_english.pdf#:~:text=29,TIMPS%20based%20on%20gaps%20identified.",file:///home/oai/share/2017-01-13_PAD1988_kenya-climate-smart-agriculture-project_english.pdf#:~:text=29,TIMPS%20based%20on%20gaps%20identified,FALSE,Component 2 p.??,Research and innovations,,,,
P154784,World Bank,Kenya,2017,PAD,intervention,"Strengthen seed, breed and fingerling systems and regulatory framework",Crop Management & Technology; Livestock Management & Technologies; Aquaculture Management & Technologies; Markets & Finance; Policy & Regulatory,,,multiple,"Subcomponent 2.2 finances crop, livestock and aquaculture breeding programs; strengthens seed, breed and fingerling production systems; promotes private sector and community involvement in commercial seed, breed and fingerling distribution; and develops legal and regulatory frameworks to support these systemsfile:///home/oai/share/2017-01-13_PAD1988_kenya-climate-smart-agriculture-project_english.pdf#:~:text=This%20subcomponent%20will%20finance%20crop%2C,develop%20and%20strengthen%20commercially%20driven.",file:///home/oai/share/2017-01-13_PAD1988_kenya-climate-smart-agriculture-project_english.pdf#:~:text=This%20subcomponent%20will%20finance%20crop%2C,develop%20and%20strengthen%20commercially%20driven,FALSE,Component 2 p.??,Seed systems,,,,
P154784,World Bank,Kenya,2017,PAD,intervention,Technical and institutional capacity building for research and seed systems,Advisory and Extension; Food Processing & Storage,,,multiple,"Subcomponent 2.3 strengthens the technical and institutional capacity of the national agricultural research system by funding PhD and MSc training, short‑term training and staff retooling, hiring interns, developing CSA curricula and refurbishing facilities and equipment in research institutes and pastoral training centersfile:///home/oai/share/2017-01-13_PAD1988_kenya-climate-smart-agriculture-project_english.pdf#:~:text=This%20subcomponent%20will%20strengthen%20the,the%20GRIFTU%20Pastoral%20Training%20Institute.",file:///home/oai/share/2017-01-13_PAD1988_kenya-climate-smart-agriculture-project_english.pdf#:~:text=This%20subcomponent%20will%20strengthen%20the,the%20GRIFTU%20Pastoral%20Training%20Institute,FALSE,Component 2 p.??,Capacity building,,,,
P154784,World Bank,Kenya,2017,PAD,intervention,"Agro‑weather forecasting, climate and market information systems",Advisory and Extension; Technology; Behavior Communication Change & Social Programs,,,unspecified,"Component 3 finances investments to enhance agro‑meteorological forecasting and monitoring (mapping existing stations, establishing county agro‑meteorological centers, installing new stations and developing early warning systems) and to develop integrated weather and market information systems using big data analytics, ICT and extension networks. It also builds institutional and technical capacity for agro‑meteorological observation and market advisory servicesfile:///home/oai/share/2017-01-13_PAD1988_kenya-climate-smart-agriculture-project_english.pdf#:~:text=This%20component%20will%20finance%20the,in%20participating%20counties%20to%20improve.",file:///home/oai/share/2017-01-13_PAD1988_kenya-climate-smart-agriculture-project_english.pdf#:~:text=This%20component%20will%20finance%20the,in%20participating%20counties%20to%20improve,FALSE,Component 3 p.??,Agro‑weather services,,,,
P154784,World Bank,Kenya,2017,PAD,intervention,Capacity building for agro‑weather and market services,Advisory and Extension; Policy & Regulatory; Technology,,,unspecified,"Subcomponent 3.3 builds capacity of national and county government agencies (KMD, KALRO, ASU, AIU) through sensitization on CSA concepts, capacity needs assessments, short‑ and long‑term training, and provision of IT equipment and O&M budgets, including PhD and MSc training in climate science, disaster risk management and data systemsfile:///home/oai/share/2017-01-13_PAD1988_kenya-climate-smart-agriculture-project_english.pdf#:~:text=This%20subcomponent%20will%20build%20the,statistics%2C%20and%20business%20information%20systems.",file:///home/oai/share/2017-01-13_PAD1988_kenya-climate-smart-agriculture-project_english.pdf#:~:text=This%20subcomponent%20will%20build%20the,statistics%2C%20and%20business%20information%20systems,FALSE,Component 3 p.??,Capacity building,,,,
P154784,World Bank,Kenya,2017,PAD,outcome,Direct project beneficiaries and female share,Sustainable Economic Growth; Inclusivity & Women’s Empowerment,Employment; women’s empowerment,Intended,multiple,"The results framework reports cumulative target values for direct project beneficiaries reaching 521,500 by project end, with sub‑breakdowns by CIGs, VMGs, county investments and PPP investments, and a female share rising to 45 %file:///home/oai/share/2017-01-13_PAD1988_kenya-climate-smart-agriculture-project_english.pdf#:~:text=Project%20Development%20Objectives.",file:///home/oai/share/2017-01-13_PAD1988_kenya-climate-smart-agriculture-project_english.pdf#:~:text=Project%20Development%20Objectives,FALSE,Results framework p.??,PDO indicators,,,,,
P154784,World Bank,Kenya,2017,PAD,outcome,"Increase productivity of selected commodities (sorghum, millet, cassava, dairy, aquaculture)",Sustainable Economic Growth; Food Security & Nutrition,Productivity; yield,Intended,multiple; dairy; aquaculture,"PDO indicators include increases in productivity of selected agricultural commodities: sorghum yields rise from 1,000 kg/ha to 1,200 kg/ha, millet from 900 kg/ha to 1,080 kg/ha, cassava from 5,000 kg/ha to 6,000 kg/ha, dairy milk from 1,500 to 1,800 liters per female per lactation, and aquaculture from 1.2 t/ha to 1.44 t/hafile:///home/oai/share/2017-01-13_PAD1988_kenya-climate-smart-agriculture-project_english.pdf#:~:text=%28Percentage%29%200,00.",file:///home/oai/share/2017-01-13_PAD1988_kenya-climate-smart-agriculture-project_english.pdf#:~:text=%28Percentage%29%200,0,FALSE,Results framework p.??,PDO indicators,,,,
P154784,World Bank,Kenya,2017,PAD,outcome,Adoption of TIMPs by targeted beneficiaries,Resilience; Sustainable Economic Growth; Inclusivity & Women’s Empowerment,Adoption; women’s empowerment,Intended,multiple,"A PDO indicator counts targeted beneficiaries (in CIGs/VMGs) who have adopted at least one technology promoted by the project, reaching 108,900 beneficiaries with 45 % womenfile:///home/oai/share/2017-01-13_PAD1988_kenya-climate-smart-agriculture-project_english.pdf#:~:text=Targeted%20beneficiaries%20,00.",file:///home/oai/share/2017-01-13_PAD1988_kenya-climate-smart-agriculture-project_english.pdf#:~:text=Targeted%20beneficiaries%20,0,FALSE,Results framework p.??,PDO indicators,,,,
P154784,World Bank,Kenya,2017,PAD,outcome,Training on climate‑smart technologies,Inclusivity & Women’s Empowerment,Knowledge increase; women’s empowerment,Intended,multiple,"The results framework shows cumulative target values for client‑days of training on TIMPs increasing to 907,500, with a female share of 45 %file:///home/oai/share/2017-01-13_PAD1988_kenya-climate-smart-agriculture-project_english.pdf#:~:text=Client,00.",file:///home/oai/share/2017-01-13_PAD1988_kenya-climate-smart-agriculture-project_english.pdf#:~:text=Client,0,FALSE,Results framework p.??,Training,,,,
P158710,World Bank,Kosovo,2017,PID,objective,Improve productivity and market access in horticulture and livestock and strengthen institutional capacity,,,,dairy; multiple,"The document states that the development objective is “to improve productivity of and access to markets by project beneficiaries in the horticulture and livestock subsectors of Kosovo and strengthen institutional capacity of the Ministry of Agriculture, Forestry and Rural Development”file:///home/oai/share/2017-01-31_PIDISDSA20672_appraisal-project-information-document-integrated-safeguards-data-sheet-kosovo-agriculture-and-rural-development-project_english.pdf#:~:text=Original%20Project%20Development%20Objective%28s%29%20,Key%20Results.",file:///home/oai/share/2017-01-31_PIDISDSA20672_appraisal-project-information-document-integrated-safeguards-data-sheet-kosovo-agriculture-and-rural-development-project_english.pdf#:~:text=Original%20Project%20Development%20Objective%28s%29%20,Key%20Results,FALSE,PDO section p.??,PDO,,,,
P158710,World Bank,Kosovo,2017,PID,intervention,Rural Advisory Service contracts and training,Advisory and Extension; Behavior Communication Change & Social Programs,,,unspecified,"The Additional Financing will continue Rural Advisory Service contracts to provide training to potential RDGP applicants, municipal advisors and national extension staff on technical topicsfile:///home/oai/share/2017-01-31_PIDISDSA20672_appraisal-project-information-document-integrated-safeguards-data-sheet-kosovo-agriculture-and-rural-development-project_english.pdf#:~:text=Component%201%3A%20Transferring%20Knowledge%20to,will%20continue%20support%20for%20the.",file:///home/oai/share/2017-01-31_PIDISDSA20672_appraisal-project-information-document-integrated-safeguards-data-sheet-kosovo-agriculture-and-rural-development-project_english.pdf#:~:text=Component%201%3A%20Transferring%20Knowledge%20to,will%20continue%20support%20for%20the,FALSE,Component 1 p.??,RAS contracts,,,,
P158710,World Bank,Kosovo,2017,PID,intervention,Regional knowledge exchange for farmers and processors,Advisory and Extension; Behavior Communication Change & Social Programs,,,unspecified,"The project supports regional knowledge exchange through study tours and visits to other countries, enabling farmers and processors in the horticulture and livestock subsectors to learn from the experiences of other agri‑food producers and processorsfile:///home/oai/share/2017-01-31_PIDISDSA20672_appraisal-project-information-document-integrated-safeguards-data-sheet-kosovo-agriculture-and-rural-development-project_english.pdf#:~:text=Component%201%3A%20Transferring%20Knowledge%20to,will%20continue%20support%20for%20the.",file:///home/oai/share/2017-01-31_PIDISDSA20672_appraisal-project-information-document-integrated-safeguards-data-sheet-kosovo-agriculture-and-rural-development-project_english.pdf#:~:text=Component%201%3A%20Transferring%20Knowledge%20to,will%20continue%20support%20for%20the,FALSE,Component 1 p.??,Knowledge exchange,,,,
P158710,World Bank,Kosovo,2017,PID,intervention,Institutional strengthening of rural advisory services,Advisory and Extension; Policy & Regulatory,,,unspecified,"The Additional Financing continues to support municipal advisory service centers by providing training, equipment and select operating costs to deliver effective services to the rural communityfile:///home/oai/share/2017-01-31_PIDISDSA20672_appraisal-project-information-document-integrated-safeguards-data-sheet-kosovo-agriculture-and-rural-development-project_english.pdf#:~:text=Component%201%3A%20Transferring%20Knowledge%20to,will%20continue%20support%20for%20the.",file:///home/oai/share/2017-01-31_PIDISDSA20672_appraisal-project-information-document-integrated-safeguards-data-sheet-kosovo-agriculture-and-rural-development-project_english.pdf#:~:text=Component%201%3A%20Transferring%20Knowledge%20to,will%20continue%20support%20for%20the,FALSE,Component 1 p.??,Institutional strengthening,,,,
P158710,World Bank,Kosovo,2017,PID,intervention,Rural Development Grant Program for livestock and processors,Markets & Finance; Livestock Management & Technologies; Policy & Regulatory,,,dairy; livestock,"The RDGP will provide matching grants to farmers and processors in the livestock subsector, following national processes and including extra points for women applicants and additional co‑financing for younger beneficiaries and climate‑friendly practicesfile:///home/oai/share/2017-01-31_PIDISDSA20672_appraisal-project-information-document-integrated-safeguards-data-sheet-kosovo-agriculture-and-rural-development-project_english.pdf#:~:text=,for%20climate%20friendly%20agricultural%20practices.",file:///home/oai/share/2017-01-31_PIDISDSA20672_appraisal-project-information-document-integrated-safeguards-data-sheet-kosovo-agriculture-and-rural-development-project_english.pdf#:~:text=,for%20climate%20friendly%20agricultural%20practices,FALSE,Component 2 p.??,RDGP,,,,
P158710,World Bank,Kosovo,2017,PID,intervention,Develop horticulture subsector through grants to aggregators,Food Processing & Storage; Markets & Finance; Advisory and Extension; Behavior Communication Change & Social Programs,,,unspecified,"Component 2 promotes development of the horticulture subsector by providing matching grants to private aggregators (collection centers and agro‑processors) to strengthen backward integration with farmers (contracts and extension services), improve postharvest management through quality checks, packaging and labeling and enhance value addition and market accessfile:///home/oai/share/2017-01-31_PIDISDSA20672_appraisal-project-information-document-integrated-safeguards-data-sheet-kosovo-agriculture-and-rural-development-project_english.pdf#:~:text=,create%20jobs%20and%20improve%20incomes.",file:///home/oai/share/2017-01-31_PIDISDSA20672_appraisal-project-information-document-integrated-safeguards-data-sheet-kosovo-agriculture-and-rural-development-project_english.pdf#:~:text=,create%20jobs%20and%20improve%20incomes,FALSE,Component 2 p.??,Horticulture development,,,,
P158710,World Bank,Kosovo,2017,PID,intervention,Strengthen institutional capacity and food safety laboratory,Public Health; Advisory and Extension; Policy & Regulatory,,,dairy; livestock,"The project continues capacity building of the Managing Authority and Paying Agency through training, personnel and equipment and supports the Kosovo Institute of Agriculture to enhance food safety and quality standards in the livestock and horticulture subsectors via equipment for the food testing laboratoryfile:///home/oai/share/2017-01-31_PIDISDSA20672_appraisal-project-information-document-integrated-safeguards-data-sheet-kosovo-agriculture-and-rural-development-project_english.pdf#:~:text=%28s%29%20Institutional%20Capacity%20Building,capacity%20of%20the%20food%20testing.",file:///home/oai/share/2017-01-31_PIDISDSA20672_appraisal-project-information-document-integrated-safeguards-data-sheet-kosovo-agriculture-and-rural-development-project_english.pdf#:~:text=%28s%29%20Institutional%20Capacity%20Building,capacity%20of%20the%20food%20testing,FALSE,Component 2 p.??,Institutional capacity,,,,
P158710,World Bank,Kosovo,2017,PID,intervention,Rehabilitation of Radoniqi-Dukagjini irrigation scheme,Rural/Public Infrastructure; Ecosystem Services,,,unspecified,"Component 3 supports rehabilitation of the Radoniqi‑Dukagjini irrigation scheme by lining and repairing main canal sections, replacing moving parts, repairing an aqueduct crossing and restoring irrigation delivery in specific blocks to improve productivity of high‑value cropsfile:///home/oai/share/2017-01-31_PIDISDSA20672_appraisal-project-information-document-integrated-safeguards-data-sheet-kosovo-agriculture-and-rural-development-project_english.pdf#:~:text=Component%203%3A%20Support%20for%20Irrigation,scheme%20in%20the%20upstream%20part.",file:///home/oai/share/2017-01-31_PIDISDSA20672_appraisal-project-information-document-integrated-safeguards-data-sheet-kosovo-agriculture-and-rural-development-project_english.pdf#:~:text=Component%203%3A%20Support%20for%20Irrigation,scheme%20in%20the%20upstream%20part,FALSE,Component 3 p.??,Irrigation,,,,
P158710,World Bank,Kosovo,2017,PID,outcome,Increased yields of key crops and milk,Sustainable Economic Growth,Productivity; income per capita,Intended,dairy; unspecified,"PDO‑level results indicators include “increased yields of key crops supported by the project,” “increased yields of milk production per animal on livestock farms supported by the project” and “increased sales of horticultural products from farmers supported by aggregators”file:///home/oai/share/2017-01-31_PIDISDSA20672_appraisal-project-information-document-integrated-safeguards-data-sheet-kosovo-agriculture-and-rural-development-project_english.pdf#:~:text=Key%20Results%20The%20PDO,from%20farmers%20supported%20by%20aggregators.",file:///home/oai/share/2017-01-31_PIDISDSA20672_appraisal-project-information-document-integrated-safeguards-data-sheet-kosovo-agriculture-and-rural-development-project_english.pdf#:~:text=Key%20Results%20The%20PDO,from%20farmers%20supported%20by%20aggregators,FALSE,Results section p.??,Key results,,,,
P158710,World Bank,Kosovo,2017,PID,outcome,Farmers adopting improved technologies,Sustainable Economic Growth,Adoption; productivity,Intended,dairy; unspecified,"A PDO indicator tracks the “increased number of farmers adopting improved agricultural technologies,” reflecting expected technology adoption through grants and trainingfile:///home/oai/share/2017-01-31_PIDISDSA20672_appraisal-project-information-document-integrated-safeguards-data-sheet-kosovo-agriculture-and-rural-development-project_english.pdf#:~:text=Key%20Results%20The%20PDO,measures%20for%20investment%20support.",file:///home/oai/share/2017-01-31_PIDISDSA20672_appraisal-project-information-document-integrated-safeguards-data-sheet-kosovo-agriculture-and-rural-development-project_english.pdf#:~:text=Key%20Results%20The%20PDO,measures%20for%20investment%20support,FALSE,Results section p.??,Key results,,,,
P158710,World Bank,Kosovo,2017,PID,outcome,Preparation of RDGP sub‑measures aligned with EU IPARD guidelines,Inducing Policy Change,Policy change,Intended,unspecified,Key results include the “preparation of Rural Development Grant Program (RDGP) sub‑measures for investment support in line with EU‑IPARD Guidelines”file:///home/oai/share/2017-01-31_PIDISDSA20672_appraisal-project-information-document-integrated-safeguards-data-sheet-kosovo-agriculture-and-rural-development-project_english.pdf#:~:text=Key%20Results%20The%20PDO,IPARD%20Guidelines.,file:///home/oai/share/2017-01-31_PIDISDSA20672_appraisal-project-information-document-integrated-safeguards-data-sheet-kosovo-agriculture-and-rural-development-project_english.pdf#:~:text=Key%20Results%20The%20PDO,IPARD%20Guidelines,FALSE,Results section p.??,Key results,,,
P174903,World Bank,Madagascar,2022,PAD,objective,Strengthen pandemic preparedness and response and improve basic health services,,,,,The Project Development Objective is to strengthen cross‑sectoral capacity for pandemic preparedness and response and improve basic health services and quality of care.,file:///home/oai/share/2022-03-07_PAD4430_madagascar-pandemic-preparedness-and-basic-health-services-delivery-project_english.pdf#:~:text=Proposed%20Development%20Objective,FALSE,p. 1,Datasheet,,,,,
P174903,World Bank,Madagascar,2022,PAD,intervention,Conduct One Health capacity assessments and develop emergency procedures,Public Health,,,unspecified,"The project will conduct assessments to implement a One Health approach, including analyzing the organization of ministries responsible for One Health, evaluating existing information systems and their interoperability, developing procedural manuals for emergency resource distribution, and health risk communication strategies.",file:///home/oai/share/2022-03-07_PAD4430_madagascar-pandemic-preparedness-and-basic-health-services-delivery-project_english.pdf#:~:text=Subcomponent%201,will%20thus%20be%20provided%20to,FALSE,Annex 1,Component 1.1,,,,
P174903,World Bank,Madagascar,2022,PAD,intervention,Establish cross‑sectoral coordination platform and rapid response centers,Public Health,,,unspecified,"Subcomponent 1.2 aims to improve cross‑sectoral coordination and collaboration by setting up an operational coordination platform for One Health, delivering joint training in the International Health Regulations for human, animal and environmental health staff, establishing regional and district rapid response centres and strengthening logistical capacity for emergency response (stockpiles and treatment centres).",file:///home/oai/share/2022-03-07_PAD4430_madagascar-pandemic-preparedness-and-basic-health-services-delivery-project_english.pdf#:~:text=37,organizations%20such%20as%20Africa%20CDC,FALSE,Annex 1,Component 1.2,,,,
P174903,World Bank,Madagascar,2022,PAD,intervention,Strengthen disease surveillance and reporting systems,Public Health,,,unspecified,"The project will strengthen human and animal disease surveillance systems by developing harmonized surveillance and reporting procedures, harmonizing electronic surveillance systems to ensure interoperability, expanding surveillance of antimicrobial resistance, increasing sentinel sites, piloting digital surveillance technologies and improving community‑level surveillance for both human and animal health.",file:///home/oai/share/2022-03-07_PAD4430_madagascar-pandemic-preparedness-and-basic-health-services-delivery-project_english.pdf#:~:text=39,subcomponent%2C%20the%20project%20will%20support,FALSE,Annex 1,Component 1.3,,,,
P174903,World Bank,Madagascar,2022,PAD,intervention,Improve quality and capacity of human and animal health laboratories,Public Health,,,unspecified,"Subcomponent 1.4 will strengthen laboratory quality through mapping and strengthening human and animal health laboratories, establishing laboratory quality standards, purchasing specialized equipment, creating a Laboratory Information Management System linking human, animal and environmental health laboratories, and improving data management and biosafety.",file:///home/oai/share/2022-03-07_PAD4430_madagascar-pandemic-preparedness-and-basic-health-services-delivery-project_english.pdf#:~:text=Subcomponent%201,US%2419%20million%20equivalent%20IDA,FALSE,Annex 1,Component 1.4,,,,
P174903,World Bank,Madagascar,2022,PAD,outcome,One Health platform established and functional,Resilience,Resilience,Intended,unspecified,The results framework includes an indicator on establishing a functional One Health platform for cross‑sectoral coordination and pandemic preparedness.,file:///home/oai/share/2022-03-07_PAD4430_madagascar-pandemic-preparedness-and-basic-health-services-delivery-project_english.pdf#:~:text=Monitoring%20%26%20Evaluation%20Plan%3A%20PDO,Established%20and%20approved%20Annual,FALSE,Results Framework,PDO Indicators,,,,
P174903,World Bank,Madagascar,2022,PAD,outcome,Interoperable electronic notification system operational,Resilience,Resilience,Intended,unspecified,"The results framework specifies establishment of an interoperable electronic notification system across human, animal and environmental health sectors for disease surveillance and reporting.",file:///home/oai/share/2022-03-07_PAD4430_madagascar-pandemic-preparedness-and-basic-health-services-delivery-project_english.pdf#:~:text=Monitoring%20%26%20Evaluation%20Plan%3A%20PDO,Established%20and%20approved%20Annual,FALSE,Results Framework,PDO Indicators,,,,
P174903,World Bank,Madagascar,2022,PAD,outcome,Improved laboratory quality for human and animal health,Resilience,Resilience,Intended,unspecified,PDO‑level indicators track progress in improving laboratory quality through capacity levels ranging from “No capacity” to “Sustainable” for human and animal health laboratories.,file:///home/oai/share/2022-03-07_PAD4430_madagascar-pandemic-preparedness-and-basic-health-services-delivery-project_english.pdf#:~:text=Monitoring%20%26%20Evaluation%20Plan%3A%20PDO,Established%20and%20approved%20Annual,FALSE,Results Framework,PDO Indicators,,,,
P173061,World Bank,Malawi,2021,PID,objective,Improve productivity and market access of smallholder farmers,,,,,The project aims to improve the productivity of smallholder farmers and market access of selected commodities in selected districts.,file:///home/oai/share/2021-11-23_PIDISDSA28697_project-information-document-integrated-safeguards-data-sheet-agriculture-sector-wide-approach-support-project-ii-additi_english.pdf#:~:text=Proposed%20Development%20Objective,FALSE,p. 1,Datasheet,,,,,
P173061,World Bank,Malawi,2021,PID,intervention,Pilot livestock pass‑on program for smallholders,Livestock Management & Technologies,,,unspecified,"A new subcomponent introduces livestock production and productivity by promoting a market‑oriented pilot pass‑on program in which farmers receive livestock and pass offspring to other households, with strategic planning led by the Department of Animal Health and Livestock Development.",file:///home/oai/share/2021-11-23_PIDISDSA28697_project-information-document-integrated-safeguards-data-sheet-agriculture-sector-wide-approach-support-project-ii-additi_english.pdf#:~:text=D,intervention%2C%20will%20lead%20the%20implementation,FALSE,Annex 1,Subcomponent 1.3,,,,
P173061,World Bank,Malawi,2021,PID,outcome,Increased productivity of targeted smallholder farmers,Sustainable Economic Growth,Productivity,Intended,unspecified,"Key results include increased yield of maize, rice and groundnuts, the number of marketing centres connected by upgraded roads, and adoption of improved agricultural technology among smallholder farmers.",file:///home/oai/share/2021-11-23_PIDISDSA28697_project-information-document-integrated-safeguards-data-sheet-agriculture-sector-wide-approach-support-project-ii-additi_english.pdf#:~:text=Key%20Results,TRUE,Results Framework,PDO Indicators,,,,,
P160641,World Bank,Mali,2018,PAD,objective,Enhance productivity and commercialization of non‑pastoral animal production and strengthen crisis response,,,,,The project aims to enhance productivity and commercialization of non‑pastoral animal production in selected value chains and strengthen Mali’s capacity to respond to crises or emergencies.,file:///home/oai/share/2018-02-06_PAD2472_mali-livestock-sector-development-support-project_english.pdf#:~:text=II,FALSE,p. 2,Datasheet,,,,,
P160641,World Bank,Mali,2018,PAD,intervention,Develop disease prevention and control strategies for major livestock diseases,Public Health,,,cattle; poultry; small ruminants,"Subcomponent 1.1 will support disease prevention and control strategies for FMD, Newcastle disease and small ruminant plague, including strengthening surveillance systems and field epidemiology training, vaccination programs, diagnostic laboratory capacity, and strategies for zoonoses and antimicrobial resistance.",file:///home/oai/share/2018-02-06_PAD2472_mali-livestock-sector-development-support-project_english.pdf#:~:text=Subcomponent%201,ii%29%20strengthen,FALSE,Annex 2,Component 1.1,,,,
P160641,World Bank,Mali,2018,PAD,intervention,"Improve genetics, feed and husbandry practices",Livestock Management & Technologies,,,cattle; dairy; small ruminants; aquaculture,"Subcomponent 1.2 focuses on productivity enhancement, including genetic improvement via decentralized artificial insemination and liquid nitrogen production, training inseminators, feed improvement through forage seed and silage production and feed quality control, dissemination of husbandry guidelines and farmer field schools, and improved fish processing infrastructure with cold chain and packaging.",file:///home/oai/share/2018-02-06_PAD2472_mali-livestock-sector-development-support-project_english.pdf,FALSE,Annex 2,Component 1.2,,,,,
P160641,World Bank,Mali,2018,PAD,intervention,Develop sector policies and regulatory frameworks,Policy & Regulatory,,,unspecified,"Subcomponent 1.3 will assist in formulating sector policies, breeding policies and regulatory frameworks to reduce pollution and guide development of the livestock sector.",file:///home/oai/share/2018-02-06_PAD2472_mali-livestock-sector-development-support-project_english.pdf,FALSE,Annex 2,Component 1.3,,,,,
P160641,World Bank,Mali,2018,PAD,intervention,Strengthen livestock value chains and market infrastructure,Markets & Finance,,,cattle; poultry; aquaculture,"Component 2 will strengthen competitiveness by organizing markets and incentive frameworks, building capacity of producer associations, and constructing or rehabilitating infrastructure such as livestock markets, culling platforms and milk collection centres.",file:///home/oai/share/2018-02-06_PAD2472_mali-livestock-sector-development-support-project_english.pdf,FALSE,Annex 2,Component 2.2,,,,,
P160641,World Bank,Mali,2018,PAD,intervention,Provide matching grants and finance for productive partnerships and microprojects,Markets & Finance,,,unspecified,"Subcomponent 2.3 will provide matching grants and credit for about 160 Productive Partnerships and 600 microprojects to finance investments in livestock value chains, including support to business plan preparation and coordination with financial institutions.",file:///home/oai/share/2018-02-06_PAD2472_mali-livestock-sector-development-support-project_english.pdf#:~:text=a%29%20Productive%20Partnership%20%28PP%29%20window,percent%20of%20eligible%20investment%20expenditures,FALSE,Annex 2,Component 2.3,,,,
P160641,World Bank,Mali,2018,PAD,intervention,Establish crisis prevention and management mechanisms,Markets & Finance,,,unspecified,"Component 3 includes establishing a Crisis Prevention and Management Unit, developing crisis response tools and early warning systems, supporting a contingent emergency response component and providing institutional support and data for the livestock sector.",file:///home/oai/share/2018-02-06_PAD2472_mali-livestock-sector-development-support-project_english.pdffile:///home/oai/share/2018-02-06_PAD2472_mali-livestock-sector-development-support-project_english.pdf#:~:text=Subcomponent%203,and%20coordination%E2%80%94essentially%20the%20operations%20of,FALSE,Annex 2,Component 3,,,,
P160641,World Bank,Mali,2018,PAD,outcome,Increase in yields and productivity of targeted animal value chains,Sustainable Economic Growth,Productivity,Intended,cattle; dairy; poultry; small ruminants; aquaculture,PDO‑level indicators include percentage increase in yields of targeted animal value chains and incremental sales of products.,file:///home/oai/share/2018-02-06_PAD2472_mali-livestock-sector-development-support-project_english.pdf#:~:text=Project%20Development%20Objectives,FALSE,Results Framework,PDO Indicators,,,,,
P160641,World Bank,Mali,2018,PAD,outcome,Incremental sales of livestock products for beneficiaries,Sustainable Economic Growth,Income per capita,Intended,cattle; dairy; poultry; small ruminants; aquaculture,"PDO‑level results include incremental sales of produce from targeted value chains, indicating improved commercialization.",file:///home/oai/share/2018-02-06_PAD2472_mali-livestock-sector-development-support-project_english.pdf#:~:text=Project%20Development%20Objectives,FALSE,Results Framework,PDO Indicators,,,,,
P160641,World Bank,Mali,2018,PAD,outcome,Reduced time to reach beneficiaries during a crisis,Resilience,Resilience,Intended,unspecified,"PDO‑level indicators measure the time required to reach 50 percent of targeted beneficiaries during a crisis, reflecting improved emergency response capacity.",file:///home/oai/share/2018-02-06_PAD2472_mali-livestock-sector-development-support-project_english.pdf#:~:text=Project%20Development%20Objectives,FALSE,Results Framework,PDO Indicators,,,,,
P160641,World Bank,Mali,2018,PAD,outcome,Farmers reached with agricultural assets or services (female/youth),Sustainable Economic Growth,Income per capita,Measured,unspecified,PDO‑level results track the number of farmers reached with agricultural assets or services and disaggregate beneficiaries by gender and youth.,file:///home/oai/share/2018-02-06_PAD2472_mali-livestock-sector-development-support-project_english.pdf#:~:text=Project%20Development%20Objectives,FALSE,Results Framework,PDO Indicators,,,,,
P160641,World Bank,Mali,2018,PAD,outcome,Reduced prevalence of priority livestock diseases and increased vaccination,Resilience,Resilience,Intended,cattle; poultry; small ruminants,Intermediate results indicators include reduction in prevalence of CBPP and PPR and the number of poultry vaccinated against Newcastle disease.,file:///home/oai/share/2018-02-06_PAD2472_mali-livestock-sector-development-support-project_english.pdf#:~:text=Intermediate%20Results%20Indicators,FALSE,Results Framework,Intermediate Indicators,,,,,
P160641,World Bank,Mali,2018,PAD,outcome,Adoption of improved technologies by farmers,Sustainable Economic Growth,Adoption,Intended,unspecified,"Intermediate results indicators measure the number of farmers adopting improved technologies, with gender and youth disaggregation.",file:///home/oai/share/2018-02-06_PAD2472_mali-livestock-sector-development-support-project_english.pdf#:~:text=Intermediate%20Results%20Indicators,FALSE,Results Framework,Intermediate Indicators,,,,,
P160641,World Bank,Mali,2018,PAD,outcome,Development of livestock sector policies and strategies,Inducing Policy Change,New policies passed,Intended,unspecified,Intermediate indicators track the number of sectoral policies and strategies developed and adopted as a result of the project.,file:///home/oai/share/2018-02-06_PAD2472_mali-livestock-sector-development-support-project_english.pdf#:~:text=Intermediate%20Results%20Indicators,FALSE,Results Framework,Intermediate Indicators,,,,,
P160641,World Bank,Mali,2018,PAD,outcome,Funding of microprojects and productive partnerships,Resilience,Income per capita,Intended,unspecified,Intermediate indicators count the number of microprojects and productive partnerships financed under the project.,file:///home/oai/share/2018-02-06_PAD2472_mali-livestock-sector-development-support-project_english.pdf#:~:text=Intermediate%20Results%20Indicators,FALSE,Results Framework,Intermediate Indicators,,,,,
P177041,World Bank,Mali,2023,PAD,objective,Increase adoption of climate‑smart landscape restoration practices and access to income‑earning opportunities,,,,,The project development objective is to increase adoption of climate‑smart landscape restoration practices and access to income‑earning opportunities.,file:///home/oai/share/2023-05-04_PAD4822_mali-landscape-restoration-project_english.pdf#:~:text=Proposed%20Development%20Objective,FALSE,p. 1,Datasheet,,,,,
P177041,World Bank,Mali,2023,PAD,intervention,"Restore degraded forests, pastures and waterways",Ecosystem Services,,,multiple,"Component 2 aims to restore landscapes and ecosystem services by rehabilitating riverbanks and canals, dredging sandbanks, reforesting community forests, developing bourgou culture for animal feed, creating pastoral and fodder perimeters and rehabilitating transhumance tracks.",file:///home/oai/share/2023-05-04_PAD4822_mali-landscape-restoration-project_english.pdf#:~:text=Component%202%3A%20Investments%20in%20Landscape,and%20the%20goods%20and%20services,FALSE,Annex 1,Component 2.1,,,,
P177041,World Bank,Mali,2023,PAD,intervention,Provide matching grants and productive alliances for agro‑sylvo‑pastoral and fisheries sectors,Markets & Finance,,,multiple,"Subcomponent 2.2 provides matching grants and productive alliances to agro‑sylvo‑pastoral, non‑timber forest products and fisheries sectors, encouraging women’s engagement and diversification of income sources.",file:///home/oai/share/2023-05-04_PAD4822_mali-landscape-restoration-project_english.pdf,FALSE,Annex 1,Component 2.2,,,,,
P177041,World Bank,Mali,2023,PAD,outcome,Land area under sustainable landscape management,Environmental Sustainability,Land use change,Intended,multiple,PDO‑level indicators include land area brought under sustainable landscape management practices.,file:///home/oai/share/2023-05-04_PAD4822_mali-landscape-restoration-project_english.pdf#:~:text=Project%20Development%20Objective%20Indicators,FALSE,Results Framework,PDO Indicators,,,,,
P177041,World Bank,Mali,2023,PAD,outcome,Net greenhouse gas emissions reduced,Environmental Sustainability,Climate mitigation,Intended,multiple,PDO indicators track the net greenhouse gas emissions resulting from project interventions.,file:///home/oai/share/2023-05-04_PAD4822_mali-landscape-restoration-project_english.pdf#:~:text=Project%20Development%20Objective%20Indicators,FALSE,Results Framework,PDO Indicators,,,,,
P177041,World Bank,Mali,2023,PAD,outcome,People with increased access to income‑earning opportunities,Sustainable Economic Growth,Income per capita,Intended,multiple,"Results framework indicators include the number of people, disaggregated by gender, with increased access to income‑earning opportunities.",file:///home/oai/share/2023-05-04_PAD4822_mali-landscape-restoration-project_english.pdf#:~:text=Project%20Development%20Objective%20Indicators,FALSE,Results Framework,PDO Indicators,,,,,
P177041,World Bank,Mali,2023,PAD,outcome,Certificates or diplomas awarded through capacity trainings,Sustainable Economic Growth,Knowledge increase,Intended,unspecified,"Intermediate results indicators track the number of certificates or diplomas delivered to participants who complete training programs, with gender disaggregation.",file:///home/oai/share/2023-05-04_PAD4822_mali-landscape-restoration-project_english.pdf#:~:text=Project%20Development%20Objective%20Indicators,FALSE,Results Framework,Intermediate Indicators,,,,,
P177041,World Bank,Mali,2023,PAD,outcome,Forest and pastoral areas under management plans,Environmental Sustainability,Land use change,Intended,multiple,Indicators include the forest area and pastoral zones brought under restoration or management plans.,file:///home/oai/share/2023-05-04_PAD4822_mali-landscape-restoration-project_english.pdf#:~:text=Project%20Development%20Objective%20Indicators,FALSE,Results Framework,Intermediate Indicators,,,,,
P170035,World Bank,Moldova,2023,PAD,objective,"Improve delivery of agricultural services, foster market‑oriented growth and increase resilience",,,,,"The project development objective is to improve delivery of public agricultural services, foster market‑oriented growth and increase resilience of targeted beneficiaries, and respond promptly and effectively to crises.",file:///home/oai/share/2023-05-08_PAD5158_moldova-agriculture-governance-growth-and-resilience-investment-project_english.pdf#:~:text=Improve%20delivery%20of%20public%20agricultural,promptly%20and%20effectively%20to%20it,FALSE,p. 1,Datasheet,,,,
P170035,World Bank,Moldova,2023,PAD,intervention,Establish centres of excellence for veterinary services,Public Health,,,unspecified,"Activity 1.3.2 will establish three centres of veterinary excellence offering top‑tier veterinary education and training, providing portable equipment for animal health services, and including modules on climate vulnerabilities, GHG emission reduction and gender aspects.",file:///home/oai/share/2023-05-08_PAD5158_moldova-agriculture-governance-growth-and-resilience-investment-project_english.pdf#:~:text=41,means%20for%20each%20excellence%20center,FALSE,Annex 1,Component 1.3.2,,,,
P170035,World Bank,Moldova,2023,PAD,intervention,Provide matching grants for livestock productivity and low‑emission technologies,Livestock Management & Technologies,,,cattle; dairy,"Subcomponent 2.1 will provide matching grants for livestock farmers to modernize dairy and meat farms, pilot new commercial dairy farms, integrate farmers into processor‑driven value chains and adopt low‑emission technologies such as manure management, anaerobic digestion and improved breeds and feed.",file:///home/oai/share/2023-05-08_PAD5158_moldova-agriculture-governance-growth-and-resilience-investment-project_english.pdf#:~:text=Page%2019%20of%2075,FALSE,Annex 1,Subcomponent 2.1,,,,,
P170035,World Bank,Moldova,2023,PAD,intervention,Deliver business development and capacity building services,Advisory and Extension,,,unspecified,"Subcomponent 2.2 offers capacity building and business development support for farmers, including training on business planning, integration into value chains, climate adaptation and gender‑inclusive access to grants.",file:///home/oai/share/2023-05-08_PAD5158_moldova-agriculture-governance-growth-and-resilience-investment-project_english.pdf#:~:text=49.%20The%20sub,These%20initiatives%20include,FALSE,Annex 1,Subcomponent 2.2,,,,
P170035,World Bank,Moldova,2023,PAD,outcome,Improved access to public agricultural services,Sustainable Economic Growth,Income per capita,Intended,unspecified,"PDO‑level indicators measure improved access of farmers to public agricultural services, disaggregated by beneficiary type and gender.",file:///home/oai/share/2023-05-08_PAD5158_moldova-agriculture-governance-growth-and-resilience-investment-project_english.pdf#:~:text=drought,FALSE,Results Framework,PDO Indicators,,,,,
P170035,World Bank,Moldova,2023,PAD,outcome,Improved compliance with food safety requirements,Food Security & Nutrition,Food safety,Intended,cattle; dairy,"Results framework indicators include increased compliance of targeted beneficiaries with food safety requirements, disaggregated by type of enterprise and gender.",file:///home/oai/share/2023-05-08_PAD5158_moldova-agriculture-governance-growth-and-resilience-investment-project_english.pdf#:~:text=drought,FALSE,Results Framework,PDO Indicators,,,,,
P170035,World Bank,Moldova,2023,PAD,outcome,Increased sales by matching grant beneficiaries,Sustainable Economic Growth,Income per capita,Intended,cattle; dairy,PDO‑level indicators measure increased sales by matching grant beneficiaries (disaggregated by gender).,file:///home/oai/share/2023-05-08_PAD5158_moldova-agriculture-governance-growth-and-resilience-investment-project_english.pdf#:~:text=,ii%29%20gender,FALSE,Results Framework,PDO Indicators,,,,
P170035,World Bank,Moldova,2023,PAD,outcome,Increased productivity of farms accessing irrigation services,Sustainable Economic Growth,Productivity,Intended,unspecified,PDO‑level indicators track increases in average productivity of farms accessing irrigated services.,file:///home/oai/share/2023-05-08_PAD5158_moldova-agriculture-governance-growth-and-resilience-investment-project_english.pdf#:~:text=disaggregated%20by%20,ii%29%20gender%20Yearly,FALSE,Results Framework,PDO Indicators,,,,
P170035,World Bank,Moldova,2023,PAD,outcome,Producers benefiting from knowledge services and business development support,Sustainable Economic Growth,Knowledge increase,Measured,unspecified,"Intermediate results indicators count producers benefiting from knowledge services and business development support, including those accessing centres of veterinary excellence and those receiving business training, with gender disaggregation.",file:///home/oai/share/2023-05-08_PAD5158_moldova-agriculture-governance-growth-and-resilience-investment-project_english.pdf#:~:text=system%20management%2C%20budgeting%20and%20anti,state%20veterinary%20every%20two%20years,FALSE,Results Framework,Intermediate Indicators,,,,
P170035,World Bank,Moldova,2023,PAD,outcome,Production volume increase from investment grants,Sustainable Economic Growth,Productivity,Measured,cattle; dairy,Intermediate indicators measure the percentage increase in production volume of matching grant beneficiaries.,file:///home/oai/share/2023-05-08_PAD5158_moldova-agriculture-governance-growth-and-resilience-investment-project_english.pdf#:~:text=system%20management%2C%20budgeting%20and%20anti,state%20veterinary%20every%20two%20years,FALSE,Results Framework,Intermediate Indicators,,,,
P170035,World Bank,Moldova,2023,PAD,outcome,Women‑led businesses accessing matching grants,Inclusivity & Women’s Empowerment,Women’s empowerment,Measured,unspecified,Indicators track the number and share of women‑led businesses receiving matching grants.,file:///home/oai/share/2023-05-08_PAD5158_moldova-agriculture-governance-growth-and-resilience-investment-project_english.pdf#:~:text=system%20management%2C%20budgeting%20and%20anti,state%20veterinary%20every%20two%20years,FALSE,Results Framework,Intermediate Indicators,,,,
P171284,World Bank,Moldova,2020,PID,objective,Enhance competitiveness of the agro‑food sector and establish an animal by‑products management system,,,,,"The parent project’s objective is to enhance competitiveness of the agro‑food sector by modernizing food safety systems, facilitating market access and mainstreaming sustainable land management, while the additional financing focuses on establishing an animal by‑products management system.",file:///home/oai/share/2020-05-29_PIDISDSA28152_project-information-document-integrated-safeguards-data-sheet-moldova-agriculture-competitiveness-project-additional-fin_english.pdf#:~:text=8,and%20sustainable%20land%20management%20practicesfile:///home/oai/share/2020-05-29_PIDISDSA28152_project-information-document-integrated-safeguards-data-sheet-moldova-agriculture-competitiveness-project-additional-fin_english.pdf#:~:text=%28a%29%20Component%201%2C%20Sub,5%20million,FALSE,p. 1,Datasheet and Section 1.2,,,
P171284,World Bank,Moldova,2020,PID,intervention,Establish animal by‑products management system,Food Processing & Storage,,,unspecified,"The additional financing will establish an animal by‑products management system, providing infrastructure for collection, transportation, intermediate storage and disposal through incineration or rendering facilities, supported by feasibility studies and technical assessments.",file:///home/oai/share/2020-05-29_PIDISDSA28152_project-information-document-integrated-safeguards-data-sheet-moldova-agriculture-competitiveness-project-additional-fin_english.pdf#:~:text=%28a%29%20Component%201%2C%20Sub,5%20millionfile:///home/oai/share/2020-05-29_PIDISDSA28152_project-information-document-integrated-safeguards-data-sheet-moldova-agriculture-competitiveness-project-additional-fin_english.pdf#:~:text=The%20proposed%20AF%20will%20support,of%20locations%2Fsites%20of%20main%20ABP,FALSE,Section 1.2,Proposed Activities,,,
P171284,World Bank,Moldova,2020,PID,intervention,Provide training and capacity building for ABP management,Advisory and Extension,,,unspecified,The project includes preparation of manuals and training to build capacity of institutions and operators involved in animal by‑products management.,file:///home/oai/share/2020-05-29_PIDISDSA28152_project-information-document-integrated-safeguards-data-sheet-moldova-agriculture-competitiveness-project-additional-fin_english.pdf#:~:text=%28a%29%20Component%201%2C%20Sub,5%20million,FALSE,Section 1.2,Capacity Building,,,,
P171284,World Bank,Moldova,2020,PID,outcome,Reduced environmental and public health risks from animal by‑products,Environmental Sustainability,Climate mitigation,Intended,unspecified,"The rationale notes that improved management of animal by‑products will reduce public health and environmental risks by preventing unsanitary disposal and pollution of water sources, supporting environmental sustainability.",file:///home/oai/share/2020-05-29_PIDISDSA28152_project-information-document-integrated-safeguards-data-sheet-moldova-agriculture-competitiveness-project-additional-fin_english.pdf#:~:text=grievance,repurposed%20for%20the%20proposed%20AF,FALSE,Justification,Expected Benefits,,,,
P171284,World Bank,Moldova,2020,PID,outcome,Improved food safety and animal health,Food Security & Nutrition,Food safety,Intended,unspecified,The AF is expected to improve national food safety and animal health by ensuring safe handling and disposal of animal by‑products and enabling the country to meet export market requirements.,file:///home/oai/share/2020-05-29_PIDISDSA28152_project-information-document-integrated-safeguards-data-sheet-moldova-agriculture-competitiveness-project-additional-fin_english.pdf#:~:text=grievance,repurposed%20for%20the%20proposed%20AFfile:///home/oai/share/2020-05-29_PIDISDSA28152_project-information-document-integrated-safeguards-data-sheet-moldova-agriculture-competitiveness-project-additional-fin_english.pdf#:~:text=conditions%20in%20rural%20areas%2C%20increased,for%20products%20of%20animal%20origin,FALSE,Justification,Expected Benefits,,,
P171284,World Bank,Moldova,2020,PID,outcome,Enhanced competitiveness of livestock producers,Sustainable Economic Growth,Market efficiency,Intended,unspecified,"The document states that proper animal by‑products management will improve competitiveness of livestock producers, enabling compliance with food safety regulations and access to export markets.",file:///home/oai/share/2020-05-29_PIDISDSA28152_project-information-document-integrated-safeguards-data-sheet-moldova-agriculture-competitiveness-project-additional-fin_english.pdf#:~:text=conditions%20in%20rural%20areas%2C%20increased,for%20products%20of%20animal%20origin,FALSE,Justification,Expected Benefits,,,,
P179060,World Bank,Mozambique,2022,PID,objective,Improve performance of small producers and AgriMSMEs and natural resource management,,,,,The parent project’s objective is to improve the performance of targeted small agriculture producers and AgriMSMEs and improve natural resource management practices in selected districts.,file:///home/oai/share/2022-09-15_PIDA34311_project-information-document-srep-food-security-additional-financing-p179060_english.pdf#:~:text=Proposed%20Development%20Objective,FALSE,p. 1,Datasheet,,,,,
P179060,World Bank,Mozambique,2022,PID,intervention,Provide inputs and infrastructure for small farmers and livestock breeders,Livestock Management & Technologies,,,swine; poultry,"Subcomponent 5.2 finances distribution of agricultural kits (including seeds), hermetic bags and silos, provides tools, and constructs small livestock infrastructure such as fences, hog houses and poultry houses for breeders in areas affected by Tropical Storm Ana and Cyclone Gombe.",file:///home/oai/share/2022-09-15_PIDA34311_project-information-document-srep-food-security-additional-financing-p179060_english.pdf,FALSE,Section 5.2,Activities,,,,,
P179060,World Bank,Mozambique,2022,PID,intervention,Equip veterinary laboratories and provide diagnostic consumables,Public Health,,,unspecified,"The AF provides financing to equip veterinary laboratories in Tete and to supply diagnostic consumables to veterinary services in Nampula, improving animal health service delivery.",file:///home/oai/share/2022-09-15_PIDA34311_project-information-document-srep-food-security-additional-financing-p179060_english.pdf#:~:text=Provision%20of%20equipment%20for%20the,cyclones%20and%20does%20not%20have,FALSE,Section 5.2,Activities,,,,
P179060,World Bank,Mozambique,2022,PID,intervention,Implement goat pass‑on scheme with training,Livestock Management & Technologies,,,small ruminants,"A small ruminant scheme will distribute goats to households, provide training on goat husbandry and require beneficiaries to pass on offspring to other households.",file:///home/oai/share/2022-09-15_PIDA34311_project-information-document-srep-food-security-additional-financing-p179060_english.pdf#:~:text=,to%20another%20family%20within%20one,FALSE,Section 5.2,Activities,,,,
P179060,World Bank,Mozambique,2022,PID,intervention,Support small‑scale aquaculture and artisanal fisheries,Aquaculture Management & Technologies,,,aquaculture,"The project will promote small‑scale aquaculture and artisanal fisheries by rehabilitating fish ponds and fish cages and providing inputs (fingerlings, feed) and training along the fish value chain.",file:///home/oai/share/2022-09-15_PIDA34311_project-information-document-srep-food-security-additional-financing-p179060_english.pdf#:~:text=%28viii%29%20Fisheries%20and%20aquaculture,TA%29%20at,FALSE,Section 5.2,Activities,,,,
P179060,World Bank,Mozambique,2022,PID,intervention,Provide nutrition training and mobile kitchens,Behavior Communication Change & Social Programs,,,unspecified,Subcomponent 5.3 includes training women on the use of local products for nutrition and deploying mobile kitchens to demonstrate food preparation and nutrition.,file:///home/oai/share/2022-09-15_PIDA34311_project-information-document-srep-food-security-additional-financing-p179060_english.pdf#:~:text=The%20World%20Bank,FALSE,Section 5.3,Activities,,,,,
P179060,World Bank,Mozambique,2022,PID,outcome,Enhanced food and nutrition security for disaster‑affected households,Food Security & Nutrition,Food access,Intended,swine; poultry; small ruminants; aquaculture,"The AF seeks to address food insecurity by providing agricultural kits, livestock infrastructure and nutrition training to disaster‑affected households, thereby improving food availability and nutrition.",file:///home/oai/share/2022-09-15_PIDA34311_project-information-document-srep-food-security-additional-financing-p179060_english.pdffile:///home/oai/share/2022-09-15_PIDA34311_project-information-document-srep-food-security-additional-financing-p179060_english.pdf#:~:text=The%20World%20Bank,TRUE,Results,Theory of Change,,,,,
P179060,World Bank,Mozambique,2022,PID,outcome,"Increased resilience and income for small farmers, breeders and fishermen",Resilience,Resilience,Intended,swine; poultry; small ruminants; aquaculture,"By supplying inputs, livestock infrastructure, goats and aquaculture support, the project aims to strengthen resilience and income earning capacity of small farmers, breeders and fishermen.",file:///home/oai/share/2022-09-15_PIDA34311_project-information-document-srep-food-security-additional-financing-p179060_english.pdf,TRUE,Results,Expected Outcomes,,,,,
P179060,World Bank,Mozambique,2022,PID,outcome,Improved veterinary diagnostic capacity,Resilience,Resilience,Intended,unspecified,Equipping veterinary laboratories and providing diagnostic consumables will increase diagnostic capacity for animal diseases.,file:///home/oai/share/2022-09-15_PIDA34311_project-information-document-srep-food-security-additional-financing-p179060_english.pdf#:~:text=Provision%20of%20equipment%20for%20the,cyclones%20and%20does%20not%20have,FALSE,Results,Expected Outcomes,,,,
TBD,World Bank,Mozambique,2025,PID,objective,Improve access to climate‑resilient basic services and livelihoods opportunities,,,,,The project seeks to improve access to climate‑resilient basic services and livelihoods opportunities.,file:///home/oai/share/2025-04-04_PIDDC01235_concept-project-information-document-pid_english.pdf#:~:text=To%20improve%20access%20to%20climate,opportunities%20in%20the%20targeted%20areas,FALSE,p. 1,Datasheet,,,,
TBD,World Bank,Mozambique,2025,PID,intervention,Strengthen district planning and socio‑economic infrastructure,Rural/Public Infrastructure,,,unspecified,"Component 1 proposes to strengthen district planning and service delivery by training local authorities on climate‑resilient planning and financing socio‑economic infrastructure including water supply systems, rural roads, markets and agricultural storage facilities.",file:///home/oai/share/2025-04-04_PIDDC01235_concept-project-information-document-pid_english.pdf#:~:text=Sub,identified%20through%20a%20participatory%20process,FALSE,Annex 1,Component 1,,,,
TBD,World Bank,Mozambique,2025,PID,intervention,Improve livelihoods and economic opportunities,Advisory and Extension,,,unspecified,"Component 2 aims to improve livelihoods and economic opportunities by enhancing access to microfinance, training youth and vulnerable groups, mobilizing farmer organizations, improving extension services and promoting climate‑ and nutrition‑smart agriculture and value chain development.",file:///home/oai/share/2025-04-04_PIDDC01235_concept-project-information-document-pid_english.pdf#:~:text=Component%202%3A%20Improved%20livelihoods%20and,components%2C%20as%20per%20below,FALSE,Annex 1,Component 2,,,,
TBD,World Bank,Mozambique,2025,PID,outcome,Improved access to climate‑resilient services and livelihoods,Resilience,Resilience,Intended,unspecified,"The project is expected to improve access to climate‑resilient basic services and livelihoods opportunities, enhancing resilience of communities.",,TRUE,Results,Theory of Change,,,,,
TBD,World Bank,Mozambique,2025,PID,outcome,Youth participation in livelihood opportunities,Inclusivity & Women’s Empowerment,Youth employment,Intended,unspecified,Component 2 targets youth and vulnerable groups to increase their participation in economic activities through training and empowerment.,file:///home/oai/share/2025-04-04_PIDDC01235_concept-project-information-document-pid_english.pdf#:~:text=Component%202%3A%20Improved%20livelihoods%20and,components%2C%20as%20per%20below,TRUE,Results,Expected Outcomes,,,,
P181157,World Bank,Nicaragua,2023,PID,objective,Provide emergency support after hurricanes and lay foundation for climate‑resilient growth,,,,,"The project development objective is to provide emergency support to the population affected by Hurricanes Eta and Iota and to lay the foundation for climate‑resilient growth of micro, small and medium agri‑food producers in selected areas.",file:///home/oai/share/2023-06-01_PIDA36162_project-information-document-additional-financing-to-the-nicaragua-eta-and-iota-emergency-response-project-p181157_english.pdf#:~:text=Public%20Credit%20,MHCP,FALSE,p. 1,Datasheet,,,,
P181157,World Bank,Nicaragua,2023,PID,intervention,Implement agri‑food local innovation development plans,Advisory and Extension,,,unspecified,"The additional financing introduces agri‑food local innovation development plans to support around 10,000 family farmers with short‑, medium‑ and long‑term investments such as fast‑cycle crops, perennial crops, improved seeds and genetic materials, storage and agro‑processing, combined with training and extension services.",file:///home/oai/share/2023-06-01_PIDA36162_project-information-document-additional-financing-to-the-nicaragua-eta-and-iota-emergency-response-project-p181157_english.pdffile:///home/oai/share/2023-06-01_PIDA36162_project-information-document-additional-financing-to-the-nicaragua-eta-and-iota-emergency-response-project-p181157_english.pdf#:~:text=11,events%20impacting%20the%20target%20areas,FALSE,Section 2,Agri‑food Development Plans,,,,
P181157,World Bank,Nicaragua,2023,PID,outcome,Increased food production and income among supported farmers,Sustainable Economic Growth,Productivity,Intended,unspecified,"The project expects beneficiaries to transform subsistence farming into climate‑ and nutrition‑smart systems, increasing food production and income from selling surpluses.",file:///home/oai/share/2023-06-01_PIDA36162_project-information-document-additional-financing-to-the-nicaragua-eta-and-iota-emergency-response-project-p181157_english.pdf,TRUE,Results,Expected Outcomes,,,,,
P181157,World Bank,Nicaragua,2023,PID,outcome,Enhanced resilience and climate‑smart agriculture adoption,Resilience,Resilience,Intended,unspecified,"Agri‑food innovation plans will train farmers to adopt climate‑ and nutrition‑smart agriculture, improving resilience to future disasters and climatic risks.",file:///home/oai/share/2023-06-01_PIDA36162_project-information-document-additional-financing-to-the-nicaragua-eta-and-iota-emergency-response-project-p181157_english.pdf,TRUE,Results,Theory of Change,,,,,
P181157,World Bank,Nicaragua,2023,PID,outcome,"Inclusivity through targeting women, youth and persons with disabilities",Inclusivity & Women’s Empowerment,Gender empowerment,Intended,unspecified,"The agri‑food local innovation plans specifically target women, youth and persons with disabilities, promoting inclusive participation.",file:///home/oai/share/2023-06-01_PIDA36162_project-information-document-additional-financing-to-the-nicaragua-eta-and-iota-emergency-response-project-p181157_english.pdf,TRUE,Results,Beneficiary Targets,,,,,
P164509,World Bank,Niger,2019,PAD,objective,Increase agriculture productivity and market access for small and medium farmers and agri‑food SMEs,,,,,The project aims to increase agriculture productivity and access to markets for small and medium farmers and agri‑food SMEs in participating regions.,file:///home/oai/share/2019-05-30_PAD2957_niger-agricultural-and-livestock-transformation-project_english.pdf#:~:text=Proposed%20Development%20Objective,FALSE,p. 1,Datasheet,,,,,
P164509,World Bank,Niger,2019,PAD,intervention,Strengthen crop and livestock extension services,Advisory and Extension,,,unspecified,"Subcomponent 1.1 will strengthen crop and livestock extension services by building institutional and human capacity, training producers on climate‑smart agriculture and irrigation technologies and adapting extension approaches in areas affected by conflict.",file:///home/oai/share/2019-05-30_PAD2957_niger-agricultural-and-livestock-transformation-project_english.pdf#:~:text=aquaculture,pump%20irrigation%20schemes,FALSE,Annex 2,Subcomponent 1.1,,,,
P164509,World Bank,Niger,2019,PAD,intervention,Improve veterinary and phytosanitary services,Public Health,,,unspecified,"Subcomponent 1.2 aims to increase availability and access to veterinary services to control priority livestock diseases, enhance surveillance for emerging diseases, improve veterinary laboratories and strengthen quality control for feed and food products.",file:///home/oai/share/2019-05-30_PAD2957_niger-agricultural-and-livestock-transformation-project_english.pdf#:~:text=Subcomponent%201,inputs%2C%20feed%2C%20and%20food%20products,FALSE,Annex 2,Subcomponent 1.2,,,,
P164509,World Bank,Niger,2019,PAD,intervention,"Strengthen policy, legal framework and crisis prevention",Policy & Regulatory,,,unspecified,"Subcomponent 1.3 will strengthen policy and legal frameworks, develop crisis response tools and early warning systems, conduct climate risk analysis and integrate gender considerations.",file:///home/oai/share/2019-05-30_PAD2957_niger-agricultural-and-livestock-transformation-project_english.pdf,FALSE,Annex 2,Subcomponent 1.3,,,,,
P164509,World Bank,Niger,2019,PAD,intervention,"Develop productive partnerships for agriculture, livestock and aquaculture",Markets & Finance,,,unspecified,"Subcomponent 2.1 will develop productive partnerships by identifying off‑takers for agricultural, livestock and aquaculture products, building capacity of producers and SMEs to meet buyers’ requirements and developing sustainable business models.",file:///home/oai/share/2019-05-30_PAD2957_niger-agricultural-and-livestock-transformation-project_english.pdf#:~:text=%28i%29%20the%20identification%20of%20off,iii%29%20training%20of%20trainers,FALSE,Annex 2,Subcomponent 2.1,,,,
P164509,World Bank,Niger,2019,PAD,intervention,Provide cost‑sharing financing and risk‑sharing facilities,Markets & Finance,,,unspecified,"Subcomponent 2.2 introduces a cost‑sharing financing program with two windows (one for general farmers/SMEs and another targeting vulnerable regions, women and youth), offering matching grants and a risk‑sharing facility to guarantee loans.",file:///home/oai/share/2019-05-30_PAD2957_niger-agricultural-and-livestock-transformation-project_english.pdffile:///home/oai/share/2019-05-30_PAD2957_niger-agricultural-and-livestock-transformation-project_english.pdf,FALSE,Annex 2,Subcomponent 2.2,,,,,
P164509,World Bank,Niger,2019,PAD,intervention,Provide risk‑sharing facility and technical assistance to financial institutions,Markets & Finance,,,unspecified,The risk‑sharing facility provides partial credit guarantees and technical assistance to financial institutions to encourage lending to agri‑food SMEs and producers and improve risk assessment and portfolio management.,file:///home/oai/share/2019-05-30_PAD2957_niger-agricultural-and-livestock-transformation-project_english.pdf,FALSE,Annex 2,Subcomponent 2.2,,,,,
P164509,World Bank,Niger,2019,PAD,outcome,Increased yield of livestock products (cattle meat and eggs),Sustainable Economic Growth,Productivity,Intended,cattle; poultry,PDO indicators include the percentage increase in yields of livestock products such as cattle meat and eggs.,file:///home/oai/share/2019-05-30_PAD2957_niger-agricultural-and-livestock-transformation-project_english.pdf#:~:text=AGRICULTURAL%20AND%20LIVESTOCK%20TRANSFORMATION%20PROJECT,FALSE,Results Framework,PDO Indicators,,,,,
P164509,World Bank,Niger,2019,PAD,outcome,Increase in value of marketed agricultural commodities,Sustainable Economic Growth,Income per capita,Intended,unspecified,PDO‑level outcomes measure increases in the value of marketed agricultural commodities produced by small and medium farmers and agri‑food SMEs.,file:///home/oai/share/2019-05-30_PAD2957_niger-agricultural-and-livestock-transformation-project_english.pdf#:~:text=To%20increase%20access%20to%20markets,Percentage,FALSE,Results Framework,PDO Indicators,,,,
P164509,World Bank,Niger,2019,PAD,outcome,Farmers reached with agricultural assets or services (women and youth),Inclusivity & Women’s Empowerment,Knowledge increase,Measured,unspecified,"PDO indicators track the number of farmers reached with agricultural assets or services, disaggregated by gender and youth.",file:///home/oai/share/2019-05-30_PAD2957_niger-agricultural-and-livestock-transformation-project_english.pdf#:~:text=Component%201%3A%20Improving%20the%20quality,CRI%2C%20Number,FALSE,Results Framework,PDO Indicators,,,,
P164509,World Bank,Niger,2019,PAD,outcome,Policies developed and revised,Inducing Policy Change,New policies passed,Measured,unspecified,Intermediate results indicators count the number of sectoral policies developed or revised as part of the project.,file:///home/oai/share/2019-05-30_PAD2957_niger-agricultural-and-livestock-transformation-project_english.pdf#:~:text=Number%20of%20sectoral%20policies%20,Number,FALSE,Results Framework,Intermediate Indicators,,,,
P164509,World Bank,Niger,2019,PAD,outcome,Farmers satisfied with extension and veterinary services,Sustainable Economic Growth,Knowledge increase,Measured,unspecified,Intermediate results indicators measure the percentage of farmers satisfied with the extension and veterinary services provided by the project.,file:///home/oai/share/2019-05-30_PAD2957_niger-agricultural-and-livestock-transformation-project_english.pdf#:~:text=Beneficiary%20satisfaction%20rate%20with%20services,Percentage,FALSE,Results Framework,Intermediate Indicators,,,,
P164509,World Bank,Niger,2019,PAD,outcome,Reduced time to deliver crisis support,Resilience,Resilience,Measured,unspecified,"Indicators measure the average time needed to reach 80 percent of beneficiaries during crises, reflecting improved crisis response.",file:///home/oai/share/2019-05-30_PAD2957_niger-agricultural-and-livestock-transformation-project_english.pdf#:~:text=Decrease%20in%20time%20between%20request,Percentage,FALSE,Results Framework,Intermediate Indicators,,,,
P164509,World Bank,Niger,2019,PAD,outcome,Matching grant accounts opened and loans disbursed,Sustainable Economic Growth,Market efficiency,Measured,unspecified,"Results indicators track the number of matching grant accounts opened and the volume of loans disbursed under the cost‑sharing financing program, including repayment performance.",file:///home/oai/share/2019-05-30_PAD2957_niger-agricultural-and-livestock-transformation-project_english.pdf#:~:text=Component%202%3A%20Support%20to%20private,Numberfile:///home/oai/share/2019-05-30_PAD2957_niger-agricultural-and-livestock-transformation-project_english.pdf#:~:text=Number%20of%20loans%20for%20starting,an%20agriculture%20business%20as%20a,FALSE,Results Framework,Intermediate Indicators,,,
P165397,World Bank,Niger,2019,PID/ISDS,objective,Project Development Objective,,,,multiple,The PID datasheet states that the project development objective (PDO) is to improve the resilience of the populations and of production systems to climate change and variability in targeted communes.,file:///home/oai/share/2019-03-21_PIDISDSA23715_project-information-document-integrated-safeguards-data-sheet-additional-financing-for-niger-capcr-p165397_english.pdf#:~:text=The%20project%20development%20objective%20,changeand%20variability%20in%20targeted%20Communes,FALSE,p. 3,Datasheet,,,,
P165397,World Bank,Niger,2019,PID/ISDS,intervention,Mainstream climate resilience into sector policies and local development plans,Policy & Regulatory,,,unspecified,"The project’s Component 1 aims to make socioeconomic development policies more responsive to climate change and to implement a communication strategy and knowledge management system. Sub‑component 1.1 supported integrating climate change into national sector strategies and local development plans so that policies in health, water and roads account for climate impacts, and the Additional Financing will provide technical assistance to translate these strategies into action plans and align Niger’s policies with its Nationally Determined Contribution.",file:///home/oai/share/2019-03-21_PIDISDSA23715_project-information-document-integrated-safeguards-data-sheet-additional-financing-for-niger-capcr-p165397_english.pdf#:~:text=16,Green%20Climate%20Fund%20and%20others,FALSE,p. 7–9,Components and indicators,,,,
P165397,World Bank,Niger,2019,PID/ISDS,intervention,Communication strategy and knowledge management with new technologies,Advisory and Extension,,,unspecified,"The project’s sub‑component 1.2 provided technical assistance, goods and services for defining and implementing a communication strategy and an effective knowledge management system. The AF introduces sub‑component 1.3 to integrate new technologies, such as satellite imagery, into the knowledge management system and improve spatial planning and disaster‑risk management, linking with the project’s monitoring tools.",file:///home/oai/share/2019-03-21_PIDISDSA23715_project-information-document-integrated-safeguards-data-sheet-additional-financing-for-niger-capcr-p165397_english.pdf#:~:text=19.%20Sub,be%20continued%20under%20the%20AF,FALSE,p. 7–9,Components and indicators,,,,
P165397,World Bank,Niger,2019,PID/ISDS,intervention,Improve resilience of agro‑sylvo‑pastoral systems and scale up sustainable land management,Livestock Management & Technologies,,,multiple,"Intermediate indicators for Component 2 include the percentage of producers adopting SLM practices introduced by the project and the number of agricultural and sylvo‑pastoral hectares under SLM. The project also measures the quantity of animal feed supplements produced and the number of integrated services platforms (""Maisons du paysan"") that provide advisory services and storage for feed and inputs.",file:///home/oai/share/2019-03-21_PIDISDSA23715_project-information-document-integrated-safeguards-data-sheet-additional-financing-for-niger-capcr-p165397_english.pdf#:~:text=%E2%80%A2%20Producers%20adopting%20SLM%20practices,15%29%20%E2%80%A2,FALSE,p. 7–9,Components and indicators,,,,
P165397,World Bank,Niger,2019,PID/ISDS,intervention,Adaptive social protection and support for vulnerable households,Behavior Communication Change & Social Programs,,,unspecified,The project description notes that a new sub‑component integrates innovative measures for protecting the most poor and vulnerable households. Adaptive Social Protection (ASP) activities will be financed to help households cope with climate shocks and variability.,file:///home/oai/share/2019-03-21_PIDISDSA23715_project-information-document-integrated-safeguards-data-sheet-additional-financing-for-niger-capcr-p165397_english.pdf#:~:text=planning%20Sub%20component%201,coordination%20of%20the%20Project%20activities,FALSE,p. 7–9,Components and indicators,,,,
P165397,World Bank,Niger,2019,PID/ISDS,intervention,"Integrated services platforms (""Maisons du paysan"")",Rural/Public Infrastructure,,,unspecified,"Intermediate indicators count the number of operational integrated services platforms known as “Maisons du paysan.” These platforms provide advisory services, storage facilities and training to support agricultural and pastoral producers and improve climate resilience.",file:///home/oai/share/2019-03-21_PIDISDSA23715_project-information-document-integrated-safeguards-data-sheet-additional-financing-for-niger-capcr-p165397_english.pdf#:~:text=Quantity%20of%20animal%20food%20supplements,15%29%20%E2%80%A2,FALSE,p. 7–9,Components and indicators,,,,
P165397,World Bank,Niger,2019,PID/ISDS,outcome,Policies incorporating climate resilience,Inducing Policy Change,policy reform,intended,unspecified,Intermediate indicators include the number of sector policies incorporating climate resilience and the number of local development plans and annual investment plans that integrate climate resilience.,file:///home/oai/share/2019-03-21_PIDISDSA23715_project-information-document-integrated-safeguards-data-sheet-additional-financing-for-niger-capcr-p165397_english.pdf#:~:text=%E2%80%A2%20Sector%20policies%20which%20fully,38,FALSE,p. 7–8,Results framework,,,,
P165397,World Bank,Niger,2019,PID/ISDS,outcome,Dissemination of climate resilience knowledge products,Resilience,knowledge dissemination,intended,unspecified,The project aims to disseminate 60 climate resilience knowledge products and inform 2 million people about climate issues.,file:///home/oai/share/2019-03-21_PIDISDSA23715_project-information-document-integrated-safeguards-data-sheet-additional-financing-for-niger-capcr-p165397_english.pdf#:~:text=%E2%80%A2%20Climate%20resilience%20knowledge%20products,2%2C000%2C000,FALSE,p. 7–8,Results framework,,,,
P165397,World Bank,Niger,2019,PID/ISDS,outcome,Producers adopting sustainable land management practices,Environmental Sustainability,land area / adoption,intended,multiple,"Component 2 indicators measure the percentage of producers adopting SLM practices introduced by the project, along with additional agricultural and sylvo‑pastoral areas brought under SLM.",file:///home/oai/share/2019-03-21_PIDISDSA23715_project-information-document-integrated-safeguards-data-sheet-additional-financing-for-niger-capcr-p165397_english.pdf#:~:text=%E2%80%A2%20Producers%20adopting%20SLM%20practices,32%2C000%20ha%29%20%E2%80%A2,FALSE,p. 7–8,Results framework,,,,
P165397,World Bank,Niger,2019,PID/ISDS,outcome,Animal feed supplements produced,Sustainable Economic Growth,productivity,intended,multiple,"The project tracks the quantity of animal food supplements produced (40,000 tons per year) as an indicator of enhanced fodder and feed availability.",file:///home/oai/share/2019-03-21_PIDISDSA23715_project-information-document-integrated-safeguards-data-sheet-additional-financing-for-niger-capcr-p165397_english.pdf#:~:text=Quantity%20of%20animal%20food%20supplements,40%2C000%20tones%2Fyear,FALSE,p. 7–8,Results framework,,,,
P165397,World Bank,Niger,2019,PID/ISDS,outcome,Operational integrated services platforms,Sustainable Economic Growth,infrastructure operational,intended,unspecified,Intermediate indicators record the number of operational integrated services platforms (“Maisons du paysan”) established by the project.,file:///home/oai/share/2019-03-21_PIDISDSA23715_project-information-document-integrated-safeguards-data-sheet-additional-financing-for-niger-capcr-p165397_english.pdf#:~:text=Quantity%20of%20animal%20food%20supplements,15%29%20%E2%80%A2,FALSE,p. 7–8,Results framework,,,,
P165397,World Bank,Niger,2019,PID/ISDS,outcome,Community facilities protected or rehabilitated,Resilience,infrastructure resilience,intended,unspecified,"Indicators include the number of community facilities that have been protected, restored or rehabilitated, reflecting enhanced resilience to climate shocks.",file:///home/oai/share/2019-03-21_PIDISDSA23715_project-information-document-integrated-safeguards-data-sheet-additional-financing-for-niger-capcr-p165397_english.pdf#:~:text=Targeted%20community%20facilities%20that%20have,210,FALSE,p. 7–8,Results framework,,,,
P165397,World Bank,Niger,2019,PID/ISDS,outcome,Households benefiting from adaptive social protection,Resilience,social protection,intended,unspecified,The project records the number of households benefiting from accumulated ASP activities as an intermediate indicator.,file:///home/oai/share/2019-03-21_PIDISDSA23715_project-information-document-integrated-safeguards-data-sheet-additional-financing-for-niger-capcr-p165397_english.pdf#:~:text=Targeted%20community%20facilities%20that%20have,40%2C000,FALSE,p. 7–8,Results framework,,,,
P176418,World Bank,Niger,2021,PID/ISDS,objective,Project Development Objective,,,,multiple,"The PID notes that the project development objective is to increase agriculture productivity and access to markets for small and medium farmers and agri‑food SMEs in the participating project regions, and to provide immediate and effective response to an eligible crisis or emergency.",file:///home/oai/share/2021-05-27_PIDISDSA31819_project-information-document-integrated-safeguards-data-sheet-agricultural-and-livestock-transformation-project-addition_english.pdf#:~:text=The%20Project%20Development%20Objective%20,%E2%80%9D,FALSE,p. 3,Datasheet,,,,
P176418,World Bank,Niger,2021,PID/ISDS,intervention,Improve agricultural support services and policies,Advisory and Extension,,,unspecified,"The PID states that the additional financing will replenish component 1 of the Agriculture and Livestock Transformation Project, which supports agricultural support services and policies, including capacity building for institutions and farmers.",file:///home/oai/share/2021-05-27_PIDISDSA31819_project-information-document-integrated-safeguards-data-sheet-agricultural-and-livestock-transformation-project-addition_english.pdf#:~:text=Component%201%3A%20Improving%20the%20quality,4%3A%20Contingent%20Emergency%20Response%20Componentfile:///home/oai/share/2021-05-27_PIDISDSA31819_project-information-document-integrated-safeguards-data-sheet-agricultural-and-livestock-transformation-project-addition_english.pdf#:~:text=The%20AF%20will%20replenish%20component,This%20capacity,FALSE,p. 3–5,Components,,,
P176418,World Bank,Niger,2021,PID/ISDS,intervention,"Investments in agricultural production, processing and market access",Food Processing & Storage,,,multiple,"The PID lists Component 2 as increasing investments in agricultural production, processing and market access, indicating that the project continues to invest in these areas to support farmers and agri‑food SMEs.",file:///home/oai/share/2021-05-27_PIDISDSA31819_project-information-document-integrated-safeguards-data-sheet-agricultural-and-livestock-transformation-project-addition_english.pdf#:~:text=Component%201%3A%20Improving%20the%20quality,access%20Component%203%3A%20Project%20coordination,FALSE,p. 3–5,Components,,,,
P176418,World Bank,Niger,2021,PID/ISDS,intervention,Contingent emergency response for flood recovery,Rural/Public Infrastructure,,,unspecified,"The PID explains that the additional financing replenishes funds because the Contingent Emergency Response Component was activated following unprecedented floods in 2020. Results indicators include the percentage of people protected by water management infrastructure, number of emergency kits distributed, drinking water wells rehabilitated and length of dyke and riverbank rehabilitation.",file:///home/oai/share/2021-05-27_PIDISDSA31819_project-information-document-integrated-safeguards-data-sheet-agricultural-and-livestock-transformation-project-addition_english.pdf#:~:text=The%20proposed%20Additional%20Financing%20,2020%20floods%20decimated%20infrastructure%20thatfile:///home/oai/share/2021-05-27_PIDISDSA31819_project-information-document-integrated-safeguards-data-sheet-agricultural-and-livestock-transformation-project-addition_english.pdf#:~:text=to%20increase%20agriculture%20productivity%20and,an%20eligible%20crisis%20or%20emergency,FALSE,p. 3–5,Components,,,
P176418,World Bank,Niger,2021,PID/ISDS,outcome,People protected by water management infrastructure,Sustainable Economic Growth,climate resilience,measured,unspecified,The revised results framework measures the percentage of people harmed by floods who are protected and served by water management infrastructure.,file:///home/oai/share/2021-05-27_PIDISDSA31819_project-information-document-integrated-safeguards-data-sheet-agricultural-and-livestock-transformation-project-addition_english.pdf#:~:text=to%20increase%20agriculture%20productivity%20and,an%20eligible%20crisis%20or%20emergency,FALSE,p. 5,Results framework,,,,
P176418,World Bank,Niger,2021,PID/ISDS,outcome,Emergency kits distributed,Resilience,disaster response,measured,unspecified,Intermediate indicators include the number of emergency kits distributed as part of the project’s Contingent Emergency Response Component.,file:///home/oai/share/2021-05-27_PIDISDSA31819_project-information-document-integrated-safeguards-data-sheet-agricultural-and-livestock-transformation-project-addition_english.pdf#:~:text=level%20impact%20will%20be%20measured,of%20dyke%20and%20riverbank%20rehabilitation,FALSE,p. 5,Results framework,,,,
P176418,World Bank,Niger,2021,PID/ISDS,outcome,Drinking water wells rehabilitated,Resilience,infrastructure rehabilitation,measured,unspecified,Intermediate indicators include the number of drinking water wells rehabilitated under the emergency response component.,file:///home/oai/share/2021-05-27_PIDISDSA31819_project-information-document-integrated-safeguards-data-sheet-agricultural-and-livestock-transformation-project-addition_english.pdf#:~:text=level%20impact%20will%20be%20measured,of%20dyke%20and%20riverbank%20rehabilitation,FALSE,p. 5,Results framework,,,,
P176418,World Bank,Niger,2021,PID/ISDS,outcome,Dyke and riverbank rehabilitation,Resilience,infrastructure rehabilitation,measured,unspecified,The results framework measures the length of dyke and riverbank rehabilitation as part of flood recovery efforts.,file:///home/oai/share/2021-05-27_PIDISDSA31819_project-information-document-integrated-safeguards-data-sheet-agricultural-and-livestock-transformation-project-addition_english.pdf#:~:text=level%20impact%20will%20be%20measured,of%20dyke%20and%20riverbank%20rehabilitation,FALSE,p. 5,Results framework,,,,
P177043,World Bank,Niger,2022,PAD,objective,Project Development Objective,,,,multiple,The PAD states that the project development objective is to increase the adoption of climate‑smart landscape restoration practices and improve access to income earning opportunities in targeted communes in Niger.,file:///home/oai/share/2022-08-10_PAD4993_niger-integrated-landscape-management-project_english.pdf#:~:text=The%20Project%20Development%20Objective%20,in%20targeted%20communes%20in%20Niger,FALSE,p. 18,PDO statement,,,,
P177043,World Bank,Niger,2022,PAD,intervention,"National inventory and management plans for forests, pastoral lands and fisheries",Policy & Regulatory,,,multiple,"Component 1 focuses on knowledge creation and territorial planning, including preparing Niger’s first national forest and pastoral lands inventory, developing management plans for forests, pastoral areas and fisheries, and supporting climate‑informed territorial planning with integrated landscape and communal development plans and an MRV system.",file:///home/oai/share/2022-08-10_PAD4993_niger-integrated-landscape-management-project_english.pdf#:~:text=A,Statementfile:///home/oai/share/2022-08-10_PAD4993_niger-integrated-landscape-management-project_english.pdf#:~:text=Identification%20and%20characterization%20of%20landscape,the%20implementation%20of%20the%20ILDPs,FALSE,p. 18–30,Components,,,
P177043,World Bank,Niger,2022,PAD,intervention,"Landscape restoration: natural regeneration, reforestation, dune‑fixing and hedges",Ecosystem Services,,,multiple,"The project’s investment component restores landscapes through natural regeneration, dune‑fixing, reforestation, establishing hedges and multipurpose plantations, and restoring degraded pastoral and agro‑silvo‑pastoral lands. It also develops pastoral enclaves and corridors and distributes improved stoves and renewable energy systems.",file:///home/oai/share/2022-08-10_PAD4993_niger-integrated-landscape-management-project_english.pdf#:~:text=Through%20this%20component%2C%20in%20parallel,in%20terms%20of%20human%20developmentfile:///home/oai/share/2022-08-10_PAD4993_niger-integrated-landscape-management-project_english.pdf#:~:text=Target%20under%20NDC%20Target%20under,5,FALSE,p. 18–30,Components,,,
P177043,World Bank,Niger,2022,PAD,intervention,Integrated community agro‑silvo‑pastoral farms and matching grants for local livelihoods,Markets & Finance,,,cattle; small ruminants; poultry; fish; bees,"Sub‑component 2.2 provides matching grants to promote sustainable development of non‑timber forest products and artisanal fishery products and to preserve cultural heritage. It also finances integrated community agro‑silvo‑pastoral farms (FACI), which include processing units, storage, advisory services and training, as well as facilities for forestry, beekeeping, fish farming, horticulture and small livestock production, targeting women and youth.",file:///home/oai/share/2022-08-10_PAD4993_niger-integrated-landscape-management-project_english.pdffile:///home/oai/share/2022-08-10_PAD4993_niger-integrated-landscape-management-project_english.pdf#:~:text=construction%20packaging%20centers%2C%20warehouses%2C%20and,of%20infrastructure%20should%20incorporate%20climate,FALSE,p. 18–30,Components,,,,
P177043,World Bank,Niger,2022,PAD,intervention,"Project coordination, monitoring and conflict management",Advisory and Extension,,,unspecified,"Component 3 covers project coordination, monitoring and evaluation, development of communication tools, and promotion of conflict reduction strategies to support landscape restoration and improve social cohesion.",file:///home/oai/share/2022-08-10_PAD4993_niger-integrated-landscape-management-project_english.pdf#:~:text=CP2.2.4%3A%20Integrated%20Community%20Agro,in%20Senegal%2C%20Burkina%20and%20Nigeria,FALSE,p. 18–30,Components,,,,
P177043,World Bank,Niger,2022,PAD,outcome,Land area under sustainable landscape management,Environmental Sustainability,land area,measured,multiple,PDO‑level indicators include land area under sustainable landscape management practices (a corporate results indicator).,file:///home/oai/share/2022-08-10_PAD4993_niger-integrated-landscape-management-project_english.pdf#:~:text=PDO%20Level%20Indicators%20%E2%80%A2%20Land,Ha%5D%29%20%E2%80%A2,FALSE,p. 38–54,Results framework,,,,
P177043,World Bank,Niger,2022,PAD,outcome,Producer organizations with increased access to income opportunities,Sustainable Economic Growth,income opportunities,measured,multiple,PDO‑level indicators include the number of producer organizations with increased access to income opportunities.,file:///home/oai/share/2022-08-10_PAD4993_niger-integrated-landscape-management-project_english.pdf#:~:text=%E2%80%A2%20Producer%20organizations%20with%20increased,Number%29%20%E2%80%A2,FALSE,p. 38–54,Results framework,,,,
P177043,World Bank,Niger,2022,PAD,outcome,Net greenhouse gas emissions,Environmental Sustainability,GHG reduction,measured,multiple,PDO‑level indicators include net greenhouse gas emissions (metric tons of CO₂ per year).,file:///home/oai/share/2022-08-10_PAD4993_niger-integrated-landscape-management-project_english.pdf#:~:text=,Project%20Design,FALSE,p. 38–54,Results framework,,,,
P177043,World Bank,Niger,2022,PAD,outcome,Areas under management plans and inventories,Environmental Sustainability,management plans,measured,multiple,"The results framework tracks the area under management plans for forests, pastoral areas and fisheries, and the completion of the national forest and pastoral lands inventory.",file:///home/oai/share/2022-08-10_PAD4993_niger-integrated-landscape-management-project_english.pdf#:~:text=Project%20Development%20Objectives,in%20targeted%20communes%20in%20Niger,FALSE,p. 38–54,Results framework,,,,
P177043,World Bank,Niger,2022,PAD,outcome,Women‑led organizations receiving grants and businesses registered,Inclusivity & Women’s Empowerment,women’s empowerment,measured,multiple,"Intermediate indicators include the number of women‑led organizations receiving grants and the number of women‑led businesses registered, reflecting efforts to empower women economically.",file:///home/oai/share/2022-08-10_PAD4993_niger-integrated-landscape-management-project_english.pdf#:~:text=Project%20Development%20Objectives,in%20targeted%20communes%20in%20Niger,FALSE,p. 38–54,Results framework,,,,
P177043,World Bank,Niger,2022,PAD,outcome,Integrated community farms operational,Sustainable Economic Growth,enterprise development,measured,cattle; small ruminants; poultry; fish; bees,"The results framework includes the number of integrated community farms (FACIs) that are operational, capturing progress in establishing diversified livelihood enterprises.",file:///home/oai/share/2022-08-10_PAD4993_niger-integrated-landscape-management-project_english.pdf#:~:text=Project%20Development%20Objectives,in%20targeted%20communes%20in%20Niger,FALSE,p. 38–54,Results framework,,,,
P179276,World Bank,Niger,2024,PAD,objective,Project Development Objective,,,,multiple,"The PAD states that the project development objective is to increase productivity, commercialization and climate resilience for project beneficiaries.",file:///home/oai/share/2024-06-06_PAD5422_niger-livestock-and-agriculture-modernization-project-lamp_english.pdf#:~:text=The%20Project%20Development%20Objective%20,%28ii%29%20PDO%20Level%20Indicators,FALSE,p. 11,PDO statement,,,,
P179276,World Bank,Niger,2024,PAD,intervention,Improve crop productivity through improved seeds and advisory services,"Crop Management, Technology & R&D",,,unspecified,"The project will scale up e‑voucher systems so farmers can access improved certified seeds with climate‑smart characteristics, provide advisory services on seed selection and use, and strengthen seed quality control and certification. It also promotes private sector participation in seed production and distribution and supports the national seed committee.",file:///home/oai/share/2024-06-06_PAD5422_niger-livestock-and-agriculture-modernization-project-lamp_english.pdf#:~:text=seed%20quality%20control%20and%20certification%2C,DCCS,FALSE,p. 11–16,Components,,,,
P179276,World Bank,Niger,2024,PAD,intervention,Develop irrigation using renewable energy and efficient technologies,Rural/Public Infrastructure,,,unspecified,"The project finances 9,900 ha of small‑scale irrigation and 8,200 ha of medium and large‑scale irrigation, focusing on renewable energy and efficient water conveyance. It also develops a price reference system for irrigation materials, conducts feasibility studies and provides training and support to farmers’ organizations.",file:///home/oai/share/2024-06-06_PAD5422_niger-livestock-and-agriculture-modernization-project-lamp_english.pdf,FALSE,p. 11–16,Components,,,,,
P179276,World Bank,Niger,2024,PAD,intervention,Strengthen farmer organizations and provide digital advisory services,Advisory and Extension,,,unspecified,"The PAD notes that the project will organize and strengthen farmer organizations, provide training on climate‑smart agricultural practices and postharvest management, and promote digital technologies and extension services to enhance productivity.",file:///home/oai/share/2024-06-06_PAD5422_niger-livestock-and-agriculture-modernization-project-lamp_english.pdf#:~:text=41,technical%20competency%2C%20planning%20capacity%2C%20and,FALSE,p. 11–16,Components,,,,
P179276,World Bank,Niger,2024,PAD,intervention,Genetic improvement and animal husbandry support,Livestock Management & Technologies,,,cattle; dairy; small ruminants; poultry,"The project supports building and equipping artificial insemination and breed improvement centers, training technical staff, providing AI services, and distributing high‑performance male sheep and goats. It promotes production of improved fodder and feed preservation techniques, rehabilitates and constructs water points, trains farmers on animal housing, feeding and hygiene, and strengthens poultry disease surveillance.",file:///home/oai/share/2024-06-06_PAD5422_niger-livestock-and-agriculture-modernization-project-lamp_english.pdf#:~:text=heat%2C%20disease%20risks%2C%20improve%20productivity,with%20respectfile:///home/oai/share/2024-06-06_PAD5422_niger-livestock-and-agriculture-modernization-project-lamp_english.pdf#:~:text=The%20project%20will%3A%20,the%20poultry%20disease%20surveillance%20system,FALSE,p. 11–16,Components,,,
P179276,World Bank,Niger,2024,PAD,intervention,Applied agricultural research and AgTech development,"Crop Management, Technology & R&D",,,unspecified,"The project funds multiplication of climate‑smart seeds, testing of germplasm, development of crop management practices to enhance water use efficiency and soil quality, and creation of AgTech applications and services including remote sensing tools and communication links between research and farmers.",file:///home/oai/share/2024-06-06_PAD5422_niger-livestock-and-agriculture-modernization-project-lamp_english.pdf,FALSE,p. 11–16,Components,,,,,
P179276,World Bank,Niger,2024,PAD,intervention,Climate‑resilient market infrastructure and processing facilities,Food Processing & Storage,,,cattle; dairy; multiple,"The project will construct cool, dry and ventilated storage facilities, energy‑efficient warehouses and processing equipment; establish standards for onion sorting, storage and packaging; build energy‑efficient rice mills operated by cooperatives; and finance milk collection and cooling centers and completion of an abattoir. It will also train actors in health standards.",file:///home/oai/share/2024-06-06_PAD5422_niger-livestock-and-agriculture-modernization-project-lamp_english.pdf#:~:text=,women%20led%20farmer%20groups%2C%20and,FALSE,p. 11–16,Components,,,,
P179276,World Bank,Niger,2024,PAD,intervention,"Strengthen food safety, sanitary and phytosanitary capacity",Public Health,,,multiple,"The project will strengthen the General Directorate for Plant Protection and Veterinary Services to conduct sanitary inspections, disease surveillance and monitoring of pesticide and drug residues. Capacity strengthening includes training and awareness raising on climate risk, animal health and food safety.",file:///home/oai/share/2024-06-06_PAD5422_niger-livestock-and-agriculture-modernization-project-lamp_english.pdf#:~:text=capacity%20%28US%242%20million%29%2053,linked%20to%20changing%20temperature%20and,FALSE,p. 11–16,Components,,,,
P179276,World Bank,Niger,2024,PAD,intervention,Mobilize private investors and promote industry dialogue,Markets & Finance,,,unspecified,"The project will map transformative private investors and land areas for investment, conduct prefeasibility studies, establish industry dialogue platforms to facilitate interactions between producers and value chain actors, encourage partnerships and contract farming, and support development and dissemination of quality standards.",file:///home/oai/share/2024-06-06_PAD5422_niger-livestock-and-agriculture-modernization-project-lamp_english.pdf,FALSE,p. 11–16,Components,,,,,
P179276,World Bank,Niger,2024,PAD,intervention,Access to finance through credit enhancement and guarantees,Markets & Finance,,,unspecified,"The PAD notes that the project will provide credit enhancement grants and guarantees for commercial loans via FISAN and SAHFI, support financial institutions to develop agriculture‑appropriate financial products, and promote warehouse receipt financing.",file:///home/oai/share/2024-06-06_PAD5422_niger-livestock-and-agriculture-modernization-project-lamp_english.pdf#:~:text=Component%203%3A%20Facilitating%20Access%20to,and%20other%20financed%20activities%20under,FALSE,p. 11–16,Components,,,,
P179276,World Bank,Niger,2024,PAD,outcome,Area with new or improved irrigation,Environmental Sustainability,water management,measured,unspecified,PDO indicators include the area provided with new or improved irrigation or drainage services.,file:///home/oai/share/2024-06-06_PAD5422_niger-livestock-and-agriculture-modernization-project-lamp_english.pdf#:~:text=,ii,FALSE,p. 31–33,Results framework,,,,
P179276,World Bank,Niger,2024,PAD,outcome,Increased yield of targeted agricultural products,Sustainable Economic Growth,productivity,measured,unspecified,The PDO‑level indicator measures the percentage increase in yield of targeted agriculture products among targeted beneficiaries.,file:///home/oai/share/2024-06-06_PAD5422_niger-livestock-and-agriculture-modernization-project-lamp_english.pdf#:~:text=,products%20among%20targeted%20beneficiaries,FALSE,p. 31–33,Results framework,,,,
P179276,World Bank,Niger,2024,PAD,outcome,Increased yield of selected animal products,Sustainable Economic Growth,productivity,measured,cattle; dairy; small ruminants; poultry,"PDO indicators include the percentage increase in yield of selected animal products among targeted beneficiaries (e.g., increased weight of cattle for red meat production).",file:///home/oai/share/2024-06-06_PAD5422_niger-livestock-and-agriculture-modernization-project-lamp_english.pdf#:~:text=,sold%20by%20beneficiary%20householdsfile:///home/oai/share/2024-06-06_PAD5422_niger-livestock-and-agriculture-modernization-project-lamp_english.pdf#:~:text=This%20indicator%20measures%20the%20percentage,Frequency,FALSE,p. 31–33,Results framework,,,
P179276,World Bank,Niger,2024,PAD,outcome,Increased volume of crop products sold,Sustainable Economic Growth,market efficiency,measured,unspecified,The PDO indicators include the increased volume of targeted crop value chains sold by beneficiary households.,file:///home/oai/share/2024-06-06_PAD5422_niger-livestock-and-agriculture-modernization-project-lamp_english.pdf#:~:text=Increased%20average%20yield%20of%20selected,sold%20by%20beneficiary%20households,FALSE,p. 31–33,Results framework,,,,
P179276,World Bank,Niger,2024,PAD,outcome,Increased volume of livestock products sold,Sustainable Economic Growth,market efficiency,measured,cattle; dairy; multiple,PDO indicators measure the increased volume of targeted livestock products sold by beneficiary households.,file:///home/oai/share/2024-06-06_PAD5422_niger-livestock-and-agriculture-modernization-project-lamp_english.pdf#:~:text=households%20%28,sold%20by%20beneficiary%20households,FALSE,p. 31–33,Results framework,,,,
P179276,World Bank,Niger,2024,PAD,outcome,People with enhanced resilience to climate risks,Resilience,climate resilience,measured,unspecified,PDO indicators include the number of people with enhanced resilience to climate risks and the share of women among them.,file:///home/oai/share/2024-06-06_PAD5422_niger-livestock-and-agriculture-modernization-project-lamp_english.pdf#:~:text=People%20with%20enhanced%20resilience%20to,number%29%20%20%E2%80%93,FALSE,p. 31–33,Results framework,,,,
P179276,World Bank,Niger,2024,PAD,outcome,People with strengthened food and nutrition security,Food Security & Nutrition,nutrition security,measured,unspecified,The PDO includes the number of people with strengthened food and nutrition security as a corporate scorecard indicator.,file:///home/oai/share/2024-06-06_PAD5422_niger-livestock-and-agriculture-modernization-project-lamp_english.pdf#:~:text=,PrDO%20indicator,FALSE,p. 31–33,Results framework,,,,
P179276,World Bank,Niger,2024,PAD,outcome,Farmers reached with agricultural assets or services,Sustainable Economic Growth,access to services,measured,unspecified,The results framework lists the number of farmers reached with agricultural assets or services as an intermediate indicator.,file:///home/oai/share/2024-06-06_PAD5422_niger-livestock-and-agriculture-modernization-project-lamp_english.pdf#:~:text=Baseline%20Closing%20Period%20Component%201%3A,Number,FALSE,p. 31–33,Results framework,,,,
P179276,World Bank,Niger,2024,PAD,outcome,Land area under sustainable landscape management practices,Environmental Sustainability,land area,measured,unspecified,Intermediate indicators include the land area under sustainable landscape management practices.,file:///home/oai/share/2024-06-06_PAD5422_niger-livestock-and-agriculture-modernization-project-lamp_english.pdf#:~:text=Land%20area%20under%20sustainable%20landscape,Ha,FALSE,p. 31–33,Results framework,,,,
P179276,World Bank,Niger,2024,PAD,outcome,Farmers adopting good animal husbandry practices,Sustainable Economic Growth,adoption of practices,measured,cattle; dairy; small ruminants; poultry,Intermediate indicators track the number of farmers adopting good animal husbandry practices introduced by the project.,file:///home/oai/share/2024-06-06_PAD5422_niger-livestock-and-agriculture-modernization-project-lamp_english.pdf#:~:text=Sept%2F2029,FALSE,p. 31–33,Results framework,,,,,
P179276,World Bank,Niger,2024,PAD,outcome,Market infrastructure built or rehabilitated,Sustainable Economic Growth,infrastructure development,measured,unspecified,"The results framework includes the number of market infrastructures built or rehabilitated, with breakdowns for warehouses and temporary storage facilities for rice, cowpeas and onions.",file:///home/oai/share/2024-06-06_PAD5422_niger-livestock-and-agriculture-modernization-project-lamp_english.pdf#:~:text=Agriculture%20market%20infrastructures%20built%20or,Number,FALSE,p. 31–33,Results framework,,,,
P179276,World Bank,Niger,2024,PAD,outcome,Livestock market infrastructure built or rehabilitated,Sustainable Economic Growth,infrastructure development,measured,cattle; dairy,"Intermediate indicators report the number of livestock markets, milk collection centers and slaughterhouses built or rehabilitated by the project.",file:///home/oai/share/2024-06-06_PAD5422_niger-livestock-and-agriculture-modernization-project-lamp_english.pdf#:~:text=Livestock%20market%20infrastructure%20built%20or,Number,FALSE,p. 31–33,Results framework,,,,
P179276,World Bank,Niger,2024,PAD,outcome,Farmer and herder cooperatives linked to markets,Sustainable Economic Growth,market linkages,measured,unspecified,The project’s intermediate indicators include the number of farmer and herder cooperatives linked to markets.,file:///home/oai/share/2024-06-06_PAD5422_niger-livestock-and-agriculture-modernization-project-lamp_english.pdf#:~:text=Farmer%20and%20herder%20cooperatives%20linked,Number,FALSE,p. 31–33,Results framework,,,,
P179276,World Bank,Niger,2024,PAD,outcome,Women‑led firms with access to agriculture finance,Inclusivity & Women’s Empowerment,access to finance,measured,unspecified,"Intermediate indicators include the number of women‑led firms with increased access to agriculture finance, reflecting efforts to reduce gender gaps.",file:///home/oai/share/2024-06-06_PAD5422_niger-livestock-and-agriculture-modernization-project-lamp_english.pdf#:~:text=Women,Number,FALSE,p. 31–33,Results framework,,,,
P179276,World Bank,Niger,2024,PAD,outcome,Sub‑projects financed and loans leveraged,Sustainable Economic Growth,access to finance,measured,unspecified,Intermediate indicators report the number of sub‑projects financed and the amount of loans extended to the agriculture sector through the project’s credit enhancement grants and guarantees.,file:///home/oai/share/2024-06-06_PAD5422_niger-livestock-and-agriculture-modernization-project-lamp_english.pdf#:~:text=Number%20of%20sub,Number,FALSE,p. 31–33,Results framework,,,,
P164967,World Bank,Senegal,2020,PAD,objective,Program Development Objective,,,,multiple,The PAD states that the Program Development Objective is to enhance productivity and market access of priority commodity value chains and livestock in the Extended Groundnut Basin and agro‑pastoral areas.,file:///home/oai/share/2020-04-21_PAD3651_senegal-agriculture-and-livestock-competitiveness-program-for-results-project_english.pdf#:~:text=The%20Program%20Development%20Objective%20is,Pastoral%20Areas7.%2027,FALSE,p. 26,PDO statement,,,,
P164967,World Bank,Senegal,2020,PAD,intervention,Strengthen seed systems and smart subsidies,"Crop Management, Technology & R&D",,,unspecified,"The PAD describes results area 1 interventions that strengthen seed systems and implement digital smart subsidies for seeds, fertilizer and mechanization, coupled with advisory services to increase crop productivity.",file:///home/oai/share/2020-04-21_PAD3651_senegal-agriculture-and-livestock-competitiveness-program-for-results-project_english.pdf,FALSE,p. 73–86,Program description,,,,,
P164967,World Bank,Senegal,2020,PAD,intervention,Climate risk management and small‑scale water infrastructure,Rural/Public Infrastructure,,,multiple,"The PAD notes that climate risk management measures include small‑scale water infrastructure for integrated rainfed crop–livestock production, adoption of climate‑smart practices, integrated soil fertility and water management, and diversification of crop and livestock systems.",file:///home/oai/share/2020-04-21_PAD3651_senegal-agriculture-and-livestock-competitiveness-program-for-results-project_english.pdf#:~:text=security,Achieving%20this%20target%20will%20require,FALSE,p. 73–86,Program description,,,,
P164967,World Bank,Senegal,2020,PAD,intervention,"Improve animal health, genetics and feed",Livestock Management & Technologies,,,small ruminants; poultry; dairy,"The PAD lists livestock interventions such as implementing the PPR eradication strategy, vaccinating against Newcastle disease and fowlpox, updating the Animal Health Code, increasing forage production, improving dairy genetics, introducing improved housing and herd management practices and strengthening veterinary services.",file:///home/oai/share/2020-04-21_PAD3651_senegal-agriculture-and-livestock-competitiveness-program-for-results-project_english.pdf#:~:text=security,Achieving%20this%20target%20will%20require,FALSE,p. 73–86,Program description,,,,
P164967,World Bank,Senegal,2020,PAD,intervention,Diversification and high‑value crops with small irrigation,"Crop Management, Technology & R&D",,,unspecified,"Results area 1 includes diversification into tree crops and horticulture, supported by small‑scale water retention and irrigation. It also mentions a cash transfer program to support vulnerable households.",file:///home/oai/share/2020-04-21_PAD3651_senegal-agriculture-and-livestock-competitiveness-program-for-results-project_english.pdf,FALSE,p. 73–86,Program description,,,,,
P164967,World Bank,Senegal,2020,PAD,intervention,Groundnut sector reforms and value chain governance,Policy & Regulatory,,,unspecified,"The PAD details reforms in the groundnut sector: revising groundnut regulation and pricing systems, liberalizing marketing, restructuring the inter‑profession, improving aflatoxin control and quality management, and promoting contract farming.",file:///home/oai/share/2020-04-21_PAD3651_senegal-agriculture-and-livestock-competitiveness-program-for-results-project_english.pdf#:~:text=c%29%20Reinforcing%20agri,maize%20for%20animal%20feed%2C%20and,FALSE,p. 73–86,Program description,,,,
P164967,World Bank,Senegal,2020,PAD,intervention,Invest in market infrastructure and logistics,Food Processing & Storage,,,multiple,"Results area 2 focuses on market access, including investments in storage and processing facilities, feeder roads, milk collection centers, livestock markets and value chain logistics. It also promotes private investment, agricultural insurance and a warehouse receipt system.",file:///home/oai/share/2020-04-21_PAD3651_senegal-agriculture-and-livestock-competitiveness-program-for-results-project_english.pdf#:~:text=started%20with%20IFC%E2%80%99s%20support%20to,policy%20and%20creates%20a%20Higher,FALSE,p. 73–86,Program description,,,,
P164967,World Bank,Senegal,2020,PAD,intervention,Strengthen sector governance and advisory bodies,Policy & Regulatory,,,unspecified,"Results area 3 supports implementation of LOASP and CSOASP, establishment of regional agro‑sylvo‑pastoral committees (CRASPs), strengthening agricultural statistics and sector data, and improving agricultural extension and advisory services.",file:///home/oai/share/2020-04-21_PAD3651_senegal-agriculture-and-livestock-competitiveness-program-for-results-project_english.pdf#:~:text=started%20with%20IFC%E2%80%99s%20support%20to,policy%20and%20creates%20a%20Higher,FALSE,p. 73–86,Program description,,,,
P164967,World Bank,Senegal,2020,PAD,outcome,Yield increase of groundnut,Sustainable Economic Growth,productivity,measured,unspecified,PDO indicators include the yield increase of groundnuts as a measure of enhanced productivity.,file:///home/oai/share/2020-04-21_PAD3651_senegal-agriculture-and-livestock-competitiveness-program-for-results-project_english.pdf#:~:text=The%20PDO%20results%20indicators%20measure%3A,increase%20in%20dairy%20farming,FALSE,p. 26–27,PDO indicators,,,,
P164967,World Bank,Senegal,2020,PAD,outcome,Increase in shelled groundnut exports,Sustainable Economic Growth,market efficiency,measured,unspecified,PDO indicators measure the increase in exports of shelled groundnuts.,file:///home/oai/share/2020-04-21_PAD3651_senegal-agriculture-and-livestock-competitiveness-program-for-results-project_english.pdf#:~:text=The%20PDO%20results%20indicators%20measure%3A,increase%20in%20dairy%20farming,FALSE,p. 26–27,PDO indicators,,,,
P164967,World Bank,Senegal,2020,PAD,outcome,Decrease in mortality of small ruminants,Resilience,disease control,measured,small ruminants,"PDO indicators include a decrease in the mortality rate of small ruminants, reflecting improved animal health.",file:///home/oai/share/2020-04-21_PAD3651_senegal-agriculture-and-livestock-competitiveness-program-for-results-project_english.pdf#:~:text=The%20PDO%20results%20indicators%20measure%3A,increase%20in%20dairy%20farming,FALSE,p. 26–27,PDO indicators,,,,
P164967,World Bank,Senegal,2020,PAD,outcome,Increase in dairy farming productivity,Sustainable Economic Growth,productivity,measured,dairy,PDO indicators include an increase in dairy farming productivity.,file:///home/oai/share/2020-04-21_PAD3651_senegal-agriculture-and-livestock-competitiveness-program-for-results-project_english.pdf#:~:text=The%20PDO%20results%20indicators%20measure%3A,farmers%20reached%20with%20agricultural,FALSE,p. 26–27,PDO indicators,,,,
P164967,World Bank,Senegal,2020,PAD,outcome,Increase in volume of milk commercialized,Sustainable Economic Growth,market efficiency,measured,dairy,PDO indicators include an increase in the volume of milk commercialized as a measure of improved market access.,file:///home/oai/share/2020-04-21_PAD3651_senegal-agriculture-and-livestock-competitiveness-program-for-results-project_english.pdf#:~:text=increase%20in%20dairy%20farming%20productivity%3B,with%20agricultural%20assets%20and%20services,FALSE,p. 26–27,PDO indicators,,,,
P164967,World Bank,Senegal,2020,PAD,outcome,Farmers reached with agricultural assets and services,Sustainable Economic Growth,access to services,measured,multiple,PDO indicators include the number of farmers reached with agricultural assets and services.,file:///home/oai/share/2020-04-21_PAD3651_senegal-agriculture-and-livestock-competitiveness-program-for-results-project_english.pdf#:~:text=increase%20in%20dairy%20farming%20productivity%3B,with%20agricultural%20assets%20and%20services,FALSE,p. 26–27,PDO indicators,,,,
P164967_PID,World Bank,Senegal,2020,PID,objective,Program Development Objective,,,,multiple,The PID states that the project development objective is to enhance productivity and market access of priority commodity value chains and livestock in the extended groundnut basin and agro‑pastoral areas.,file:///home/oai/share/2020-03-20_PIDA208636_appraisal-stage-program-information-document-pid-agriculture-and-livestock-competitiveness-program-for-results-p164967_english.pdf#:~:text=The%20Project%20Development%20Objective%20is,pastoral%20areas,FALSE,p. 2,Basic data,,,,
P164967_PID,World Bank,Senegal,2020,PID,intervention,Integrated crop and livestock development with climate‑smart practices,"Crop Management, Technology & R&D",,,multiple,"The PID notes that the program pursues integrated crop–livestock development, climate‑smart practices, diversification, irrigation development, improved seeds and advisory services.",file:///home/oai/share/2020-03-20_PIDA208636_appraisal-stage-program-information-document-pid-agriculture-and-livestock-competitiveness-program-for-results-p164967_english.pdf,FALSE,p. 6,Project summary,,,,,
P164967_PID,World Bank,Senegal,2020,PID,outcome,Yield increase of groundnut,Sustainable Economic Growth,productivity,intended,unspecified,The PID lists the yield increase of groundnuts as a results indicator.,file:///home/oai/share/2020-03-20_PIDA208636_appraisal-stage-program-information-document-pid-agriculture-and-livestock-competitiveness-program-for-results-p164967_english.pdf#:~:text=15,pastoral%20areas,FALSE,p. 7,Results indicators,,,,
P164967_PID,World Bank,Senegal,2020,PID,outcome,Increase in production of selected livestock products,Sustainable Economic Growth,productivity,intended,small ruminants; dairy,The PID indicates that one of the results indicators is the increase in production of selected livestock products.,file:///home/oai/share/2020-03-20_PIDA208636_appraisal-stage-program-information-document-pid-agriculture-and-livestock-competitiveness-program-for-results-p164967_english.pdf#:~:text=15,pastoral%20areas,FALSE,p. 7,Results indicators,,,,
P164967_PID,World Bank,Senegal,2020,PID,outcome,Increase in exports of high‑value crops,Sustainable Economic Growth,market efficiency,intended,unspecified,The PID specifies that an indicator is the increase in exports of high‑value crops.,file:///home/oai/share/2020-03-20_PIDA208636_appraisal-stage-program-information-document-pid-agriculture-and-livestock-competitiveness-program-for-results-p164967_english.pdf#:~:text=15,pastoral%20areas,FALSE,p. 7,Results indicators,,,,
P164967_PID,World Bank,Senegal,2020,PID,outcome,Farmers and herders reached with assets and services,Sustainable Economic Growth,access to services,intended,multiple,The PID lists the number of farmers and herders reached with agricultural assets and services as a results indicator.,file:///home/oai/share/2020-03-20_PIDA208636_appraisal-stage-program-information-document-pid-agriculture-and-livestock-competitiveness-program-for-results-p164967_english.pdf#:~:text=15,pastoral%20areas,FALSE,p. 7,Results indicators,,,,
P170213,World Bank,South Africa,2021,PAD,objective,Project Development Objective,,,,unspecified,The PAD states that the project development objective is to increase investment in three target protected area landscapes to grow the biodiversity economy and benefits to local communities.,file:///home/oai/share/2021-06-17_PAD3537_south-africa-catalyzing-financing-and-capacity-for-the-biodiversity-economy-around-protected-areas-project_english.pdf#:~:text=The%20Project%20Development%20Objective%20is,PDO%20Level%20Indicators,FALSE,p. 14,PDO statement,,,,
P170213,World Bank,South Africa,2021,PAD,intervention,Multi‑stakeholder coordination and master planning,Policy & Regulatory,,,unspecified,"The PAD explains that sub‑component 1.1 will bring stakeholders together to develop a shared vision for biodiversity economy nodes, coordinate actions, conduct feasibility studies and integrate master plans into municipal and spatial planning to align investments.",file:///home/oai/share/2021-06-17_PAD3537_south-africa-catalyzing-financing-and-capacity-for-the-biodiversity-economy-around-protected-areas-project_english.pdf#:~:text=Subcomponent%201.1%20%28US%242%2C697%2C781%29%20Support%20multi,land%20use%20and%20economic%20developmentfile:///home/oai/share/2021-06-17_PAD3537_south-africa-catalyzing-financing-and-capacity-for-the-biodiversity-economy-around-protected-areas-project_english.pdf#:~:text=platforms%20to%20develop%20and%2For%20strengthen,land%20use%20and%20economic%20development,FALSE,p. 15–17,Components,,,
P170213,World Bank,South Africa,2021,PAD,intervention,SMME support and mentorship,Markets & Finance,,,unspecified,"The project supports SMMEs by offering training, mentorship, and small grants to help them start or expand operations, emphasizing support for women‑led businesses and job opportunities for women and youth.",file:///home/oai/share/2021-06-17_PAD3537_south-africa-catalyzing-financing-and-capacity-for-the-biodiversity-economy-around-protected-areas-project_english.pdf#:~:text=development,and%20grant%20funding%20will%20be,FALSE,p. 15–17,Components,,,,
P170213,World Bank,South Africa,2021,PAD,intervention,Strengthen governance and community benefit sharing,Policy & Regulatory,,,unspecified,The PAD notes that sub‑component 1.3 will strengthen governance capacity and ownership models to ensure equitable benefit sharing through community equity ownership and leadership training with a focus on women.,file:///home/oai/share/2021-06-17_PAD3537_south-africa-catalyzing-financing-and-capacity-for-the-biodiversity-economy-around-protected-areas-project_english.pdf#:~:text=development,and%20grant%20funding%20will%20be,FALSE,p. 15–17,Components,,,,
P170213,World Bank,South Africa,2021,PAD,intervention,Community stewardship and expansion of protected areas,Ecosystem Services,,,unspecified,"The project will support community stewardship agreements to expand wildlife habitat, provide technical assistance for land management and restoration and develop capacity through training youth community monitors.",file:///home/oai/share/2021-06-17_PAD3537_south-africa-catalyzing-financing-and-capacity-for-the-biodiversity-economy-around-protected-areas-project_english.pdf#:~:text=The%20conservation%20agency%20ensures%20that,owning,FALSE,p. 15–17,Components,,,,
P170213,World Bank,South Africa,2021,PAD,intervention,Knowledge exchange and replication,Advisory and Extension,,,unspecified,Component 2 will capture lessons from the project sites and facilitate knowledge exchange across biodiversity economy nodes and within regional and global forums to replicate successful approaches.,file:///home/oai/share/2021-06-17_PAD3537_south-africa-catalyzing-financing-and-capacity-for-the-biodiversity-economy-around-protected-areas-project_english.pdf#:~:text=The%20conservation%20agency%20ensures%20that,owning,FALSE,p. 15–17,Components,,,,
P170213,World Bank,South Africa,2021,PAD,outcome,Land area under improved practices,Environmental Sustainability,land area,measured,unspecified,PDO outcome indicators include the area of landscapes under improved practices measured in hectares.,file:///home/oai/share/2021-06-17_PAD3537_south-africa-catalyzing-financing-and-capacity-for-the-biodiversity-economy-around-protected-areas-project_english.pdf#:~:text=The%20project%20performance%20toward%20the,Biodiversity%20Economy%20nodes%20supported%20to,FALSE,p. 40–43,Results framework,,,,
P170213,World Bank,South Africa,2021,PAD,outcome,Public and private resources leveraged,Sustainable Economic Growth,resource mobilization,measured,unspecified,PDO indicators include the volume of public and private sector resources leveraged for the wildlife sector.,file:///home/oai/share/2021-06-17_PAD3537_south-africa-catalyzing-financing-and-capacity-for-the-biodiversity-economy-around-protected-areas-project_english.pdf#:~:text=a,Biodiversity%20Economy%20nodes%20supported%20to,FALSE,p. 40–43,Results framework,,,,
P170213,World Bank,South Africa,2021,PAD,outcome,SMME businesses supported,Sustainable Economic Growth,employment and enterprise growth,measured,unspecified,PDO indicators include the number of SMME businesses in biodiversity economy nodes supported to start or expand operations.,file:///home/oai/share/2021-06-17_PAD3537_south-africa-catalyzing-financing-and-capacity-for-the-biodiversity-economy-around-protected-areas-project_english.pdf#:~:text=sector%3B%20c,of%20beneficiaries%20disaggregated%20by%20gender,FALSE,p. 40–43,Results framework,,,,
P170213,World Bank,South Africa,2021,PAD,outcome,Beneficiaries disaggregated by gender,Inclusivity & Women’s Empowerment,gender inclusion,measured,unspecified,"PDO indicators include the number of beneficiaries, disaggregated by gender, benefitting from biodiversity economy interventions.",file:///home/oai/share/2021-06-17_PAD3537_south-africa-catalyzing-financing-and-capacity-for-the-biodiversity-economy-around-protected-areas-project_english.pdf#:~:text=sector%3B%20c,of%20beneficiaries%20disaggregated%20by%20gender,FALSE,p. 40–43,Results framework,,,,
P170213,World Bank,South Africa,2021,PAD,outcome,Hectares assessed as potential expansion land,Environmental Sustainability,land assessment,measured,unspecified,The results framework includes an intermediate indicator for hectares assessed as potential expansion land in the project nodes.,file:///home/oai/share/2021-06-17_PAD3537_south-africa-catalyzing-financing-and-capacity-for-the-biodiversity-economy-around-protected-areas-project_english.pdf#:~:text=Project%20Development%20Objective%20Indicators,FALSE,p. 40–43,Results framework,,,,,
P170213,World Bank,South Africa,2021,PAD,outcome,Micro business operators reached and female share,Inclusivity & Women’s Empowerment,enterprise support,measured,unspecified,The results framework measures micro‑business operators reached and the proportion of beneficiaries who are women.,file:///home/oai/share/2021-06-17_PAD3537_south-africa-catalyzing-financing-and-capacity-for-the-biodiversity-economy-around-protected-areas-project_english.pdf#:~:text=Project%20Development%20Objective%20Indicators,FALSE,p. 40–43,Results framework,,,,,
P170213,World Bank,South Africa,2021,PAD,outcome,Community governance members trained,Inclusivity & Women’s Empowerment,leadership training,measured,unspecified,Intermediate indicators record the number of community governance members (including women) who receive leadership training.,file:///home/oai/share/2021-06-17_PAD3537_south-africa-catalyzing-financing-and-capacity-for-the-biodiversity-economy-around-protected-areas-project_english.pdf#:~:text=Project%20Development%20Objective%20Indicators,FALSE,p. 40–43,Results framework,,,,,
P170213,World Bank,South Africa,2021,PAD,outcome,Stakeholders participating in consultations,Inclusivity & Women’s Empowerment,participation and grievance resolution,measured,unspecified,The results framework tracks the number of stakeholders participating in consultation processes and the percentage of grievances resolved within the required timeframe.,file:///home/oai/share/2021-06-17_PAD3537_south-africa-catalyzing-financing-and-capacity-for-the-biodiversity-economy-around-protected-areas-project_english.pdf#:~:text=Project%20Development%20Objective%20Indicators,FALSE,p. 40–43,Results framework,,,,,
P170213,World Bank,South Africa,2021,PAD,outcome,Community satisfaction with project results,Sustainable Economic Growth,community satisfaction,measured,unspecified,An indicator measures the percentage of targeted community members satisfied with project results.,file:///home/oai/share/2021-06-17_PAD3537_south-africa-catalyzing-financing-and-capacity-for-the-biodiversity-economy-around-protected-areas-project_english.pdf#:~:text=Project%20Development%20Objective%20Indicators,FALSE,p. 40–43,Results framework,,,,,
P174097,World Bank,South Africa,2021,PAD,objective,Project Development Objective,,,,black rhino,The PAD states that the objective of the project is to increase black rhino populations in target protected areas in South Africa.,file:///home/oai/share/2021-08-16_PAD4055_south-africa-south-african-national-parks-and-the-eastern-cape-parks-and-tourism-agency-wildlife-conservation-bond-opera_english.pdf#:~:text=A,protected%20areas%20in%20South%20Africa,FALSE,p. 13,PDO statement,,,,
P174097,World Bank,South Africa,2021,PAD,intervention,Expand habitat and improve water and security infrastructure at Addo Elephant National Park,Ecosystem Services,,,black rhino,"The PAD describes investments at Addo Elephant National Park, including translocating rhinos to expand their habitat, constructing boreholes and water points, fencing new sections, upgrading rhino bomas and enhancing security through control rooms, fences, access control, vehicles, communications equipment and training.",file:///home/oai/share/2021-08-16_PAD4055_south-africa-south-african-national-parks-and-the-eastern-cape-parks-and-tourism-agency-wildlife-conservation-bond-opera_english.pdf#:~:text=A,protected%20areas%20in%20South%20Africafile:///home/oai/share/2021-08-16_PAD4055_south-africa-south-african-national-parks-and-the-eastern-cape-parks-and-tourism-agency-wildlife-conservation-bond-opera_english.pdf#:~:text=incursions%29,and%20indirectly%20from%20project%20investments,FALSE,p. 13–20,Components,,,
P174097,World Bank,South Africa,2021,PAD,intervention,Secure and manage rhino populations at Great Fish River Nature Reserve,Ecosystem Services,,,black rhino,"The project will relocate rhinos within the Great Fish River Nature Reserve, improve water management through water points and dam removal, maintain infrastructure and strengthen security with control rooms, communication networks, fences and training of security staff.",file:///home/oai/share/2021-08-16_PAD4055_south-africa-south-african-national-parks-and-the-eastern-cape-parks-and-tourism-agency-wildlife-conservation-bond-opera_english.pdf,FALSE,p. 13–20,Components,,,,,
P174097,World Bank,South Africa,2021,PAD,intervention,National and regional enabling conditions for rhino conservation,Policy & Regulatory,,,black rhino,"The PAD notes that Component 2 strengthens national and regional enabling conditions by coordinating security and research, integrating work plans and budgets, hiring a law enforcement advisor, sharing lessons and conducting research to achieve rhino population growth.",file:///home/oai/share/2021-08-16_PAD4055_south-africa-south-african-national-parks-and-the-eastern-cape-parks-and-tourism-agency-wildlife-conservation-bond-opera_english.pdf,FALSE,p. 13–20,Components,,,,,
P174097,World Bank,South Africa,2021,PAD,outcome,Increase in black rhino populations (CAGR),Environmental Sustainability,biodiversity conservation,measured,black rhino,PDO‑level indicators include the percent increase of black rhino populations in the target sites (compound annual growth rate).,file:///home/oai/share/2021-08-16_PAD4055_south-africa-south-african-national-parks-and-the-eastern-cape-parks-and-tourism-agency-wildlife-conservation-bond-opera_english.pdf#:~:text=20,protected%20areas%20in%20South%20Africa,FALSE,p. 40–45,Results framework,,,,
P174097,World Bank,South Africa,2021,PAD,outcome,Area under improved management,Environmental Sustainability,land area,measured,black rhino,The results framework measures the area under improved management by site as an indicator of enhanced conservation management.,file:///home/oai/share/2021-08-16_PAD4055_south-africa-south-african-national-parks-and-the-eastern-cape-parks-and-tourism-agency-wildlife-conservation-bond-opera_english.pdf#:~:text=Project%20Development%20Objectives,protected%20areas%20in%20South%20Africa,FALSE,p. 40–45,Results framework,,,,
P174097,World Bank,South Africa,2021,PAD,outcome,Beneficiaries of conservation services,Inclusivity & Women’s Empowerment,beneficiary inclusion,measured,black rhino,"The results framework includes the number of direct and indirect beneficiaries of conservation services, disaggregated by gender.",file:///home/oai/share/2021-08-16_PAD4055_south-africa-south-african-national-parks-and-the-eastern-cape-parks-and-tourism-agency-wildlife-conservation-bond-opera_english.pdf#:~:text=Project%20Development%20Objectives,protected%20areas%20in%20South%20Africa,FALSE,p. 40–45,Results framework,,,,
P174097,World Bank,South Africa,2021,PAD,outcome,Rhino mortality rate,Environmental Sustainability,biodiversity conservation,measured,black rhino,"Intermediate indicators include the annual mortality rate of rhinos, reflecting improved protection.",file:///home/oai/share/2021-08-16_PAD4055_south-africa-south-african-national-parks-and-the-eastern-cape-parks-and-tourism-agency-wildlife-conservation-bond-opera_english.pdf#:~:text=Project%20Development%20Objectives,protected%20areas%20in%20South%20Africa,FALSE,p. 40–45,Results framework,,,,
P174097,World Bank,South Africa,2021,PAD,outcome,Rangers per square kilometre,Environmental Sustainability,conservation management,measured,black rhino,The results framework records the number of rangers per square kilometre as an indicator of security and management capacity.,file:///home/oai/share/2021-08-16_PAD4055_south-africa-south-african-national-parks-and-the-eastern-cape-parks-and-tourism-agency-wildlife-conservation-bond-opera_english.pdf#:~:text=Project%20Development%20Objectives,protected%20areas%20in%20South%20Africa,FALSE,p. 40–45,Results framework,,,,
P163081,World Bank,Haiti,2017,PID,objective,"Reinforce capacity of Ministry of Agriculture and increase market access, improve livelihoods and enable emergency response",,,,,"The proposed development objective is to reinforce the capacity of the Ministry of Agriculture, Natural Resources and Rural Development to provide or facilitate access to services in the agricultural sector; increase market access to small producers and food security in selected areas; improve livelihood in areas affected by Hurricane Matthew; and enable the Government to respond promptly and effectively to an eligible emergency.",file:///home/oai/share/2017-05-06_PIDA115041_appraisal-project-information-document-integrated-safeguards-data-sheet-relaunching-agriculture-strengthening-agricultur_english.pdf#:~:text=The%20new%20proposed%20PDO%20is%3A,effectively%20to%20an%20eligible%20emergency,FALSE,FALSE,p. 3,Datasheet,,,
P163081,World Bank,Haiti,2017,PID,intervention,Scale up voucher schemes and matching grants for agricultural inputs,Markets & Finance,,,multiple,"The existing voucher schemes and matching grants will be scaled up to reach 7,000 additional beneficiaries in the selected areas.",file:///home/oai/share/2017-05-06_PIDA115041_appraisal-project-information-document-integrated-safeguards-data-sheet-relaunching-agriculture-strengthening-agricultur_english.pdf#:~:text=The%20activities%20planned%20under%20the,catchment%20protection,FALSE,FALSE,p. 7,Component 2,,,
P163081,World Bank,Haiti,2017,PID,intervention,"Animal husbandry support with training, forage, enclosures and beekeeping",Livestock Management & Technologies,,,small ruminants; bees,"The new Animal Husbandry subcomponent will support about 6,000 households, providing training, forage production, construction of goat enclosures, and provision of beehives and protective equipment for beekeeping.",file:///home/oai/share/2017-05-06_PIDA115041_appraisal-project-information-document-integrated-safeguards-data-sheet-relaunching-agriculture-strengthening-agricultur_english.pdf#:~:text=The%20MARNDR%20will%20make%20minor,and%20manage%20the%20potential%20adverse,FALSE,FALSE,p. 15,Component 2,,,
P163081,World Bank,Haiti,2017,PID,intervention,Irrigation rehabilitation and micro‑catchment protection,Rural/Public Infrastructure,,,multiple,"The Irrigation Rehabilitation and micro‑catchment protection subcomponent will rehabilitate small-scale canals, river embankments, drains, and protect micro catchments through cash-for-work civil works.",file:///home/oai/share/2017-05-06_PIDA115041_appraisal-project-information-document-integrated-safeguards-data-sheet-relaunching-agriculture-strengthening-agricultur_english.pdf#:~:text=%28ii%29%20Irrigation%20Rehabilitation%20and%20Micro,cement%2C%20metal%20and%20timber,FALSE,FALSE,p. 16,Component 2,,,
P163081,World Bank,Haiti,2017,PID,outcome,Households supported and female beneficiaries,Sustainable Economic Growth,Income amount per capita,Measured,multiple,"The project will support 41,000 Hurricane Matthew-affected households and increase total beneficiaries to 60,000, with at least 40% women.",file:///home/oai/share/2017-05-06_PIDA115041_appraisal-project-information-document-integrated-safeguards-data-sheet-relaunching-agriculture-strengthening-agricultur_english.pdf#:~:text=Key%20Results%20The%20proposed%20AF,of%20female.,FALSE,FALSE,p. 4,Results,,,
P163081,World Bank,Haiti,2017,PID,outcome,Rehabilitation of irrigation area and restocking of animals,Resilience,Resilience,Intended,small ruminants,"Emergency assistance will rehabilitate irrigation infrastructure across 3,500 hectares and restock small animals for approximately 6,000 poor households.",file:///home/oai/share/2017-05-06_PIDA115041_appraisal-project-information-document-integrated-safeguards-data-sheet-relaunching-agriculture-strengthening-agricultur_english.pdf#:~:text=production%3B%20and%20to%20increase%20the,programs%20and%20larger%20infrastructure%20civil,FALSE,FALSE,p. 5,Components,,,
P167767,World Bank,Honduras,2019,PID,objective,Promote socio-economic productive activities to improve livelihoods of Miskito indigenous peoples,,,,,The project development objective is to promote socio-economic productive activities to improve the livelihoods of Miskito indigenous peoples in selected territories.,file:///home/oai/share/2019-03-11_PIDC160139_project-information-document-pid-improving-the-livelihoods-of-miskito-indigenous-peoples-in-la-moskitia-p167767_english.pdf#:~:text=C,indigenous%20peoples%20in%20selected%20territories,FALSE,FALSE,p. 3,Datasheet,,,
P167767,World Bank,Honduras,2019,PID,intervention,"Matching grants for mixed agriculture, poultry and fishery activities",Markets & Finance,,,poultry; aquaculture; multiple,"Component 1 provides matching grants to finance community-level subprojects promoting productive activities such as mixed agriculture (beans, rice, tomatoes), poultry farming and artisanal fishing equipment, with training and technical assistance.",file:///home/oai/share/2019-03-11_PIDC160139_project-information-document-pid-improving-the-livelihoods-of-miskito-indigenous-peoples-in-la-moskitia-p167767_english.pdf,FALSE,FALSE,p. 8,Component 1,,,,
P167767,World Bank,Honduras,2019,PID,intervention,Community consultation and capacity building,Advisory and Extension,,,multiple,"Component 2 focuses on consultation, participation and outreach, providing continuous training and technical assistance to empower communities under a community-driven development approach.",file:///home/oai/share/2019-03-11_PIDC160139_project-information-document-pid-improving-the-livelihoods-of-miskito-indigenous-peoples-in-la-moskitia-p167767_english.pdf#:~:text=Component%202%3A%20Consultation%2C%20Participation%20and,participation%20and%20outreach%20activities%20to,FALSE,FALSE,p. 9,Component 2,,,
P167767,World Bank,Honduras,2019,PID,outcome,Increased income and reduced production costs for beneficiaries,Sustainable Economic Growth,Income amount per capita,Intended,poultry; aquaculture; multiple,Key results indicators target increasing income for 60% of beneficiaries by 20% and reducing production costs for 60% of beneficiaries by 20%.,file:///home/oai/share/2019-03-11_PIDC160139_project-information-document-pid-improving-the-livelihoods-of-miskito-indigenous-peoples-in-la-moskitia-p167767_english.pdf,FALSE,FALSE,p. 10,Key Results,,,,
P167767,World Bank,Honduras,2019,PID,outcome,Increased productivity and number of beneficiaries adopting technologies,Sustainable Economic Growth,Productivity,Intended,poultry; aquaculture; multiple,"The project aims for 60% of beneficiaries to increase productivity and tracks adoption of lower-cost technologies and implementation of business plans, with a target of 900 direct beneficiaries (40% women).",file:///home/oai/share/2019-03-11_PIDC160139_project-information-document-pid-improving-the-livelihoods-of-miskito-indigenous-peoples-in-la-moskitia-p167767_english.pdffile:///home/oai/share/2019-03-11_PIDC160139_project-information-document-pid-improving-the-livelihoods-of-miskito-indigenous-peoples-in-la-moskitia-p167767_english.pdf#:~:text=Component%201%20and%202%3A%20%EF%82%B7Percentage,of%20the%20beneficiaries%20individually%20apply,FALSE,FALSE,p. 10-11,Key Results; Component 1,,,
P158522,World Bank,India,2017,PAD,objective,Enhance productivity and climate resilience of irrigated agriculture and improve water management and market opportunities,,,,,"The Project Development Objective is to enhance productivity and climate resilience of irrigated agriculture, improve water management, and increase market opportunities for farmers and agro-entrepreneurs in selected sub-basin areas of Tamil Nadu.",file:///home/oai/share/2017-11-08_PAD1947_india-tamil-nadu-irrigated-agriculture-modernization-project_english.pdf#:~:text=The%20Project%20Development%20Objective%20,basin%20areas%20of%20Tamil%20Nadu,FALSE,FALSE,p. 6,Datasheet,,,
P158522,World Bank,India,2017,PAD,intervention,Institutional strengthening for water resource management,Policy & Regulatory,,,multiple,"Subcomponent A.1 provides technical assistance to strengthen water resources institutions, including data collection, modern ICT tools, and establishment of an e-WRD app.",file:///home/oai/share/2017-11-08_PAD1947_india-tamil-nadu-irrigated-agriculture-modernization-project_english.pdf#:~:text=Subcomponent%20A,sectoral%20investments%20in%20this%20project,FALSE,FALSE,p. 34,Component A,,,
P158522,World Bank,India,2017,PAD,intervention,Irrigation systems modernization and on-farm development,Rural/Public Infrastructure,,,multiple,"Subcomponent A.2 rehabilitates and modernizes 4,800 tanks and 477 anicuts, improves water delivery, constructs on-farm development works and groundwater recharge structures.",file:///home/oai/share/2017-11-08_PAD1947_india-tamil-nadu-irrigated-agriculture-modernization-project_english.pdf#:~:text=Subcomponent%20A,tanks,FALSE,FALSE,p. 34-35,Component A,,,
P158522,World Bank,India,2017,PAD,intervention,Participatory irrigation management through Water User Associations,Advisory and Extension,,,multiple,"Subcomponent A.3 creates and supports 3,200 Water User Associations, provides training for operation and maintenance, and fosters participatory irrigation management.",file:///home/oai/share/2017-11-08_PAD1947_india-tamil-nadu-irrigated-agriculture-modernization-project_english.pdf#:~:text=Subcomponent%20A,involvement%20in%20the,FALSE,FALSE,p. 35,Component A,,,
P158522,World Bank,India,2017,PAD,intervention,Climate-resilient crop production and diversification,"Crop Management, Technology, R&D",,,multiple,"Subcomponent B.1 promotes climate-resilient and sustainable crop production systems by scaling resource-conservation technologies such as micro irrigation, System of Rice Intensification and System of Sugarcane Intensification, integrated soil fertility and pest management, and diversification into high-value crops.",file:///home/oai/share/2017-11-08_PAD1947_india-tamil-nadu-irrigated-agriculture-modernization-project_english.pdf#:~:text=Subcomponent%20B,on,FALSE,FALSE,p. 37,Component B,,,
P158522,World Bank,India,2017,PAD,intervention,Livestock and inland fisheries improvement,Livestock Management & Technologies,,,dairy; aquaculture,"Subcomponent B.2 aims to improve dairy productivity through sustainable husbandry technologies, strengthen breeding programs and artificial insemination networks, expand fodder development and disease surveillance; it also modernizes inland fisheries with improved feed, fish seed, cage culture and value chain support.",file:///home/oai/share/2017-11-08_PAD1947_india-tamil-nadu-irrigated-agriculture-modernization-project_english.pdf#:~:text=This%20subcomponent%20aims%20to%20diversify,Thefile:///home/oai/share/2017-11-08_PAD1947_india-tamil-nadu-irrigated-agriculture-modernization-project_english.pdf#:~:text=Fisheries%20interventions%20will%20aim%20at,the%20establishment%20of%20fish%20kiosks,FALSE,FALSE,p. 38-39,Component B,,
P158522,World Bank,India,2017,PAD,intervention,"Agriculture marketing, value addition and FPO support",Markets & Finance,,,multiple,"Subcomponent B.3 supports the formation of commodity groups and Farmer Producer Organizations, builds post-harvest infrastructure, provides grants and training for marketing and value addition, and modernizes agricultural markets.",file:///home/oai/share/2017-11-08_PAD1947_india-tamil-nadu-irrigated-agriculture-modernization-project_english.pdf#:~:text=Subcomponent%20B,an%20estimated%2045%2C000%20FPO%20members,FALSE,FALSE,p. 39-40,Component B,,,
P158522,World Bank,India,2017,PAD,outcome,Improved irrigation area and adoption of climate-resilient technologies,Sustainable Economic Growth,Productivity,Measured,multiple,"PDO-level indicators track area with improved irrigation or drainage services, area under climate-resilient technologies, and increase in yields of rice, maize, pulses, vegetables and banana in selected sub-basin areas.",file:///home/oai/share/2017-11-08_PAD1947_india-tamil-nadu-irrigated-agriculture-modernization-project_english.pdf#:~:text=Project%20Development%20Objectives%20,Project%20Development%20Objective%20Indicators,FALSE,FALSE,Annex results,Results Framework,,,
P158522,World Bank,India,2017,PAD,outcome,Increased farmer income and market access,Sustainable Economic Growth,Income amount per capita,Measured,multiple,"Indicators include share of commodities sold through new marketing channels, number of project beneficiaries and female beneficiaries, reflecting improved market access and income.",file:///home/oai/share/2017-11-08_PAD1947_india-tamil-nadu-irrigated-agriculture-modernization-project_english.pdf#:~:text=Project%20Development%20Objectives%20,Project%20Development%20Objective%20Indicators,FALSE,FALSE,Annex results,Results Framework,,,
P165129,World Bank,India,2020,PAD,objective,Improve upstream watershed management and increase agricultural water productivity in selected Gram Panchayats,,,,,The Project Development Objective is to improve upstream watershed management and increase agricultural water productivity in selected Gram Panchayats in Himachal Pradesh.,file:///home/oai/share/2020-02-23_PAD3581_india-integrated-project-for-source-sustainability-and-climate-resilient-rain-fed-agriculture-in-himachal-pradesh_english.pdf#:~:text=A,Gram%20Panchayats1%20in%20Himachal%20Pradesh,FALSE,FALSE,p. 6,Datasheet,,,
P165129,World Bank,India,2020,PAD,intervention,Sustainable land and water management practices,Ecosystem Services,,,multiple,"Component 1 invests in soil and water conservation measures, reforestation, pasture management, improved seed stands and nurseries, forest fire prevention and research, and establishing community funds for operation and maintenance.",file:///home/oai/share/2020-02-23_PAD3581_india-integrated-project-for-source-sustainability-and-climate-resilient-rain-fed-agriculture-in-himachal-pradesh_english.pdf,FALSE,FALSE,p. 17,Component 1,,,,
P165129,World Bank,India,2020,PAD,intervention,Efficient irrigation and climate-smart agriculture practices,"Crop Management, Technology, R&D",,,multiple,"Component 2 promotes efficient irrigation through drip and sprinkler systems, water harvesting and storage, and supports climate-smart agriculture practices including diversification into high-value crops, climate-resilient varieties, livestock-based activities for ruminants, and post-harvest interventions.",file:///home/oai/share/2020-02-23_PAD3581_india-integrated-project-for-source-sustainability-and-climate-resilient-rain-fed-agriculture-in-himachal-pradesh_english.pdf,FALSE,FALSE,p. 21,Component 2,,,,
P165129,World Bank,India,2020,PAD,outcome,Adoption of climate-smart practices and increased irrigation area,Resilience,Resilience,Measured,multiple,"PDO-level indicators include new farm area under higher efficiency irrigation, share of participating farmers adopting climate-smart agriculture practices (disaggregated by gender), and land area under sustainable landscape management.",file:///home/oai/share/2020-02-23_PAD3581_india-integrated-project-for-source-sustainability-and-climate-resilient-rain-fed-agriculture-in-himachal-pradesh_english.pdf#:~:text=The%20Project%20Development%20Objective%20,Citizen%20Engagement%20Indicator,FALSE,FALSE,p. 6-7,Results Framework,,,
P165129,World Bank,India,2020,PAD,outcome,Institutional reforms and farmer satisfaction,Inducing Policy Change,New laws passed/modified,Measured,multiple,The project monitors the number of reforms implemented following institutional assessments and the share of participating farmers satisfied with interventions.,file:///home/oai/share/2020-02-23_PAD3581_india-integrated-project-for-source-sustainability-and-climate-resilient-rain-fed-agriculture-in-himachal-pradesh_english.pdf#:~:text=The%20Project%20Development%20Objective%20,Citizen%20Engagement%20Indicator,FALSE,FALSE,p. 6-7,Results Framework,,,
P177671,World Bank,India,2023,PAD,objective,Increase quality and coverage of animal health services and improve One Health coordination,,,,,The Program Development Objective is to increase the quality and coverage of animal health services for livestock farmers and improve One Health coordination in participating states.,file:///home/oai/share/2023-04-19_PAD5055_india-animal-health-system-support-for-one-health-program-for-results-ahssoh_english.pdf#:~:text=54,Health%20coordination%20in%20Participating%20States,FALSE,FALSE,p. 45,Datasheet,,,
P177671,World Bank,India,2023,PAD,intervention,Strengthen institutional capacity and One Health coordination,Policy & Regulatory,,,multiple,"Results Area 1 strengthens institutional capacity for integrated animal health management, establishes One Health platforms and training programs, and coordinates multi-sectoral actions.",file:///home/oai/share/2023-04-19_PAD5055_india-animal-health-system-support-for-one-health-program-for-results-ahssoh_english.pdf#:~:text=24,Table%202,FALSE,FALSE,p. 25-27,Results Areas,,,
P177671,World Bank,India,2023,PAD,intervention,Improve access to veterinary services and disease control,Public Health,,,multiple,"Results Area 2 increases access to quality animal health services via door-step delivery, trains veterinarians and veterinary workers, and strengthens disease surveillance and control programs.",file:///home/oai/share/2023-04-19_PAD5055_india-animal-health-system-support-for-one-health-program-for-results-ahssoh_english.pdf#:~:text=24,Table%202,FALSE,FALSE,p. 25-27,Results Areas,,,
P177671,World Bank,India,2023,PAD,intervention,Upgrade diagnostic systems and digital disease surveillance,Public Health,,,multiple,"The program supports upgrading animal health laboratories, expanding diagnostic capabilities, implementing a digital disease surveillance system, and training personnel to use the system.",file:///home/oai/share/2023-04-19_PAD5055_india-animal-health-system-support-for-one-health-program-for-results-ahssoh_english.pdf#:~:text=24,Table%202,FALSE,FALSE,p. 25-27,Results Areas,,,
P177671,World Bank,India,2023,PAD,intervention,Promote adoption of good animal husbandry practices and biosecurity measures,Livestock Management & Technologies,,,multiple,"Results Area 5 aims to increase adoption of good animal husbandry practices and biosecurity by farmers through extension, training and demonstration of practices such as improved manure management and biogas usage.",file:///home/oai/share/2023-04-19_PAD5055_india-animal-health-system-support-for-one-health-program-for-results-ahssoh_english.pdf#:~:text=24,Table%202file:///home/oai/share/2023-04-19_PAD5055_india-animal-health-system-support-for-one-health-program-for-results-ahssoh_english.pdf#:~:text=59,activities%20that%20are%20relevant%20to,FALSE,FALSE,p. 25-27; p. 50,Results Areas; Climate Co-Benefits,,
P177671,World Bank,India,2023,PAD,intervention,Achieve comprehensive vaccination coverage for nationally important animal diseases,Public Health,,,multiple,Results Area 6 seeks to achieve comprehensive vaccination coverage for nationally important animal diseases to improve animal health and productivity.,file:///home/oai/share/2023-04-19_PAD5055_india-animal-health-system-support-for-one-health-program-for-results-ahssoh_english.pdf#:~:text=24,Table%202,FALSE,FALSE,p. 25-27,Results Areas,,,
P177671,World Bank,India,2023,PAD,outcome,Labs operating under quality assurance and farmers accessing improved services,Resilience,Food safety compliance,Measured,multiple,"PDO-level indicators include the number of laboratories operating under improved quality assurance, the number of livestock farmers with increased access to improved animal health services (disaggregated by gender), and establishment of functional digital disease surveillance systems.",file:///home/oai/share/2023-04-19_PAD5055_india-animal-health-system-support-for-one-health-program-for-results-ahssoh_english.pdf#:~:text=D,and%20PDO%20Level%20Results%20Indicators,FALSE,FALSE,p. 45,Results Framework,,,
P177671,World Bank,India,2023,PAD,outcome,One Health joint actions and adoption of biosecurity measures,Inducing Policy Change,New laws passed/modified,Measured,multiple,"Indicators track the number of One Health joint actions implemented, the establishment of a state antimicrobial resistance (AMR) action plan, and the number of farmers adopting biosecurity measures.",file:///home/oai/share/2023-04-19_PAD5055_india-animal-health-system-support-for-one-health-program-for-results-ahssoh_english.pdf#:~:text=D,and%20PDO%20Level%20Results%20Indicators,FALSE,FALSE,p. 45,Results Framework,,,
P179935,World Bank,India,2024,PAD,objective,Improve landscape management and increase benefits for forest-dependent communities in Tripura and Nagaland,,,,,The Project Development Objective is to improve landscape management and increase benefits for targeted forest-dependent communities in Tripura and Nagaland.,file:///home/oai/share/2024-11-04_PAD5418_india-enhancing-landscape-and-ecosystem-management-element-project_english.pdf#:~:text=20,communities%20in%20Tripura%20and%20Nagaland,FALSE,FALSE,p. 24,Datasheet,,,
P179935,World Bank,India,2024,PAD,intervention,Policy review and capacity building for integrated landscape management,Policy & Regulatory,,,multiple,"Component 1 develops climate-resilient landscape planning guidelines, conducts policy and regulatory reviews, and builds capacity of forest and land-use agencies through training and establishment of a forest-fire early warning system.",file:///home/oai/share/2024-11-04_PAD5418_india-enhancing-landscape-and-ecosystem-management-element-project_english.pdf,FALSE,FALSE,p. 26-27,Component 1,,,,
P179935,World Bank,India,2024,PAD,intervention,"R&D, value chain development and human-wildlife conflict management",Livestock Management & Technologies,,,unspecified; wildlife,"Subcomponent 1.2 upgrades research units, develops decision support systems, establishes a wildlife breeding centre for endangered species, and implements human–wildlife conflict management and management plans for conservation reserves.",file:///home/oai/share/2024-11-04_PAD5418_india-enhancing-landscape-and-ecosystem-management-element-project_english.pdf,FALSE,FALSE,p. 26-27,Component 1,,,,
P179935,World Bank,India,2024,PAD,intervention,Strengthening community institutions and knowledge sharing,Advisory and Extension,,,multiple,"Subcomponent 1.3 strengthens Joint Forest Management Committees, Biodiversity Management Committees and Self-Help Groups through gender-inclusive training; Subcomponent 1.4 creates a digital knowledge platform and organizes exchanges for information sharing.",file:///home/oai/share/2024-11-04_PAD5418_india-enhancing-landscape-and-ecosystem-management-element-project_english.pdf,FALSE,FALSE,p. 26-27,Component 1,,,,
P179935,World Bank,India,2024,PAD,intervention,Community landscape restoration and livelihood diversification,Ecosystem Services,,,multiple,"Component 2 finances community landscape management plans involving inventories, biodiversity conservation and water management, and funds restoration through soil and water conservation, fire management, climate-resilient agriculture and livelihood diversification such as micro-irrigation and vermicomposting.",file:///home/oai/share/2024-11-04_PAD5418_india-enhancing-landscape-and-ecosystem-management-element-project_english.pdf,FALSE,FALSE,p. 28-29,Component 2,,,,
P179935,World Bank,India,2024,PAD,intervention,Development of value chains and ecotourism,Markets & Finance,,,multiple,"Component 3 develops agroforestry, forestry and non-timber forest product value chains, supports enterprises with matching grants and access to credit and PPPs, scales up honeybee rearing and value chain development, and promotes ecotourism and nature-based recreation.",,FALSE,FALSE,p. 29-31,Component 3,,,,
P179935,World Bank,India,2024,PAD,outcome,Areas under enhanced conservation and people benefitting from value chains,Environmental Sustainability,Climate mitigation/adaptation,Measured,multiple,"PDO-level indicators include terrestrial and aquatic areas under enhanced conservation or management, net greenhouse gas emissions change in project landscapes, and number of people with increased benefits from landscape-based value chains and those with improved resilience to climate risks.",file:///home/oai/share/2024-11-04_PAD5418_india-enhancing-landscape-and-ecosystem-management-element-project_english.pdf#:~:text=PDO%20Level%20Indicators%20a,CRI,FALSE,FALSE,p. 24-25,Results Framework,,,
P170365,World Bank,Kazakhstan,2020,PAD,objective,"Support development of environmentally sustainable, inclusive and competitive beef production",,,,,"The Program Development Objective is to support the development of an environmentally sustainable, inclusive, and competitive beef production in Kazakhstan.",file:///home/oai/share/2020-06-10_PAD3656_kazakhstan-sustainable-livestock-development-program-for-results_english.pdf#:~:text=62,competitive%20beef%20production%20in%20Kazakhstan,FALSE,FALSE,p. 50,Datasheet,,,
P170365,World Bank,Kazakhstan,2020,PAD,intervention,Unified animal recording and traceability system and veterinary services,Policy & Regulatory,,,cattle,"Results Area 1 establishes a unified animal recording and traceability system, integrating data across agencies, updating regulatory frameworks and building veterinary service capacity including reforms to enable private sector service delivery and control of major diseases.",file:///home/oai/share/2020-06-10_PAD3656_kazakhstan-sustainable-livestock-development-program-for-results_english.pdf,FALSE,FALSE,p. 38-39,Results Area 1,,,,
P170365,World Bank,Kazakhstan,2020,PAD,intervention,"Farmer-centric extension services, matching grants and headage payments",Advisory and Extension,,,cattle,"Results Area 2 scales up farmer-centric service delivery models by providing knowledge and extension services, training programs, model farms, matching grants to small and medium farmers and headage payments linked to feedlots, and improving access to land and pasture resources.",file:///home/oai/share/2020-06-10_PAD3656_kazakhstan-sustainable-livestock-development-program-for-results_english.pdf,FALSE,FALSE,p. 39-41,Results Area 2,,,,
P170365,World Bank,Kazakhstan,2020,PAD,intervention,Green growth policies and GHG MRV system,Policy & Regulatory,,,cattle,"Results Area 3 mainstreams green growth principles into state programs and establishes a greenhouse gas monitoring, reporting and verification system to guide adaptation and emissions reduction targets.",file:///home/oai/share/2020-06-10_PAD3656_kazakhstan-sustainable-livestock-development-program-for-results_english.pdf#:~:text=Results%20Area%20will%20provide%20results,The%20Program%20will,FALSE,FALSE,p. 41-42,Results Area 3,,,
P170365,World Bank,Kazakhstan,2020,PAD,outcome,Public expenditure on green growth and farmer participation,Environmental Sustainability,Climate mitigation/adaptation,Measured,cattle,"PDO-level indicators include the share of public expenditure addressing green growth in the state program, number of small and medium farmers selling cattle to feedlots, and value of beef exports.",file:///home/oai/share/2020-06-10_PAD3656_kazakhstan-sustainable-livestock-development-program-for-results_english.pdf,FALSE,FALSE,p. 50-51,Results Framework,,,,
P154784,World Bank,Kenya,2017,PAD,objective,Increase agricultural productivity and build resilience to climate change risks,,,,,"The Project Development Objective is to increase agricultural productivity and build resilience to climate change risks in the targeted smallholder farming and pastoral communities in Kenya, and in the event of an eligible crisis or emergency, to provide immediate and effective response.",file:///home/oai/share/2017-01-13_PAD1988_kenya-climate-smart-agriculture-project_english.pdf#:~:text=The%20proposed%20project%20development%20objective,of%20this%20objective%2C%20the%20utility,FALSE,FALSE,p. 32,Datasheet,,,
P154784,World Bank,Kenya,2017,PAD,intervention,Building institutional capacity and service delivery for climate-smart agriculture,Advisory and Extension,,,multiple,"Component 1.1 builds institutional capacity and strengthens service delivery by enhancing the capacity of county governments, extension systems and climate information services, focusing on climate-smart agriculture.",file:///home/oai/share/2017-01-13_PAD1988_kenya-climate-smart-agriculture-project_english.pdf#:~:text=Annex%202,and%20strengthen%20service%20delivery%2C%20support,FALSE,FALSE,p. 34-36,Component 1,,,
P154784,World Bank,Kenya,2017,PAD,intervention,Investments in agro-pastoral and pastoral production systems,Livestock Management & Technologies,,,cattle; small ruminants; multiple,"Component 1.2 invests in smallholder agro-pastoral production systems by supporting water and soil management, crop diversification, micro-irrigation and matching grants for microprojects; Component 1.3 invests in pastoral production systems by improving livestock productivity through better nutrition, animal health services, integrated soil fertility management, manure management and improved market access with corridors, watering points and quarantines.",file:///home/oai/share/2017-01-13_PAD1988_kenya-climate-smart-agriculture-project_english.pdf#:~:text=Annex%202,and%20strengthen%20service%20delivery%2C%20support,FALSE,FALSE,p. 34-36,Component 1,,,
P154784,World Bank,Kenya,2017,PAD,intervention,Research and seed systems for climate-smart technologies,"Crop Management, Technology, R&D",,,multiple,"Component 2 supports climate-smart agricultural research and seed systems, including development and validation of technologies for crops, livestock and aquaculture, building competitive seed systems and strengthening the capacity of national research institutions.",file:///home/oai/share/2017-01-13_PAD1988_kenya-climate-smart-agriculture-project_english.pdf#:~:text=This%20subcomponent%20will%20support%20operationalization,livestock%20integration%20%28for,FALSE,FALSE,p. 36-37,Component 2,,,
P154784,World Bank,Kenya,2017,PAD,outcome,Increased number of beneficiaries and adoption of technologies,Sustainable Economic Growth,Adoption,Measured,cattle; small ruminants; multiple,"PDO-level results measure the number of direct beneficiaries (including the share of women), increased productivity of selected agricultural commodities, and the number of targeted beneficiaries adopting at least one technology/innovation/practice promoted by the project.",file:///home/oai/share/2017-01-13_PAD1988_kenya-climate-smart-agriculture-project_english.pdf#:~:text=20,Annex%201,FALSE,FALSE,p. 33,Results Framework,,,
P158710,World Bank,Kosovo,2017,PID,objective,Improve productivity and market access in horticulture and livestock subsectors and strengthen institutional capacity,,,,,The proposed development objective is to improve productivity of and access to markets by project beneficiaries in the horticulture and livestock subsectors of Kosovo and strengthen institutional capacity.,file:///home/oai/share/2017-01-31_PIDISDSA20672_appraisal-project-information-document-integrated-safeguards-data-sheet-kosovo-agriculture-and-rural-development-project_english.pdf#:~:text=Original%20Project%20Development%20Objective%28s%29%20,of%20Agriculture%2C%20Forestry%20and%20Rural,FALSE,FALSE,p. 7,Datasheet,,,
P158710,World Bank,Kosovo,2017,PID,intervention,Training and regional knowledge exchange for rural advisory services,Advisory and Extension,,,multiple,"Component 1 provides training to potential applicants for the grant program, organizes regional knowledge exchange, and strengthens the rural advisory services to deliver information and training to farmers and processors.",file:///home/oai/share/2017-01-31_PIDISDSA20672_appraisal-project-information-document-integrated-safeguards-data-sheet-kosovo-agriculture-and-rural-development-project_english.pdf#:~:text=Component%201%3A%20Transferring%20Knowledge%20to,will%20continue%20support%20for%20the,FALSE,FALSE,p. 8,Component 1,,,
P158710,World Bank,Kosovo,2017,PID,intervention,Rural Development Grant Program for livestock and horticulture,Markets & Finance,,,cattle; horticulture; multiple,"Component 2 implements a Rural Development Grant Program to support farmers and processors in the livestock subsector, with additional points for women, youth and climate-friendly practices; it promotes horticulture by strengthening linkages through matching grants for aggregators to provide extension services, quality improvement, value addition and market access.",file:///home/oai/share/2017-01-31_PIDISDSA20672_appraisal-project-information-document-integrated-safeguards-data-sheet-kosovo-agriculture-and-rural-development-project_english.pdf#:~:text=Component%202%3A%20Enhancing%20Investments%20to,for%20climate%20friendly%20agricultural%20practices,FALSE,FALSE,p. 8-9,Component 2,,,
P158710,World Bank,Kosovo,2017,PID,intervention,Rehabilitation of irrigation scheme,Rural/Public Infrastructure,,,multiple,Component 3 supports the rehabilitation of the Radoniqi-Dukagjini irrigation scheme to improve productivity of high-value crops.,file:///home/oai/share/2017-01-31_PIDISDSA20672_appraisal-project-information-document-integrated-safeguards-data-sheet-kosovo-agriculture-and-rural-development-project_english.pdf#:~:text=Component%203%3A%20Support%20for%20Irrigation,scheme%20in%20the%20upstream%20part,FALSE,FALSE,p. 10,Component 3,,,
P158710,World Bank,Kosovo,2017,PID,outcome,"Increased yields and milk production, and adoption of technologies",Sustainable Economic Growth,Productivity,Measured,cattle; horticulture; multiple,"PDO-level results include increased yields of key crops and milk production per animal, increased sale of milk to processors, increased sales of horticultural products through aggregators, and increased number of farmers adopting improved technologies.",file:///home/oai/share/2017-01-31_PIDISDSA20672_appraisal-project-information-document-integrated-safeguards-data-sheet-kosovo-agriculture-and-rural-development-project_english.pdf#:~:text=Original%20Project%20Development%20Objective%28s%29%20,investment%20support%20in%20line%20with,FALSE,FALSE,p. 7-8,Results Framework,,,
P174903,World Bank,Madagascar,2022,PAD,objective,Strengthen cross-sectoral pandemic preparedness and improve basic health service provision,,,,,The Project Development Objective is to strengthen cross-sectoral pandemic preparedness and improve basic health service provision.,file:///home/oai/share/2022-03-07_PAD4430_madagascar-pandemic-preparedness-and-basic-health-services-delivery-project_english.pdf#:~:text=32.%20To%20strengthen%20cross,services%20and%20quality%20of%20care,FALSE,FALSE,p. 46,Datasheet,,,
P174903,World Bank,Madagascar,2022,PAD,intervention,Cross-sectoral assessments and One Health manuals,Public Health,,,multiple,"Subcomponent 1.1 conducts analyses of sectoral capacities and information systems, develops a One Health assessment manual and strategy, and conducts diagnostics for rapid emergency responses in the Ministry of Agriculture and other sectors.",file:///home/oai/share/2022-03-07_PAD4430_madagascar-pandemic-preparedness-and-basic-health-services-delivery-project_english.pdf#:~:text=Subcomponent%201,will%20thus%20be%20provided%20to,FALSE,FALSE,p. 47-48,Subcomponent 1.1,,,
P174903,World Bank,Madagascar,2022,PAD,intervention,One Health coordination platform and rapid response systems,Public Health,,,multiple,"Subcomponent 1.2 establishes an operational One Health coordination platform and legal framework, trains human and animal health personnel, develops rapid response centers, stockpiles and coordinates with the Africa CDC for emergency response.",file:///home/oai/share/2022-03-07_PAD4430_madagascar-pandemic-preparedness-and-basic-health-services-delivery-project_english.pdf#:~:text=Subcomponent%201.2%3A%20Improve%20Cross,1%20million%20equivalent%20IDAfile:///home/oai/share/2022-03-07_PAD4430_madagascar-pandemic-preparedness-and-basic-health-services-delivery-project_english.pdf#:~:text=There%20will%20also%20be%20provisions,related%20diseases%20will%20be%20incorporated,FALSE,FALSE,p. 48-49,Subcomponent 1.2,,
P174903,World Bank,Madagascar,2022,PAD,intervention,Disease surveillance and antimicrobial resistance monitoring,Public Health,,,multiple,"Subcomponent 1.3 develops harmonized disease surveillance procedures, integrates human and animal surveillance systems, establishes sentinel surveillance sites for antimicrobial resistance, provides training and integrates community-level disease surveillance with food analysis laboratories.",file:///home/oai/share/2022-03-07_PAD4430_madagascar-pandemic-preparedness-and-basic-health-services-delivery-project_english.pdf#:~:text=Subcomponent%201,US%2418%20million%20equivalent%20IDA,FALSE,FALSE,p. 50-51,Subcomponent 1.3,,,
P174903,World Bank,Madagascar,2022,PAD,outcome,Establishment of One Health platform and notification system,Resilience,Food safety compliance,Intended,multiple,"The project aims to establish a national One Health platform with a legal framework and an interoperable notification system for notifiable diseases, with laboratory quality management systems.",file:///home/oai/share/2022-03-07_PAD4430_madagascar-pandemic-preparedness-and-basic-health-services-delivery-project_english.pdf#:~:text=32.%20To%20strengthen%20cross,services%20and%20quality%20of%20carefile:///home/oai/share/2022-03-07_PAD4430_madagascar-pandemic-preparedness-and-basic-health-services-delivery-project_english.pdf#:~:text=Subcomponent%201,US%2418%20million%20equivalent%20IDA,FALSE,FALSE,p. 46-51,Results Framework; Subcomponent 1.3,,
P174903,World Bank,Madagascar,2022,PAD,outcome,Improved basic health services and family planning indicators,Food Security & Nutrition,Food access,Measured,multiple,Outcome indicators include the number of women of reproductive age using modern contraceptive methods and the percentage of health centers (CSBs) meeting revised maternal and child health service standards.,file:///home/oai/share/2022-03-07_PAD4430_madagascar-pandemic-preparedness-and-basic-health-services-delivery-project_english.pdf#:~:text=32.%20To%20strengthen%20cross,services%20and%20quality%20of%20care,FALSE,FALSE,p. 46-47,Results Framework,,,
P161392,World Bank,Malawi,2016,PAD,objective,,,,,,"to support the Government of Malawi to meet the immediate food security and livelihoods restoration needs of communities affected by drought, and to promote recovery and resilience in key productive sectors",file:///home/oai/share/2016-10-26_PAD2090_malawi-drought-recovery-and-resilience-project_english.pdf#:~:text=The%20Project%20Development%20Objective%20is,proposed%20Contingent%20Emergency%20Response%20Component,FALSE,FALSE,p. 5,Datasheet,,,
P161392,World Bank,Malawi,2016,PAD,intervention,Procurement and distribution of maize for food security,Food Processing & Storage,,,multiple,Component 1.1 involves procurement and distribution of maize (domestic and imported) to meet urgent food security needs of drought‑affected communities,file:///home/oai/share/2016-10-26_PAD2090_malawi-drought-recovery-and-resilience-project_english.pdf#:~:text=33.%20Sub,required%20in%20this%20emergency%20situation,FALSE,FALSE,p. 39,Component 1.1,,,
P161392,World Bank,Malawi,2016,PAD,intervention,Scale‑up input distribution and labor‑intensive public works,Markets & Finance,,,multiple,"Subcomponent 1.2 scales up input distribution and labor‑intensive public works, providing improved seeds and fertilizers and rehabilitating rural roads and irrigation structures for about 200,000 beneficiaries",file:///home/oai/share/2016-10-26_PAD2090_malawi-drought-recovery-and-resilience-project_english.pdf#:~:text=33.%20Sub,required%20in%20this%20emergency%20situation,FALSE,FALSE,p. 39,Component 1.2,,,
P161392,World Bank,Malawi,2016,PAD,intervention,Promote drought‑resistant crops and livestock restocking,Livestock Management & Technologies,,,small ruminants; unspecified,"Subcomponent 1.3 promotes adoption of drought‑resistant crops and restocks small livestock (e.g., goats) coupled with vaccinations to restore livelihoods",file:///home/oai/share/2016-10-26_PAD2090_malawi-drought-recovery-and-resilience-project_english.pdf#:~:text=33.%20Sub,required%20in%20this%20emergency%20situation,FALSE,FALSE,p. 40,Component 1.3,,,
P161392,World Bank,Malawi,2016,PAD,intervention,Climate‑smart irrigation investments,"Crop Management, Technology & R&D",,,multiple,"Subcomponent 1.4 supports climate‑smart irrigation by restoring over 1,000 ha of irrigation schemes and providing solar pumps, treadle pumps and drip kits, along with capacity building and catchment management",file:///home/oai/share/2016-10-26_PAD2090_malawi-drought-recovery-and-resilience-project_english.pdf#:~:text=33.%20Sub,required%20in%20this%20emergency%20situation,FALSE,FALSE,p. 40,Component 1.4,,,
P161392,World Bank,Malawi,2016,PAD,intervention,Rehabilitation of water supply infrastructure,Rural/Public Infrastructure,,,multiple,"Component 2 rehabilitates intake structures, pipelines, boreholes and other water supply infrastructure to enhance access to water for communities and agriculture",file:///home/oai/share/2016-10-26_PAD2090_malawi-drought-recovery-and-resilience-project_english.pdf#:~:text=Component%202%3A%20Enhancing%20Drought,6%20million%20%28US%2419%20million%20equivalent,FALSE,FALSE,p. 41,Component 2,,,
P161392,World Bank,Malawi,2016,PAD,intervention,Catchment management and small dam construction,Ecosystem Services,,,unspecified,The project supports catchment management through rehabilitation of small dams and construction of water harvesting structures to improve drought resilience,file:///home/oai/share/2016-10-26_PAD2090_malawi-drought-recovery-and-resilience-project_english.pdf#:~:text=Component%202%3A%20Enhancing%20Drought,6%20million%20%28US%2419%20million%20equivalent,FALSE,FALSE,p. 41,Component 2,,,
P161392,World Bank,Malawi,2016,PAD,intervention,Technical assistance for drought resilience and preparedness,Advisory and Extension,,,unspecified,"Technical assistance is provided to strengthen early warning systems, institutional capacity, contingency planning and training for community civil protection committees",file:///home/oai/share/2016-10-26_PAD2090_malawi-drought-recovery-and-resilience-project_english.pdf#:~:text=harvesting%20structures%20,engineering%20design%20and%20construction%20supervision,FALSE,FALSE,p. 42,Component 2,,,
P161392,World Bank,Malawi,2016,PAD,outcome,Improved food access for beneficiaries,Food Security & Nutrition,Food access,Measured,multiple,PDO‑level indicator tracks the number of people with improved access to food following the drought recovery interventions,file:///home/oai/share/2016-10-26_PAD2090_malawi-drought-recovery-and-resilience-project_english.pdf#:~:text=C.%20PDO,FALSE,FALSE,p. 37,Results Framework,,,,
P161392,World Bank,Malawi,2016,PAD,outcome,Livelihood support for households,Sustainable Economic Growth,Income amount per capita,Measured,multiple,The results framework measures the number of households receiving livelihood support and recovery assistance through the project,file:///home/oai/share/2016-10-26_PAD2090_malawi-drought-recovery-and-resilience-project_english.pdf#:~:text=C.%20PDO,FALSE,FALSE,p. 37,Results Framework,,,,
P161392,World Bank,Malawi,2016,PAD,outcome,Households benefiting from inputs and livestock restocking,Sustainable Economic Growth,Productivity,Measured,small ruminants; unspecified,Indicators monitor households benefiting from agricultural inputs and livestock restocking packages including restocked small animals and improved seeds,file:///home/oai/share/2016-10-26_PAD2090_malawi-drought-recovery-and-resilience-project_english.pdf#:~:text=C.%20PDO,FALSE,FALSE,p. 37,Results Framework,,,,
P161392,World Bank,Malawi,2016,PAD,outcome,People benefiting from improved irrigation and water supply,Resilience,Resilience,Measured,unspecified,"The project records the number of people benefiting from improved irrigation services and rehabilitated water supply infrastructure, reflecting increased resilience",file:///home/oai/share/2016-10-26_PAD2090_malawi-drought-recovery-and-resilience-project_english.pdf#:~:text=C.%20PDO,FALSE,FALSE,p. 37,Results Framework,,,,
P173061,World Bank,Malawi,2021,PID,objective,,,,,,to improve the productivity of smallholder farmers and market access of selected commodities in selected districts,file:///home/oai/share/2021-11-23_PIDISDSA28697_project-information-document-integrated-safeguards-data-sheet-agriculture-sector-wide-approach-support-project-ii-additi_english.pdf#:~:text=Proposed%20Development%20Objective,FALSE,FALSE,p. 2,Datasheet,,,,
P173061,World Bank,Malawi,2021,PID,intervention,Promote adoption of improved agricultural technologies and CSA,Advisory and Extension,,,multiple,"Subcomponent 1.1 scales up adoption of improved agricultural technologies and climate‑smart agriculture including diversified crops, integrated pest management and clean planting materials; aims for at least 55 % female farmers adopting technologies",file:///home/oai/share/2021-11-23_PIDISDSA28697_project-information-document-integrated-safeguards-data-sheet-agriculture-sector-wide-approach-support-project-ii-additi_english.pdf#:~:text=10,has%20made%20it%20possible%20tofile:///home/oai/share/2021-11-23_PIDISDSA28697_project-information-document-integrated-safeguards-data-sheet-agriculture-sector-wide-approach-support-project-ii-additi_english.pdf#:~:text=,DCD,FALSE,FALSE,p. 6,Component 1.1,,
P173061,World Bank,Malawi,2021,PID,intervention,Integrated soil fertility management,"Crop Management, Technology & R&D",,,multiple,"Subcomponent 1.2 promotes integrated soil fertility management practices such as manure use, agroforestry and mulching, in collaboration with the Department of Land Resources Conservation",file:///home/oai/share/2021-11-23_PIDISDSA28697_project-information-document-integrated-safeguards-data-sheet-agriculture-sector-wide-approach-support-project-ii-additi_english.pdf#:~:text=Subcomponent%201,be%20led%20by%20the%20Department,FALSE,FALSE,p. 6,Component 1.2,,,
P173061,World Bank,Malawi,2021,PID,intervention,Strengthen monitoring and agricultural information system (NAMIS),Policy & Regulatory,,,unspecified,Subcomponent 3.2 strengthens monitoring and evaluation and scales up the National Agricultural Management Information System (NAMIS) across agricultural extension planning areas,file:///home/oai/share/2021-11-23_PIDISDSA28697_project-information-document-integrated-safeguards-data-sheet-agriculture-sector-wide-approach-support-project-ii-additi_english.pdf#:~:text=Component%203%3A%20Institutional%20Capacity%20Building,DAPS,FALSE,FALSE,p. 7,Component 3.2,,,
P173061,World Bank,Malawi,2021,PID,intervention,Livestock production and productivity enhancement,Livestock Management & Technologies,,,multiple,"A new subcomponent encourages farmers to use livestock as an alternative income source through a pass‑on program, training and preparation of strategic investment documents led by the Department of Animal Health and Livestock Development",file:///home/oai/share/2021-11-23_PIDISDSA28697_project-information-document-integrated-safeguards-data-sheet-agriculture-sector-wide-approach-support-project-ii-additi_english.pdf#:~:text=D,financing,FALSE,FALSE,p. 7,Component 1.3,,,
P173061,World Bank,Malawi,2021,PID,outcome,Increased yield of selected commodities,Sustainable Economic Growth,Yield,Measured,multiple,Key results measure increases in yield for selected commodities such as maize and legumes as part of the project’s scaling up activities,file:///home/oai/share/2021-11-23_PIDISDSA28697_project-information-document-integrated-safeguards-data-sheet-agriculture-sector-wide-approach-support-project-ii-additi_english.pdf#:~:text=C,FALSE,FALSE,p. 5,Results Framework,,,,
P173061,World Bank,Malawi,2021,PID,outcome,Farmers adopting improved technologies,Sustainable Economic Growth,Adoption,Measured,multiple,"The results framework counts farmers adopting improved agricultural technologies, with a target that at least 27,500 women adopt technologies across 50,000 new beneficiaries",file:///home/oai/share/2021-11-23_PIDISDSA28697_project-information-document-integrated-safeguards-data-sheet-agriculture-sector-wide-approach-support-project-ii-additi_english.pdf#:~:text=C,FALSE,FALSE,p. 5,Results Framework,,,,
P170035,World Bank,Moldova,2023,PAD,objective,,,,,,"to improve delivery of public agricultural services, foster market‑oriented growth and increase resilience of targeted beneficiaries, and in case of an eligible crisis or emergency, respond promptly and effectively",file:///home/oai/share/2023-05-08_PAD5158_moldova-agriculture-governance-growth-and-resilience-investment-project_english.pdf#:~:text=Proposed%20Development%20Objective,FALSE,FALSE,p. 4,Datasheet,,,,
P170035,World Bank,Moldova,2023,PAD,intervention,Enhance functionality of Paying Agency (AIPA),Policy & Regulatory,,,unspecified,"Subcomponent 1.1 upgrades the agricultural paying agency by addressing gaps for EU accreditation, modernizing business processes and digitalizing the agency’s services",file:///home/oai/share/2023-05-08_PAD5158_moldova-agriculture-governance-growth-and-resilience-investment-project_english.pdf#:~:text=Component%201%20%E2%80%93%20Enhancing%20Sector,5%20million,FALSE,FALSE,p. 17,Component 1.1,,,
P170035,World Bank,Moldova,2023,PAD,intervention,Harmonize food quality and safety systems,Public Health,,,multiple,"Subcomponent 1.2 harmonizes regulatory and institutional frameworks with EU food safety, animal health and welfare requirements, and trains staff and increases awareness of new regulations",file:///home/oai/share/2023-05-08_PAD5158_moldova-agriculture-governance-growth-and-resilience-investment-project_english.pdf#:~:text=Sub,safety%20authorities%20and%20the%20EU,FALSE,FALSE,p. 18,Component 1.2,,,
P170035,World Bank,Moldova,2023,PAD,intervention,Establish Agricultural and Rural Advisory Center (ARAC) and digital knowledge services,Advisory and Extension,,,multiple,"Subcomponent 1.3 establishes the Agricultural and Rural Advisory Center to provide advisory services and digital platforms for climate‑smart practices, including training on drought‑resistant cultivars, soil management and water‑saving technologies targeting women, youth and returning migrants",file:///home/oai/share/2023-05-08_PAD5158_moldova-agriculture-governance-growth-and-resilience-investment-project_english.pdf#:~:text=Sub,services%20to%20rural%20female%20entrepreneurs,FALSE,FALSE,p. 18,Component 1.3,,,
P170035,World Bank,Moldova,2023,PAD,intervention,Establish veterinary centers of excellence and training,Livestock Management & Technologies,,,cattle; dairy; multiple,"Activity 1.3.2 establishes three centers of veterinary excellence, provides training to veterinarians, improves artificial insemination services and herd management tools to upgrade the livestock sub‑sector",file:///home/oai/share/2023-05-08_PAD5158_moldova-agriculture-governance-growth-and-resilience-investment-project_english.pdf#:~:text=Activity%201,means%20for%20each%20excellence%20center,FALSE,FALSE,p. 19,Component 1.3.2,,,
P170035,World Bank,Moldova,2023,PAD,intervention,Matching grants for livestock modernization and GHG reduction,Livestock Management & Technologies,,,cattle; dairy; multiple,"Subcomponent 2.1 provides matching investment grants for livestock farmers to establish new commercial dairy farms, modernize existing dairy and meat farms and integrate farmers into value chains while promoting animal welfare, manure management and renewable energy to reduce GHG emissions",file:///home/oai/share/2023-05-08_PAD5158_moldova-agriculture-governance-growth-and-resilience-investment-project_english.pdf#:~:text=Sub,energy%20production%2C%20and%20improved%20breeds,FALSE,FALSE,p. 20,Component 2.1,,,
P170035,World Bank,Moldova,2023,PAD,intervention,Matching grants for crop farmers and niche products,"Crop Management, Technology & R&D",,,multiple,"Subcomponent 2.1 also offers grants for vegetable and niche crop farmers to modernize production, integrate into value chains and meet EU market requirements",file:///home/oai/share/2023-05-08_PAD5158_moldova-agriculture-governance-growth-and-resilience-investment-project_english.pdf#:~:text=The%20sub,towards%20commercial%20orientation%20and%20clustering,FALSE,FALSE,p. 20,Component 2.1,,,
P170035,World Bank,Moldova,2023,PAD,intervention,Capacity building and business development support,Advisory and Extension,,,multiple,"Subcomponent 2.2 provides capacity building and business development support to farmers receiving grants, including training in business planning, financial management and climate adaptation strategies",file:///home/oai/share/2023-05-08_PAD5158_moldova-agriculture-governance-growth-and-resilience-investment-project_english.pdf#:~:text=Sub,accession%20instruments%20to%20ensure%20they,FALSE,FALSE,p. 21,Component 2.2,,,
P170035,World Bank,Moldova,2023,PAD,intervention,Rehabilitation of irrigation schemes,Rural/Public Infrastructure,,,multiple,"Component 3 finances the rehabilitation of large‑scale irrigation schemes (e.g., Tudora, Caplani, Tetcani) to increase irrigated area, improve water use efficiency and enhance climate resilience",file:///home/oai/share/2023-05-08_PAD5158_moldova-agriculture-governance-growth-and-resilience-investment-project_english.pdf#:~:text=Component%203%20%E2%80%93%20Strengthening%20Resilience,0%20million,FALSE,FALSE,p. 23,Component 3,,,
P170035,World Bank,Moldova,2023,PAD,outcome,Improved access to public agricultural services,Sustainable Economic Growth,Market efficiency,Intended,multiple,"PDO indicators include farmer satisfaction with public agricultural services and improved functionality of the paying agency and food safety systems, reflecting better market and service efficiency",file:///home/oai/share/2023-05-08_PAD5158_moldova-agriculture-governance-growth-and-resilience-investment-project_english.pdf#:~:text=Monitoring%20%26%20Evaluation%20Plan%3A%20PDO,term%20and%20end%20of%20project,FALSE,FALSE,p. 55,Results Framework,,,
P170035,World Bank,Moldova,2023,PAD,outcome,Compliance with food safety requirements,Food Security & Nutrition,Food safety compliance,Intended,multiple,"The results framework monitors increased compliance of agri‑food producers with food safety, animal health and welfare requirements following regulatory harmonization and training",file:///home/oai/share/2023-05-08_PAD5158_moldova-agriculture-governance-growth-and-resilience-investment-project_english.pdf#:~:text=Monitoring%20%26%20Evaluation%20Plan%3A%20PDO,term%20and%20end%20of%20project,FALSE,FALSE,p. 55,Results Framework,,,
P170035,World Bank,Moldova,2023,PAD,outcome,Increased sales and productivity of targeted beneficiaries,Sustainable Economic Growth,Income amount per capita,Intended,cattle; dairy; multiple,PDO indicators measure increased sales by targeted beneficiaries and higher productivity of farms accessing rehabilitation services and receiving matching grants,file:///home/oai/share/2023-05-08_PAD5158_moldova-agriculture-governance-growth-and-resilience-investment-project_english.pdf#:~:text=Monitoring%20%26%20Evaluation%20Plan%3A%20PDO,term%20and%20end%20of%20project,FALSE,FALSE,p. 55,Results Framework,,,
P170035,World Bank,Moldova,2023,PAD,outcome,Enhanced climate resilience,Resilience,Resilience,Intended,multiple,"The project aims to increase resilience through rehabilitated irrigation, climate‑smart practices and business training; indicators include resilience of beneficiaries to climatic shocks",file:///home/oai/share/2023-05-08_PAD5158_moldova-agriculture-governance-growth-and-resilience-investment-project_english.pdf#:~:text=Monitoring%20%26%20Evaluation%20Plan%3A%20PDO,term%20and%20end%20of%20project,TRUE,FALSE,p. 55,Results Framework,,,
P171284,World Bank,Moldova,2020,PID,objective,,,,,,"to enhance competitiveness of the agro‑food sector by modernizing food safety management, facilitating market access, and mainstreaming agro‑environmental and sustainable land management practices",file:///home/oai/share/2020-05-29_PIDISDSA28152_project-information-document-integrated-safeguards-data-sheet-moldova-agriculture-competitiveness-project-additional-fin_english.pdf#:~:text=The%20Project%20Development%20Objective%20is,and%20sustainable%20land%20management%20practices,FALSE,FALSE,p. 1,Datasheet,,,
P171284,World Bank,Moldova,2020,PID,intervention,Establish animal by‑products management system,Public Health,,,unspecified,"The additional financing scales up Component 1 to establish an animal by‑products (ABP) management system, including technical solutions for collection, transportation and disposal of animal waste, addressing public health and environmental risks",file:///home/oai/share/2020-05-29_PIDISDSA28152_project-information-document-integrated-safeguards-data-sheet-moldova-agriculture-competitiveness-project-additional-fin_english.pdf#:~:text=13,a%20flow%20and%20traffic%20study,FALSE,FALSE,p. 3,Component 1,,,
P171284,World Bank,Moldova,2020,PID,outcome,Improved animal by‑product disposal and environmental safety,Environmental Sustainability,Climate mitigation/adaptation,Intended,unspecified,"By establishing a national ABP management system, the project is expected to reduce environmental and public health risks associated with improper animal waste disposal",file:///home/oai/share/2020-05-29_PIDISDSA28152_project-information-document-integrated-safeguards-data-sheet-moldova-agriculture-competitiveness-project-additional-fin_english.pdf#:~:text=13,a%20flow%20and%20traffic%20study,TRUE,FALSE,p. 3,Component 1,,,
P179060,World Bank,Mozambique,2022,PID,objective,,,,,,to improve the performance of targeted small agriculture producers and agri‑MSMEs and improve natural resources management practices in selected project areas,file:///home/oai/share/2022-09-15_PIDA34311_project-information-document-srep-food-security-additional-financing-p179060_english.pdf#:~:text=A%20new%20Improving%20FNS%20component,subcomponent%20will%20finance%20the%20following,FALSE,FALSE,p. 2,Background,,,
P179060,World Bank,Mozambique,2022,PID,intervention,"Rehabilitation of irrigation schemes, rural roads and water points",Rural/Public Infrastructure,,,multiple,"Subcomponent 5.1 will finance rehabilitation of irrigation schemes covering 860 ha, rehabilitation of rural roads and installation of boreholes and water tanks to support drinking water and limited irrigation",file:///home/oai/share/2022-09-15_PIDA34311_project-information-document-srep-food-security-additional-financing-p179060_english.pdf#:~:text=A%20new%20Improving%20FNS%20component,subcomponent%20will%20finance%20the%20following,FALSE,FALSE,p. 4,Component 5.1,,,
P179060,World Bank,Mozambique,2022,PID,intervention,Agricultural input kits and post‑harvest equipment,"Crop Management, Technology & R&D",,,multiple,"Subcomponent 5.2 will provide small farmers with agricultural input kits containing drought‑tolerant crops, hermetic bags, family silos and small farming tools to improve production and post‑harvest storage",file:///home/oai/share/2022-09-15_PIDA34311_project-information-document-srep-food-security-additional-financing-p179060_english.pdf,FALSE,FALSE,p. 4,Component 5.2,,,,
P179060,World Bank,Mozambique,2022,PID,intervention,Rebuild livestock infrastructure and equip veterinary labs,Livestock Management & Technologies,,,small ruminants; poultry; unspecified,"The financing will rebuild small livestock infrastructure (fences, hog and poultry houses) damaged by storms and equip the provincial veterinary laboratory with equipment and consumables",file:///home/oai/share/2022-09-15_PIDA34311_project-information-document-srep-food-security-additional-financing-p179060_english.pdf,FALSE,FALSE,p. 5,Component 5.2,,,,
P179060,World Bank,Mozambique,2022,PID,intervention,Small ruminant pass‑on scheme and training,Livestock Management & Technologies,,,small ruminants,The project introduces a small ruminant pass‑on scheme providing goats to households with training on small ruminant husbandry; beneficiaries are expected to pass on animals to other households after reproduction,file:///home/oai/share/2022-09-15_PIDA34311_project-information-document-srep-food-security-additional-financing-p179060_english.pdf,FALSE,FALSE,p. 5,Component 5.2,,,,
P179060,World Bank,Mozambique,2022,PID,intervention,Support to small‑scale aquaculture and artisanal fisheries,Aquaculture Management & Technologies,,,aquaculture,Subcomponent 5.2 supports small‑scale aquaculture and artisanal fisheries by rehabilitating fishponds and cages and providing inputs and technical assistance to fishermen and communities,file:///home/oai/share/2022-09-15_PIDA34311_project-information-document-srep-food-security-additional-financing-p179060_english.pdf,FALSE,FALSE,p. 5,Component 5.2,,,,
P179060,World Bank,Mozambique,2022,PID,outcome,Improved food security and livelihoods of beneficiaries,Food Security & Nutrition,Food access,Intended,small ruminants; aquaculture; multiple,"By rehabilitating irrigation, providing inputs and livestock/fishery support, the project aims to improve food security and livelihoods of small farmers, livestock breeders and fishermen",file:///home/oai/share/2022-09-15_PIDA34311_project-information-document-srep-food-security-additional-financing-p179060_english.pdf#:~:text=A%20new%20Improving%20FNS%20component,subcomponent%20will%20finance%20the%20followingfile:///home/oai/share/2022-09-15_PIDA34311_project-information-document-srep-food-security-additional-financing-p179060_english.pdf,TRUE,FALSE,p. 4-5,Results,,,
P509938,World Bank,Mozambique,2025,PID,objective,,,,,,to improve access to climate‑resilient basic services and livelihoods opportunities in the targeted areas,file:///home/oai/share/2025-04-04_PIDDC01235_concept-project-information-document-pid_english.pdf#:~:text=Proposed%20Development%20Objective,opportunities%20in%20the%20targeted%20areas,FALSE,FALSE,p. 2,Concept,,,
P509938,World Bank,Mozambique,2025,PID,intervention,(needs review) Detailed interventions to be defined,Ecosystem Services,,,unspecified,"At concept stage, the document does not specify interventions; detailed activities to improve climate‑resilient services and livelihoods will be developed during appraisal",file:///home/oai/share/2025-04-04_PIDDC01235_concept-project-information-document-pid_english.pdf#:~:text=Proposed%20Development%20Objective,opportunities%20in%20the%20targeted%20areas,TRUE,FALSE,p. 2,Concept,,,
P509938,World Bank,Mozambique,2025,PID,outcome,(needs review) Outcomes to be defined,Resilience,Resilience,Intended,unspecified,The concept note does not specify outcome indicators; expected outcomes relate to improved access to climate‑resilient services and livelihoods but require further definition,file:///home/oai/share/2025-04-04_PIDDC01235_concept-project-information-document-pid_english.pdf#:~:text=Proposed%20Development%20Objective,opportunities%20in%20the%20targeted%20areas,TRUE,FALSE,p. 2,Concept,,,
P181157,World Bank,Nicaragua,2023,PID,objective,,,,,,to support Nicaragua’s emergency response and the restoration of services and economic activities in critical sectors,file:///home/oai/share/2023-06-01_PIDA36162_project-information-document-additional-financing-to-the-nicaragua-eta-and-iota-emergency-response-project-p181157_english.pdf#:~:text=Proposed%20Development%20Objective,FALSE,FALSE,p. 2,Datasheet,,,,
P181157,World Bank,Nicaragua,2023,PID,intervention,Climate‑ and nutrition‑smart agri‑food innovations and capacity building,Behavior Change & Social Programs,,,unspecified,"Subcomponent 2.2 provides climate‑ and nutrition‑smart agri‑food innovations and training to 10,000 food‑insecure family farmers, aiming to improve food production, nutrition and market capacity with at least 40 % women and 25 % youth",file:///home/oai/share/2023-06-01_PIDA36162_project-information-document-additional-financing-to-the-nicaragua-eta-and-iota-emergency-response-project-p181157_english.pdf#:~:text=the%20subsistence%20artisanal%20fisheries%20sector,capacity%20of%2010%2C000%20additional%20beneficiariesfile:///home/oai/share/2023-06-01_PIDA36162_project-information-document-additional-financing-to-the-nicaragua-eta-and-iota-emergency-response-project-p181157_english.pdf,FALSE,FALSE,p. 4,Component 2.2,,,
P181157,World Bank,Nicaragua,2023,PID,intervention,Value addition and market capacity for agri‑food systems,Markets & Finance,,,unspecified,"The project helps transform subsistence farming into climate‑ and nutrition‑smart agri‑food systems by supporting value addition and market capacity building, including training and linkages",file:///home/oai/share/2023-06-01_PIDA36162_project-information-document-additional-financing-to-the-nicaragua-eta-and-iota-emergency-response-project-p181157_english.pdf,FALSE,FALSE,p. 4,Component 2.2,,,,
P181157,World Bank,Nicaragua,2023,PID,outcome,Improved food security and incomes for small farmers,Food Security & Nutrition,Food access,Intended,unspecified,"Expected results include improved food and nutrition security and increased incomes for 10,000 farmers and their households through adoption of climate‑smart and nutrition‑smart innovations",file:///home/oai/share/2023-06-01_PIDA36162_project-information-document-additional-financing-to-the-nicaragua-eta-and-iota-emergency-response-project-p181157_english.pdf,TRUE,FALSE,p. 4,Results,,,,
P181157,World Bank,Nicaragua,2023,PID,outcome,Increased opportunities for women and youth,Inclusivity & Women’s Empowerment,Women’s empowerment,Intended,unspecified,"The project targets at least 40 % women and 25 % youth among beneficiaries, aiming to enhance their participation and economic empowerment in agri‑food value chains",file:///home/oai/share/2023-06-01_PIDA36162_project-information-document-additional-financing-to-the-nicaragua-eta-and-iota-emergency-response-project-p181157_english.pdf,TRUE,FALSE,p. 4,Results,,,,
P164509,World Bank,Niger,2019,PAD,objective,,,,,,to increase agriculture productivity and access to markets for small and medium farmers and agri‑food SMEs in participating regions,file:///home/oai/share/2019-05-30_PAD2957_niger-agricultural-and-livestock-transformation-project_english.pdf#:~:text=The%20Project%20Development%20Objective%20,%E2%80%9D,FALSE,FALSE,p. 1,Datasheet,,,
P164509,World Bank,Niger,2019,PAD,intervention,Strengthen crop and livestock extension services,Advisory and Extension,,,cattle; small ruminants; multiple,"Component 1.1 strengthens crop and livestock extension services focusing on climate‑smart agriculture, improved seeds and irrigation, and provides training to farmers",file:///home/oai/share/2019-05-30_PAD2957_niger-agricultural-and-livestock-transformation-project_english.pdf,FALSE,FALSE,p. 30,Component 1.1,,,,
P164509,World Bank,Niger,2019,PAD,intervention,Improve veterinary and phytosanitary services and food safety,Public Health,,,cattle; small ruminants; fish,"Subcomponent 1.2 enhances veterinary and phytosanitary services for surveillance and control of crop and livestock diseases, fish disease monitoring and food safety measures",file:///home/oai/share/2019-05-30_PAD2957_niger-agricultural-and-livestock-transformation-project_english.pdf,FALSE,FALSE,p. 30,Component 1.2,,,,
P164509,World Bank,Niger,2019,PAD,intervention,Strengthen policy and regulatory frameworks including gender and crisis response,Policy & Regulatory,,,unspecified,"Subcomponent 1.3 strengthens policies and regulatory frameworks, including gender policy, crisis response mechanisms and integration of climate adaptation considerations",file:///home/oai/share/2019-05-30_PAD2957_niger-agricultural-and-livestock-transformation-project_english.pdf,FALSE,FALSE,p. 30,Component 1.3,,,,
P164509,World Bank,Niger,2019,PAD,intervention,"Develop productive partnerships for agriculture, livestock and aquaculture value chains",Markets & Finance,,,cattle; small ruminants; aquaculture,"Component 2.1 promotes productive partnerships between producers, SMEs and off‑takers in agriculture, livestock and aquaculture value chains, providing capacity building, business planning and technical support",file:///home/oai/share/2019-05-30_PAD2957_niger-agricultural-and-livestock-transformation-project_english.pdf,FALSE,FALSE,p. 32,Component 2.1,,,,
P164509,World Bank,Niger,2019,PAD,outcome,Increased productivity and market access for farmers and SMEs,Sustainable Economic Growth,Productivity,Intended,cattle; small ruminants; aquaculture,The project aims to increase productivity and access to markets for small and medium farmers and agri‑food SMEs through strengthened services and productive partnerships,file:///home/oai/share/2019-05-30_PAD2957_niger-agricultural-and-livestock-transformation-project_english.pdf#:~:text=The%20Project%20Development%20Objective%20,%E2%80%9D,TRUE,FALSE,p. 1,PDO Statement,,,
P165397,World Bank,Niger,2019,PID,objective,,,,,,to improve resilience of populations and production systems to climate change variability in targeted Communes,file:///home/oai/share/2019-03-21_PIDISDSA23715_project-information-document-integrated-safeguards-data-sheet-additional-financing-for-niger-capcr-p165397_english.pdf#:~:text=The%20project%20development%20objective%20,changeand%20variability%20in%20targeted%20Communes,FALSE,FALSE,p. 2,Datasheet,,,
P165397,World Bank,Niger,2019,PID,intervention,Mainstream climate variability into policies and planning,Policy & Regulatory,,,unspecified,Subcomponent 1.1 supports mainstreaming climate change variability into sector policies and development planning to build resilience,file:///home/oai/share/2019-03-21_PIDISDSA23715_project-information-document-integrated-safeguards-data-sheet-additional-financing-for-niger-capcr-p165397_english.pdf#:~:text=Proposed%20Development%20Objective,FALSE,FALSE,p. 3,Component 1.1,,,,
P165397,World Bank,Niger,2019,PID,intervention,Improve resilience of agro‑sylvo‑pastoral systems,Ecosystem Services,,,multiple,"Subcomponent 2.1 aims to improve resilience of agro‑sylvo‑pastoral systems by integrating soil and water management, agroforestry, improved grazing management and soil fertility practices",file:///home/oai/share/2019-03-21_PIDISDSA23715_project-information-document-integrated-safeguards-data-sheet-additional-financing-for-niger-capcr-p165397_english.pdf#:~:text=4,improved%20grazing%20management%20and%20soil%2Fwater,TRUE,FALSE,p. 4,Component 2.1,,,
P165397,World Bank,Niger,2019,PID,outcome,Enhanced resilience of communities and production systems,Resilience,Resilience,Intended,multiple,The project seeks to enhance resilience of communities and production systems to climate variability through mainstreamed policies and improved agro‑sylvo‑pastoral management,file:///home/oai/share/2019-03-21_PIDISDSA23715_project-information-document-integrated-safeguards-data-sheet-additional-financing-for-niger-capcr-p165397_english.pdf#:~:text=The%20project%20development%20objective%20,changeand%20variability%20in%20targeted%20Communes,TRUE,FALSE,p. 2,PDO Statement,,,
P176418,World Bank,Niger,2021,PID,objective,,,,,,to increase agriculture productivity and access to markets for small and medium farmers and agri‑food SMEs in participating regions and to provide immediate response to an eligible crisis or emergency,file:///home/oai/share/2021-05-27_PIDISDSA31819_project-information-document-integrated-safeguards-data-sheet-agricultural-and-livestock-transformation-project-addition_english.pdf#:~:text=Proposed%20Development%20Objective,FALSE,FALSE,p. 2,Datasheet,,,,
P176418,World Bank,Niger,2021,PID,intervention,Emergency response and recovery infrastructure,Rural/Public Infrastructure,,,unspecified,"The additional financing replenishes resources for emergency response, funding distribution of emergency kits to affected households, rehabilitation of wells, and restoration of protective dykes to mitigate flood impacts",file:///home/oai/share/2021-05-27_PIDISDSA31819_project-information-document-integrated-safeguards-data-sheet-agricultural-and-livestock-transformation-project-addition_english.pdf#:~:text=Key%20Results%20The%20following%20changes,of%20dyke%20and%20riverbank%20rehabilitation,FALSE,FALSE,p. 3,Component 1,,,
P176418,World Bank,Niger,2021,PID,outcome,Strengthened crisis response and resilience,Resilience,Resilience,Intended,unspecified,"The project aims to strengthen crisis response capacity and resilience by restoring basic infrastructure, improving water supply and protecting communities from floods",file:///home/oai/share/2021-05-27_PIDISDSA31819_project-information-document-integrated-safeguards-data-sheet-agricultural-and-livestock-transformation-project-addition_english.pdf#:~:text=Key%20Results%20The%20following%20changes,of%20dyke%20and%20riverbank%20rehabilitation,TRUE,FALSE,p. 3,Results,,,
P177043,World Bank,Niger,2022,PAD,objective,Increase adoption of climate-smart landscape restoration practices and improve access to income earning opportunities,,,,multiple; small ruminants; bees; fish,The Project Development Objective (PDO) is to increase the adoption of climate smart landscape restoration practices and improve access to income earning opportunities in targeted communes in Niger.,file:///home/oai/share/2022-08-10_PAD4993_niger-integrated-landscape-management-project_english.pdf#:~:text=A,Statement,FALSE,FALSE,PDO section,Datasheet,,,
P177043,World Bank,Niger,2022,PAD,intervention,National forest and pastoral lands inventory and management plans,Policy & Regulatory,,,multiple,"Component 1: Knowledge Creation and Territorial Planning for Climate Resilience includes a national forest and pastoral lands inventory (CP1.1), development of forest, pastoral and fisheries management plans (CP1.2), climate-informed territorial planning and enabling environment for NDC/LDN implementation.",file:///home/oai/share/2022-08-10_PAD4993_niger-integrated-landscape-management-project_english.pdffile:///home/oai/share/2022-08-10_PAD4993_niger-integrated-landscape-management-project_english.pdf,FALSE,FALSE,Component 1,Component 1,,,,
P177043,World Bank,Niger,2022,PAD,intervention,"Landscape restoration investments: reforestation, dune-fixing, hedgerows, multi-purpose plantations, restoration of degraded land, pastoral corridors",Ecosystem Services,,,multiple; small ruminants,"Subcomponent 2.1 invests in landscape restoration: natural assisted regeneration, dune-fixing, hedgerows, multipurpose species plantations, restoration of degraded pastoral and agricultural lands and pastoral corridors to reduce erosion and improve productivity.",file:///home/oai/share/2022-08-10_PAD4993_niger-integrated-landscape-management-project_english.pdf#:~:text=Through%20this%20component%2C%20in%20parallel,in%20terms%20of%20human%20development,FALSE,FALSE,Component 2,Subcomponent 2.1,,,
P177043,World Bank,Niger,2022,PAD,intervention,"Livelihood resilience matching grants for non-timber products, sustainable fisheries, integrated agro-silvo-pastoral farms",Markets & Finance,,,bees; aquaculture; small ruminants,"Subcomponent 2.2 provides matching grants for sustainable development of non-timber forest products (e.g., baobab, honey), artisanal fisheries products, and integrated community agro–silvo–pastoral farms combining beekeeping, market gardening, fish farming and small livestock.",file:///home/oai/share/2022-08-10_PAD4993_niger-integrated-landscape-management-project_english.pdffile:///home/oai/share/2022-08-10_PAD4993_niger-integrated-landscape-management-project_english.pdffile:///home/oai/share/2022-08-10_PAD4993_niger-integrated-landscape-management-project_english.pdf#:~:text=CP2.2.4%3A%20Integrated%20Community%20Agro,in%20Senegal%2C%20Burkina%20and%20Nigeria,FALSE,FALSE,Component 2,Subcomponent 2.2,,,
P177043,World Bank,Niger,2022,PAD,outcome,Land area under sustainable landscape management,Environmental Sustainability,Land use change,Measured,multiple,PDO-level indicators include land area under sustainable landscape management practices implemented by the project.,file:///home/oai/share/2022-08-10_PAD4993_niger-integrated-landscape-management-project_english.pdf#:~:text=Project%20Development%20Objectives,in%20targeted%20communes%20in%20Niger,FALSE,FALSE,Results framework,PDO indicators,,,
P177043,World Bank,Niger,2022,PAD,outcome,Producer organizations with increased access to income earning opportunities,Sustainable Economic Growth,Income amount per capita,Measured,multiple,PDO indicators include the number of producer organizations with increased access to income earning opportunities as a result of matching grants and livelihood investments.,file:///home/oai/share/2022-08-10_PAD4993_niger-integrated-landscape-management-project_english.pdf#:~:text=Project%20Development%20Objectives,in%20targeted%20communes%20in%20Niger,FALSE,FALSE,Results framework,PDO indicators,,,
P177043,World Bank,Niger,2022,PAD,outcome,Net greenhouse gas emissions change,Environmental Sustainability,Climate mitigation/adaptation,Measured,multiple,Indicators measure net GHG emissions (tCO2-e) reduction resulting from landscape restoration interventions.,file:///home/oai/share/2022-08-10_PAD4993_niger-integrated-landscape-management-project_english.pdf#:~:text=Project%20Development%20Objectives,in%20targeted%20communes%20in%20Niger,FALSE,FALSE,Results framework,PDO indicators,,,
P179276,World Bank,Niger,2024,PAD,objective,"Increase productivity, commercialization, and climate resilience for project beneficiaries",,,,cattle; small ruminants; poultry; multiple,"The PDO is to increase productivity, commercialization, and climate resilience for project beneficiaries.",file:///home/oai/share/2024-06-06_PAD5422_niger-livestock-and-agriculture-modernization-project-lamp_english.pdf#:~:text=The%20Project%20Development%20Objective%20,climate%20resilience%20for%20project%20beneficiaries,FALSE,FALSE,PDO section,Datasheet,,,
P179276,World Bank,Niger,2024,PAD,intervention,"Improved crop productivity and climate resilience via improved seeds, e-vouchers, and irrigation development","Crop Management, Technology, R&D",,,multiple,"Subcomponent 1.1 improves crop productivity and climate resilience through improved foundation seeds and certified seeds, e-voucher systems for seed and fertilizer, small-scale and medium/large-scale irrigation, and training for farmers.",file:///home/oai/share/2024-06-06_PAD5422_niger-livestock-and-agriculture-modernization-project-lamp_english.pdf,FALSE,FALSE,Component 1,Subcomponent 1.1,,,,
P179276,World Bank,Niger,2024,PAD,intervention,"Improved livestock productivity via genetic improvement, fodder production, water access, husbandry training and disease surveillance",Livestock Management & Technologies,,,cattle; small ruminants; poultry,"Subcomponent 1.2 invests in genetic improvement (AI centers, improved male breeding stock), fodder production, water access infrastructure, advisory services, training on animal housing and hygiene, and animal health surveillance including Avian Influenza and PPR; incentives for private veterinary networks are provided.",file:///home/oai/share/2024-06-06_PAD5422_niger-livestock-and-agriculture-modernization-project-lamp_english.pdf,FALSE,FALSE,Component 1,Subcomponent 1.2,,,,
P179276,World Bank,Niger,2024,PAD,intervention,Applied agricultural research on climate-smart technologies,"Crop Management, Technology, R&D",,,multiple,"Subcomponent 1.3 supports applied research on climate-smart crop technologies: producing foundation seeds, testing germplasm for heat/drought tolerance, water-use efficiency, soil quality improvement, integrated pest management, and remote sensing for early warning.",file:///home/oai/share/2024-06-06_PAD5422_niger-livestock-and-agriculture-modernization-project-lamp_english.pdf,FALSE,FALSE,Component 1,Subcomponent 1.3,,,,
P179276,World Bank,Niger,2024,PAD,intervention,Climate-resilient market infrastructure and value chain development,Food Processing & Storage,,,cattle; small ruminants; poultry,"Component 2 provides climate-resilient market infrastructure (storage warehouses, cold-chain equipment, milk collection and cooling centers) and strengthens value chains by completing abattoirs and training actors to comply with health standards and operate facilities.",file:///home/oai/share/2024-06-06_PAD5422_niger-livestock-and-agriculture-modernization-project-lamp_english.pdf#:~:text=Component%202%3A%20Improving%20Agriculture%20and,US%2426%20million,FALSE,FALSE,Component 2,Subcomponent 2.1,,,
P179276,World Bank,Niger,2024,PAD,intervention,Strengthen food safety and SPS capacity,Public Health,,,cattle; poultry; multiple,"Subcomponent 2.2 strengthens food safety and sanitary and phytosanitary capacity: training veterinary and plant protection agencies, monitoring pesticides and veterinary drug residues, and surveillance of diseases such as Avian Influenza and Contagious Bovine Pleuropneumonia.",file:///home/oai/share/2024-06-06_PAD5422_niger-livestock-and-agriculture-modernization-project-lamp_english.pdf#:~:text=Subcomponent%202,surveillance%20to%20respond%20to%20the,FALSE,FALSE,Component 2,Subcomponent 2.2,,,
P179276,World Bank,Niger,2024,PAD,intervention,Mobilize private investors and contract farming,Markets & Finance,,,multiple,"Subcomponent 2.3 maps opportunities for investments, establishes industry dialogue platforms, supports contract farming and digital aggregator models to link producers with off-takers and investors.",file:///home/oai/share/2024-06-06_PAD5422_niger-livestock-and-agriculture-modernization-project-lamp_english.pdf#:~:text=This%20will%20increase%20the%20impact,and%20processers%20to%20raise%20awareness,FALSE,FALSE,Component 2,Subcomponent 2.3,,,
P179276,World Bank,Niger,2024,PAD,intervention,Credit enhancement and guarantee funds for agricultural finance,Markets & Finance,,,multiple,"Component 3 establishes credit enhancement grants via FISAN, sets up a guarantee fund managed by SAHFI, and provides technical assistance to financial institutions to develop climate-adapted products, equipment leasing, and index insurance.",file:///home/oai/share/2024-06-06_PAD5422_niger-livestock-and-agriculture-modernization-project-lamp_english.pdf,FALSE,FALSE,Component 3,Component 3,,,,
P179276,World Bank,Niger,2024,PAD,intervention,"Project coordination, monitoring and capacity building",Advisory and Extension,,,multiple,"Component 4 supports project coordination, monitoring and evaluation, management information systems, citizen engagement, and capacity building for ministry staff and partner agencies.",file:///home/oai/share/2024-06-06_PAD5422_niger-livestock-and-agriculture-modernization-project-lamp_english.pdf#:~:text=Page%2017,FALSE,FALSE,Component 4,Component 4,,,,
P179276,World Bank,Niger,2024,PAD,outcome,Area with improved irrigation/drainage,Resilience,Climate resilience,Measured,multiple,PDO-level indicators include the area of land with improved irrigation/drainage services as a result of project interventions.,file:///home/oai/share/2024-06-06_PAD5422_niger-livestock-and-agriculture-modernization-project-lamp_english.pdf#:~:text=The%20PDO%20level%20indicators%20are%3A,products%20among%20targeted%20beneficiaries,FALSE,FALSE,Results framework,PDO indicators,,,
P179276,World Bank,Niger,2024,PAD,outcome,Increase in yields and volumes of crops and animal products,Sustainable Economic Growth,Productivity,Measured,multiple,"The results framework measures increased yields of targeted crops and animal products (milk, meat) and increased volumes of crops and livestock products sold.",file:///home/oai/share/2024-06-06_PAD5422_niger-livestock-and-agriculture-modernization-project-lamp_english.pdf#:~:text=The%20PDO%20level%20indicators%20are%3A,products%20among%20targeted%20beneficiaries,FALSE,FALSE,Results framework,PDO indicators,,,
P179276,World Bank,Niger,2024,PAD,outcome,People with enhanced climate resilience,Resilience,Climate resilience,Measured,multiple,"PDO-level indicators include the number of people with enhanced climate resilience as a result of improved irrigation, seeds, livestock services and financing.",file:///home/oai/share/2024-06-06_PAD5422_niger-livestock-and-agriculture-modernization-project-lamp_english.pdf#:~:text=The%20PDO%20level%20indicators%20are%3A,products%20among%20targeted%20beneficiaries,FALSE,FALSE,Results framework,PDO indicators,,,
P179276,World Bank,Niger,2024,PAD,outcome,Improvement in food and nutrition security,Food Security & Nutrition,Food access,Measured,multiple,PDO-level indicators measure improvements in food and nutrition security of beneficiaries.,file:///home/oai/share/2024-06-06_PAD5422_niger-livestock-and-agriculture-modernization-project-lamp_english.pdf#:~:text=The%20PDO%20level%20indicators%20are%3A,products%20among%20targeted%20beneficiaries,FALSE,FALSE,Results framework,PDO indicators,,,
P164967,World Bank,Senegal,2020,PAD,objective,Enhance productivity and market access of priority commodity value chains and livestock in the Extended Groundnut Basin and Agro-pastoral Areas,,,,cattle; small ruminants; dairy; poultry; multiple,The Program Development Objective (PDO) is to enhance productivity and market access of priority commodity value chains and livestock in the Extended Groundnut Basin and Agro-pastoral Areas.,file:///home/oai/share/2020-04-21_PAD3651_senegal-agriculture-and-livestock-competitiveness-program-for-results-project_english.pdf#:~:text=Program%20Development%20Objective,pastoral%20Areas,FALSE,FALSE,PDO section,Datasheet,,,
P164967,World Bank,Senegal,2020,PAD,intervention,Restore seed production and provide quality inputs for priority crops,"Crop Management, Technology, R&D",,,multiple,Results Area 1 includes restoring seed production and supply systems and providing access to quality agricultural inputs to increase crop productivity in the groundnut basin.,file:///home/oai/share/2020-04-21_PAD3651_senegal-agriculture-and-livestock-competitiveness-program-for-results-project_english.pdf,FALSE,FALSE,Results Area 1,Crop productivity,,,,
P164967,World Bank,Senegal,2020,PAD,intervention,Improve animal health through vaccination and eradication programs,Public Health,,,small ruminants; poultry; cattle,"Results Area 1.1.b focuses on livestock productivity by eradicating Peste des Petits Ruminants (PPR), controlling Newcastle disease and fowlpox, and providing vaccines and training to animal health workers and finalizing the Animal Health Code.",file:///home/oai/share/2020-04-21_PAD3651_senegal-agriculture-and-livestock-competitiveness-program-for-results-project_english.pdf,FALSE,FALSE,Results Area 1,Livestock productivity,,,,
P164967,World Bank,Senegal,2020,PAD,intervention,Improve feed and fodder production and regulate feed quality,Livestock Management & Technologies,,,cattle; small ruminants,The program supports production of forage seed and regulates feed quality to ensure adequate nutrition for livestock.,file:///home/oai/share/2020-04-21_PAD3651_senegal-agriculture-and-livestock-competitiveness-program-for-results-project_english.pdf,FALSE,FALSE,Results Area 1,Livestock productivity,,,,
P164967,World Bank,Senegal,2020,PAD,intervention,Genetic improvement and herd management for livestock,Livestock Management & Technologies,,,cattle; dairy; small ruminants,A National Genetic Improvement Plan aims to improve animal genetic material; the program also promotes better housing and herd management practices.,file:///home/oai/share/2020-04-21_PAD3651_senegal-agriculture-and-livestock-competitiveness-program-for-results-project_english.pdf,FALSE,FALSE,Results Area 1,Livestock productivity,,,,
P164967,World Bank,Senegal,2020,PAD,intervention,Diversify crops and extend social safety nets for resilience,"Crop Management, Technology, R&D",,,multiple; livestock,"The project diversifies agricultural production through small-scale irrigation, water harvesting and integrated land/soil management and extends social safety nets to improve resilience.",file:///home/oai/share/2020-04-21_PAD3651_senegal-agriculture-and-livestock-competitiveness-program-for-results-project_english.pdf#:~:text=the%20formulation%20of%20a%20National,techniques%20and%20tools%2C%20and%20results,FALSE,FALSE,Results Area 1,Crosscutting resilience,,,
P164967,World Bank,Senegal,2020,PAD,outcome,Increase in yields of groundnuts and other crops,Sustainable Economic Growth,Yield,Measured,multiple,PDO-level indicators include yield increases of groundnuts and other priority crops per hectare.,file:///home/oai/share/2020-04-21_PAD3651_senegal-agriculture-and-livestock-competitiveness-program-for-results-project_english.pdf#:~:text=Program%20Development%20Objective,pastoral%20Areas,FALSE,FALSE,Results framework,PDO indicators,,,
P164967,World Bank,Senegal,2020,PAD,outcome,Decrease in small ruminant mortality rate,Resilience,Animal health,Measured,small ruminants,The results framework includes a target for decreasing the mortality rate of small ruminants as part of livestock health improvements.,file:///home/oai/share/2020-04-21_PAD3651_senegal-agriculture-and-livestock-competitiveness-program-for-results-project_english.pdf#:~:text=Program%20Development%20Objective,pastoral%20Areas,FALSE,FALSE,Results framework,PDO indicators,,,
P164967,World Bank,Senegal,2020,PAD,outcome,Increase in dairy farm productivity and milk sales,Sustainable Economic Growth,Productivity,Measured,dairy,PDO indicators include increased productivity of dairy farms and increased volume of milk commercialized by dairy cooperatives.,file:///home/oai/share/2020-04-21_PAD3651_senegal-agriculture-and-livestock-competitiveness-program-for-results-project_english.pdf#:~:text=Program%20Development%20Objective,pastoral%20Areas,FALSE,FALSE,Results framework,PDO indicators,,,
P164967,World Bank,Senegal,2020,PAD,outcome,Vaccination coverage for PPR and other diseases,Resilience,Animal health,Measured,small ruminants; poultry; cattle,Indicators measure vaccination coverage for Peste des Petits Ruminants (PPR) and progress toward strategies for controlling Newcastle disease and other epizootics.,file:///home/oai/share/2020-04-21_PAD3651_senegal-agriculture-and-livestock-competitiveness-program-for-results-project_english.pdf#:~:text=Program%20Development%20Objective,pastoral%20Areas,FALSE,FALSE,Results framework,PDO indicators,,,
P170213,World Bank,South Africa,2021,PAD,objective,Increase investment in three protected area landscapes to grow the biodiversity economy and benefits to local communities,,,,wildlife; unspecified,The PDO is to increase investment in three target protected area landscapes to grow the biodiversity economy and benefits to local communities.,file:///home/oai/share/2021-06-17_PAD3537_south-africa-catalyzing-financing-and-capacity-for-the-biodiversity-economy-around-protected-areas-project_english.pdf#:~:text=A,Statement,FALSE,FALSE,PDO section,Datasheet,,,
P170213,World Bank,South Africa,2021,PAD,intervention,Build biodiversity economy nodes for community stewardship and livelihoods,Ecosystem Services,,,wildlife,"Component 1 supports stakeholder coordination, technical assistance to small businesses, benefit sharing mechanisms, and expansion of protected area estates to build biodiversity economy nodes for community stewardship and livelihoods.",file:///home/oai/share/2021-06-17_PAD3537_south-africa-catalyzing-financing-and-capacity-for-the-biodiversity-economy-around-protected-areas-project_english.pdf#:~:text=A,Statementfile:///home/oai/share/2021-06-17_PAD3537_south-africa-catalyzing-financing-and-capacity-for-the-biodiversity-economy-around-protected-areas-project_english.pdf#:~:text=Component%201%20%28US%247%2C480%2C339%29,the%20threat%20to%20the%20biodiversity,FALSE,FALSE,Component 1,Component 1,,
P170213,World Bank,South Africa,2021,PAD,intervention,Knowledge exchange and capacity building across nodes,Advisory and Extension,,,wildlife,"Component 2 promotes knowledge exchange across biodiversity economy nodes, including peer-to-peer learning and dissemination of best practices.",file:///home/oai/share/2021-06-17_PAD3537_south-africa-catalyzing-financing-and-capacity-for-the-biodiversity-economy-around-protected-areas-project_english.pdf#:~:text=A,Statement,FALSE,FALSE,Component 2,Component 2,,,
P170213,World Bank,South Africa,2021,PAD,outcome,Area under improved management and economic practices,Environmental Sustainability,Biodiversity,Measured,wildlife,PDO indicators include area under improved practices and biodiversity economy management in the three targeted landscapes.,file:///home/oai/share/2021-06-17_PAD3537_south-africa-catalyzing-financing-and-capacity-for-the-biodiversity-economy-around-protected-areas-project_english.pdf#:~:text=A,Statement,FALSE,FALSE,Results framework,PDO indicators,,,
P170213,World Bank,South Africa,2021,PAD,outcome,Resources leveraged for biodiversity economy investments,Environmental Sustainability,Income amount per capita,Measured,wildlife,Indicators track the volume of resources leveraged for biodiversity economy investments.,file:///home/oai/share/2021-06-17_PAD3537_south-africa-catalyzing-financing-and-capacity-for-the-biodiversity-economy-around-protected-areas-project_english.pdf#:~:text=A,Statement,FALSE,FALSE,Results framework,PDO indicators,,,
P170213,World Bank,South Africa,2021,PAD,outcome,SMMEs supported and beneficiaries reached,Inclusivity & Women’s Empowerment,Youth employment,Measured,wildlife,PDO indicators include the number of SMME businesses supported and the number of beneficiaries (with gender disaggregation) receiving benefits from the biodiversity economy projects.,file:///home/oai/share/2021-06-17_PAD3537_south-africa-catalyzing-financing-and-capacity-for-the-biodiversity-economy-around-protected-areas-project_english.pdf#:~:text=A,Statement,FALSE,FALSE,Results framework,PDO indicators,,,
P174097,World Bank,South Africa,2021,PAD,objective,Increase black rhino populations in target protected areas in South Africa,,,,wildlife (black rhino),The PDO is to increase black rhino populations in target protected areas in South Africa.,file:///home/oai/share/2021-08-16_PAD4055_south-africa-south-african-national-parks-and-the-eastern-cape-parks-and-tourism-agency-wildlife-conservation-bond-opera_english.pdf#:~:text=A,protected%20areas%20in%20South%20Africa,FALSE,FALSE,PDO section,Datasheet,,,
P174097,World Bank,South Africa,2021,PAD,intervention,Wildlife Conservation Bond financing conservation activities,Markets & Finance,,,wildlife (black rhino),The project issues a Wildlife Conservation Bond where investors forego coupon payments to finance conservation in Addo Elephant National Park and Great Fish River Nature Reserve; success payments are funded by the GEF if rhino populations increase.,file:///home/oai/share/2021-08-16_PAD4055_south-africa-south-african-national-parks-and-the-eastern-cape-parks-and-tourism-agency-wildlife-conservation-bond-opera_english.pdf#:~:text=22,targets%2C%20as%20further%20described%20below,FALSE,FALSE,Project description,Conservation bond,,,
P174097,World Bank,South Africa,2021,PAD,outcome,Percent increase in black rhino populations,Environmental Sustainability,Biodiversity,Measured,wildlife (black rhino),The key result indicator is the percent increase in black rhino populations (compound annual growth rate) in the target protected areas.,file:///home/oai/share/2021-08-16_PAD4055_south-africa-south-african-national-parks-and-the-eastern-cape-parks-and-tourism-agency-wildlife-conservation-bond-opera_english.pdf#:~:text=A,protected%20areas%20in%20South%20Africa,FALSE,FALSE,Results framework,PDO indicators,,,
P163559,World Bank,South Sudan,2017,PAD,objective,Support emergency food and nutrition security in South Sudan,,,,unspecified,The project aims to provide emergency food and nutrition security to vulnerable populations in South Sudan.,file:///home/oai/share/2017-04-28_PAD2383_south-sudan-emergency-food-and-nutrition-project_english.pdf#:~:text=match%20at%20L216%20South%20Sudan,P163559,TRUE,FALSE,Introduction,Title page and references,,,
P179851,World Bank,Tajikistan,2022,PID,objective,To strengthen the foundations for a more resilient agricultural sector and support emergency interventions to address food and nutrition security in Tajikistan,,,,,The development objective of the project is to strengthen the foundations for a more resilient agricultural sector and support emergency interventions to address food and nutrition security in Tajikistan.,file:///home/oai/share/2022-11-17_PIDA34875_project-information-document-tajikistan-strengthening-resilience-of-the-agriculture-sector-project-additional-financing_english.pdf#:~:text=The%20development%20objective%20of%20the,resilient%20agricultural%20sector%20in%20Tajikistan,FALSE,FALSE,p. 2,Datasheet,,,
P179851,World Bank,Tajikistan,2022,PID,intervention,"Strengthen seed, seedling and planting material systems",Livestock Management & Technologies,,,unspecified,"The project will finance activities aimed at improving the enabling environment and ensuring the availability of improved, locally adapted, farmer‑preferred, and climate‑resilient seeds, seedlings and planting materials for priority crops.",file:///home/oai/share/2022-11-17_PIDA34875_project-information-document-tajikistan-strengthening-resilience-of-the-agriculture-sector-project-additional-financing_english.pdf#:~:text=Component%201%3A%20Strengthening%20seed%2C%20seedling%2C,in%20sufficient%20quantity%20and%20quality,FALSE,FALSE,p. 10,Component 1,,,
P179851,World Bank,Tajikistan,2022,PID,intervention,Support investments in Agri‑Logistical Centers (ALCs) for horticulture value chains,Food Processing & Storage,,,unspecified,Component activities include supporting investments in Agri‑Logistical Centers for horticulture value chains.,file:///home/oai/share/2022-11-17_PIDA34875_project-information-document-tajikistan-strengthening-resilience-of-the-agriculture-sector-project-additional-financing_english.pdf#:~:text=Components%20Strengthening%20seed%2C%20seedling%20and,management%20Project%20management%20and%20coordination,FALSE,FALSE,p. 2,Component summary,,,
P179851,World Bank,Tajikistan,2022,PID,intervention,"Strengthen public capacity for crises prevention and management (food security law review, crisis plan, early warning, price information)",Policy & Regulatory,,,unspecified,"The additional financing will fund review of the food security law, development of a food security crisis preparedness plan, and strengthen public capacity by improving livestock early warning systems and price information systems, including scaling up digital technologies.",file:///home/oai/share/2022-11-17_PIDA34875_project-information-document-tajikistan-strengthening-resilience-of-the-agriculture-sector-project-additional-financing_english.pdf#:~:text=9,the%20rolling%20out,FALSE,FALSE,p. 10,Component 3 / subcomponent,,,
P179851,World Bank,Tajikistan,2022,PID,intervention,"Procure and distribute emergency seeds, fertilizers and small‑scale farm machinery",Markets & Finance,,,unspecified,"The project will finance procurement and distribution of emergency seeds, fertilizers and small‑scale innovative farm machinery to vulnerable rural households including women.",file:///home/oai/share/2022-11-17_PIDA34875_project-information-document-tajikistan-strengthening-resilience-of-the-agriculture-sector-project-additional-financing_english.pdf#:~:text=governing%20food%20and%20nutrition%20security%2C,the%20establishment%20and,FALSE,FALSE,p. 10,Component 3 / subcomponent,,,
P179851,World Bank,Tajikistan,2022,PID,intervention,Establish additional Agri‑Logistical Centers and strengthen price information systems,Food Processing & Storage,,,unspecified,Financing includes the establishment and operationalization of additional Agri‑Logistical Centers and scaling up digital price information systems.,file:///home/oai/share/2022-11-17_PIDA34875_project-information-document-tajikistan-strengthening-resilience-of-the-agriculture-sector-project-additional-financing_english.pdf#:~:text=rural%20households%2C%20including%20women%3B%20iv,the%20rolling%20out,FALSE,FALSE,p. 10,Component 3 / subcomponent,,,
P179851,World Bank,Tajikistan,2022,PID,intervention,Establish premix revolving fund and distribute micronutrient supplements and RUTFs,Public Health,,,unspecified,"The project will establish a “premix revolving fund” to procure quality micronutrient premixes and potassium iodate for food fortification and will procure and distribute micronutrient and vitamin supplements for pregnant and lactating women, young children, and ready‑to‑use therapeutic foods for children at risk of severe acute malnutrition.",file:///home/oai/share/2022-11-17_PIDA34875_project-information-document-tajikistan-strengthening-resilience-of-the-agriculture-sector-project-additional-financing_english.pdf#:~:text=,SAM%29%2C%20including,FALSE,FALSE,p. 10,Nutrition subcomponent,,,
P179851,World Bank,Tajikistan,2022,PID,intervention,"Implement nutrition‑sensitive agriculture interventions and capacity building, including media campaigns",Behavior Change & Social Programs,,,unspecified,"Interventions include a media and communication campaign on healthy diets and micronutrient intake, implementation of nutrition‑sensitive agriculture interventions and capacity building through training, study tours and exchange visits.",file:///home/oai/share/2022-11-17_PIDA34875_project-information-document-tajikistan-strengthening-resilience-of-the-agriculture-sector-project-additional-financing_english.pdf#:~:text=media%20and%20communication%20campaign%20on,MOA%20in%20nutrition%20sensitive%20agriculture,FALSE,FALSE,p. 10,Nutrition subcomponent,,,
P179851,World Bank,Tajikistan,2022,PID,outcome,Beneficiaries adopting improved livestock production technologies and practices that control GHG emissions and enhance climate resilience,Environmental Sustainability,Adoption,Intended,cattle; small ruminants,The key result indicators include the percentage of beneficiaries adopting improved livestock production technologies and practices that control greenhouse gas emissions and/or enhance resilience to climate change.,file:///home/oai/share/2022-11-17_PIDA34875_project-information-document-tajikistan-strengthening-resilience-of-the-agriculture-sector-project-additional-financing_english.pdf#:~:text=8,to%20climate%20change%2C%20among%20others,FALSE,FALSE,p. 9,Key Results,,,
P179851,World Bank,Tajikistan,2022,PID,outcome,Increase in total value of livestock products sold,Sustainable Economic Growth,Market efficiency,Intended,cattle; small ruminants,The project’s key results include an increase in the total value of livestock products sold.,file:///home/oai/share/2022-11-17_PIDA34875_project-information-document-tajikistan-strengthening-resilience-of-the-agriculture-sector-project-additional-financing_english.pdf#:~:text=,PDO%203%3A%20Increased%20participation%20of,FALSE,FALSE,p. 9,Key Results,,,
P179851,World Bank,Tajikistan,2022,PID,outcome,Increased participation of targeted smallholder farmers in formal markets,Sustainable Economic Growth,Market efficiency,Intended,cattle; small ruminants,Among the key results is an increased participation of targeted smallholder farmers (dehkans) in formal markets.,file:///home/oai/share/2022-11-17_PIDA34875_project-information-document-tajikistan-strengthening-resilience-of-the-agriculture-sector-project-additional-financing_english.pdf#:~:text=,4%3A%20Increased%20productivity%20of%20targeted,FALSE,FALSE,p. 9,Key Results,,,
P179851,World Bank,Tajikistan,2022,PID,outcome,Increase in productivity of targeted livestock commodities,Sustainable Economic Growth,Productivity,Intended,cattle; small ruminants,"The project aims to increase the productivity of targeted livestock commodities, disaggregated by value chain.",file:///home/oai/share/2022-11-17_PIDA34875_project-information-document-tajikistan-strengthening-resilience-of-the-agriculture-sector-project-additional-financing_english.pdf#:~:text=markets%20,e,FALSE,FALSE,p. 9,Key Results,,,
P179851,World Bank,Tajikistan,2022,PID,outcome,Prevalence of moderate or severe food insecurity (FIES),Food Security & Nutrition,"Food access, availability",Intended,unspecified,An additional objective is to measure the prevalence of moderate or severe food insecurity in the population using the Food Insecurity Experience Scale.,file:///home/oai/share/2022-11-17_PIDA34875_project-information-document-tajikistan-strengthening-resilience-of-the-agriculture-sector-project-additional-financing_english.pdf#:~:text=chain%2924%20,disaggregated%20by%20gender%2C%20using%20FIES25,FALSE,FALSE,p. 9,Key Results,,,
P507504,World Bank,Philippines,2024,PID,objective,"To promote modern and resource‑efficient agrifood systems for increased productivity, diversification and resilience in the Philippines",,,,,"The Program Development Objective is to promote modern and resource‑efficient agrifood systems for increased productivity, diversification and resilience in the Philippines.",file:///home/oai/share/2024-12-06_PIDPC00158_concept-program-information-document-pid_english.pdf#:~:text=Program%20Development%20Objective,FALSE,FALSE,p. 8,PDO section,,,,
P507504,World Bank,Philippines,2024,PID,intervention,Provide high‑yielding rice seed and scale up direct seeding programs; replace paper vouchers with digital eVouchers; train farmers in climate‑smart technologies and increase mechanization,"Crop Management & Technology, Advisory and Extension",,,unspecified,"Result Area 1 activities include providing agro‑ecologically suitable seed of high‑yielding rice varieties and scaling up direct seeding programs, replacing paper voucher systems with electronic Intervention Monitoring Cards, training farmers in climate‑smart technologies and digital applications and increasing farm mechanization.",file:///home/oai/share/2024-12-06_PIDPC00158_concept-program-information-document-pid_english.pdf#:~:text=Result%20Area%201%3A%20%20Enhanced,based,FALSE,FALSE,p. 9,Result Area 1,,,
P507504,World Bank,Philippines,2024,PID,intervention,"Provide farmers and cooperatives access to modern drying, milling and storage facilities and rehabilitate post‑harvest infrastructure; establish digital platforms linking producers with markets","Food Processing & Storage, Markets & Finance",,,unspecified,"Result Area 2 includes providing Farmer Cooperative and Associations with access to modern drying, milling and storage facilities with buy‑back arrangements, enhancing availability of warehouse facilities, planning and installing modern post‑harvest grain facilities, establishing digital platforms linking producers with agribusinesses and markets and promoting farm clustering and cooperatives.",file:///home/oai/share/2024-12-06_PIDPC00158_concept-program-information-document-pid_english.pdf#:~:text=marketable%20products%20among%20producers%20and,for%20farmer%20cooperatives%20and%20associations,FALSE,FALSE,p. 9,Result Area 2,,,
P507504,World Bank,Philippines,2024,PID,intervention,"Strengthen Department of Agriculture planning, budgeting and harmonize planning with local governments; incentivize private investments through RCEF reforms; enhance institutional arrangements for digital transition",Policy & Regulatory,,,unspecified,"Result Area 3 activities include strengthening Department of Agriculture planning and budgeting processes, harmonizing DA and local government planning, strengthening the Rice Competitiveness Enhancement Fund and providing incentives to private sector investments, and enhancing institutional arrangements for digital transition and innovations.",file:///home/oai/share/2024-12-06_PIDPC00158_concept-program-information-document-pid_english.pdf#:~:text=28,transition%20and%20other%20agricultural%20innovations,FALSE,FALSE,p. 9,Result Area 3,,,
P507504,World Bank,Philippines,2024,PID,intervention,"Train farmers in post‑harvest loss reduction, promote climate‑smart post‑harvest practices and support farmer clustering and cooperatives","Advisory and Extension, Food Processing & Storage",,,unspecified,"Under Result Area 2, activities include training farmers and post‑harvest service providers on post‑harvest loss reduction, promoting climate‑smart post‑harvest management, clustering farms into larger units and supporting farmer cooperatives for improved market access.",file:///home/oai/share/2024-12-06_PIDPC00158_concept-program-information-document-pid_english.pdf#:~:text=marketable%20products%20among%20producers%20and,for%20farmer%20cooperatives%20and%20associations,FALSE,FALSE,p. 9,Result Area 2,,,
P507504,World Bank,Philippines,2024,PID,outcome,Increase in productivity of agrifood systems,Sustainable Economic Growth,Productivity,Intended,unspecified,PDO indicators include increased productivity of agrifood systems.,file:///home/oai/share/2024-12-06_PIDPC00158_concept-program-information-document-pid_english.pdf#:~:text=Preliminary%20PDO%20indicators%20are%20as,productivity%20%E2%80%A2%20Crop%20diversification%20index,FALSE,FALSE,p. 8,PDO Indicators,,,
P507504,World Bank,Philippines,2024,PID,outcome,Improved crop diversification index,Sustainable Economic Growth,Income diversity,Intended,unspecified,PDO indicators include improvements in the crop diversification index.,file:///home/oai/share/2024-12-06_PIDPC00158_concept-program-information-document-pid_english.pdf#:~:text=Preliminary%20PDO%20indicators%20are%20as,%E2%80%A2%20Crop%20diversification%20index%20%E2%80%A2,FALSE,FALSE,p. 8,PDO Indicators,,,
P507504,World Bank,Philippines,2024,PID,outcome,Increase in number of farmers adopting climate‑smart technologies and practices,Sustainable Economic Growth,Adoption,Intended,unspecified,One PDO indicator is the increased number of farmers adopting climate‑smart technologies and practices.,file:///home/oai/share/2024-12-06_PIDPC00158_concept-program-information-document-pid_english.pdf#:~:text=Increased%20number%20of%20farmers%20adopting,smart%20technologies%20and%20practices%20%E2%80%A2,FALSE,FALSE,p. 8,PDO Indicators,,,
P507504,World Bank,Philippines,2024,PID,outcome,Increased volume of agricultural production sold at farm gate (proxy for incomes),Sustainable Economic Growth,Market efficiency,Intended,unspecified,"The program intends to increase the volume of agricultural production sold at the farm gate, serving as a proxy for higher incomes.",file:///home/oai/share/2024-12-06_PIDPC00158_concept-program-information-document-pid_english.pdf#:~:text=Increased%20volume%20of%20agricultural%20production,proxy%20for%20incomes%29%20%E2%80%A2,FALSE,FALSE,p. 8,PDO Indicators,,,
P507504,World Bank,Philippines,2024,PID,outcome,Increased volume of perishable commodities benefiting from improved post‑harvest storage and handling,Sustainable Economic Growth,Market efficiency,Intended,unspecified,The PDO indicators include increased volume of selected perishable commodities benefiting from improved post‑harvest storage and handling.,file:///home/oai/share/2024-12-06_PIDPC00158_concept-program-information-document-pid_english.pdf#:~:text=incomes,harvest%20storage%20and%20handling,FALSE,FALSE,p. 8,PDO Indicators,,,
P512497,World Bank,Philippines,2025,PID,objective,"To improve the country’s capacity to detect, report and respond to existing and emerging pathogens with epidemic potential among humans, animals, and wildlife",,,,,"The Project Development Objective is to improve the country’s capacity to detect, report and respond to existing and emerging pathogens with epidemic potential among humans, animals, and wildlife.",file:///home/oai/share/2025-08-15_PIDDC01386_concept-project-information-document-pid_english.pdf#:~:text=Proposed%20Development%20Objective,among%20humans%2C%20animals%2C%20and%20wildlife,FALSE,FALSE,p. 2,PDO section,,,
P512497,World Bank,Philippines,2025,PID,intervention,"Expand One Health surveillance pilot, unify disease reporting systems, provide analytics training and strengthen the Department of Health command center",Public Health,,,multiple,"Component 1 (Human Health) will expand the One Health surveillance pilot, unify existing disease reporting systems, provide training in advanced analytics, and strengthen the Department of Health command center for real‑time decision making.",file:///home/oai/share/2025-08-15_PIDDC01386_concept-project-information-document-pid_english.pdf#:~:text=%E2%80%A2%20Component%201%3A%20Human%20Health,regulatory%20systems%20and%20mapping%20the,FALSE,FALSE,p. 6,Component 1,,,
P512497,World Bank,Philippines,2025,PID,intervention,"Develop national operational guidelines and essential diagnostics lists, train laboratory staff and pilot rapid diagnostic tests for priority pathogens",Public Health,,,multiple,"Component 1 will support development of operational guidelines and national lists of essential diagnostics, train laboratory staff, pilot rapid diagnostic tests for priority pathogens and strengthen laboratory regulatory systems.",file:///home/oai/share/2025-08-15_PIDDC01386_concept-project-information-document-pid_english.pdf#:~:text=%E2%80%A2%20Component%201%3A%20Human%20Health,regulatory%20systems%20and%20mapping%20the,FALSE,FALSE,p. 6,Component 1,,,
P512497,World Bank,Philippines,2025,PID,intervention,"Improve animal health surveillance and response, upgrade the Philippine Animal Health Information System, reinforce One Health coordination and upgrade animal health laboratories",Public Health,,,multiple,"Component 2 (Animal Health) will improve early detection and response to animal disease outbreaks, enhance surveillance protocols, upgrade the Philippine Animal Health Information System, reinforce One Health coordination, upgrade animal health laboratories and expand animal health testing capacity.",file:///home/oai/share/2025-08-15_PIDDC01386_concept-project-information-document-pid_english.pdf#:~:text=Component%202%3A%20Animal%20Health,disease%20risks%2C%20and%20agricultural%20needs,FALSE,FALSE,p. 6,Component 2,,,
P512497,World Bank,Philippines,2025,PID,outcome,Number of local government units with operational harmonized surveillance systems for animal and human health sectors,Resilience,Maintenance of operations,Intended,multiple,PDO indicators include the number of local government units with operational harmonized surveillance systems for animal and human health sectors.,file:///home/oai/share/2025-08-15_PIDDC01386_concept-project-information-document-pid_english.pdf#:~:text=%E2%80%A2%20Number%20of%20LGUs%20with,and%20skills%20on%20One%20Health,FALSE,FALSE,p. 3,PDO Indicators,,,
P512497,World Bank,Philippines,2025,PID,outcome,Number of national and regional laboratories upgraded and equipped,Resilience,Maintenance of operations,Intended,multiple,One PDO indicator measures the number of national and regional laboratories upgraded and equipped.,file:///home/oai/share/2025-08-15_PIDDC01386_concept-project-information-document-pid_english.pdf#:~:text=%E2%80%A2%20Number%20of%20LGUs%20with,and%20skills%20on%20One%20Health,FALSE,FALSE,p. 3,PDO Indicators,,,
P512497,World Bank,Philippines,2025,PID,outcome,Number of persons equipped with knowledge and skills on One Health,Inclusivity & Women’s Empowerment,Knowledge increase,Intended,multiple,A PDO indicator counts the number of persons equipped with knowledge and skills on One Health.,file:///home/oai/share/2025-08-15_PIDDC01386_concept-project-information-document-pid_english.pdf#:~:text=%E2%80%A2%20Number%20of%20LGUs%20with,and%20skills%20on%20One%20Health,FALSE,FALSE,p. 3,PDO Indicators,,,
P161304,World Bank,Sudan,2018,PID,objective,To increase the adoption of sustainable land and water management practices in targeted landscapes,,,,,The Project Development Objective of the additional financing is to increase the adoption of sustainable land and water management practices in targeted landscapes.,file:///home/oai/share/2018-04-26_PIDISDSA24450_project-information-document-integrated-safeguards-data-sheet-sudan-sustainable-natural-resources-management-project-p16_english.pdf#:~:text=Project%20Development%20Objective,practices%20in%20targeted%20landscapes%E2%80%9D,FALSE,FALSE,p. 4,Datasheet,,,
P161304,World Bank,Sudan,2018,PID,intervention,Strengthen capacity of natural resources institutions and inter‑agency collaboration for integrated land management planning and community participation,Policy & Regulatory,,,unspecified,"Component 1 will strengthen the capacity of natural resources institutions, develop inter‑agency collaboration, assist communities in preparing and implementing integrated land management plans, manage and maintain soil and water conservation structures, address barriers to knowledge access, and promote inclusion and community participation.",file:///home/oai/share/2018-04-26_PIDISDSA24450_project-information-document-integrated-safeguards-data-sheet-sudan-sustainable-natural-resources-management-project-p16_english.pdf#:~:text=Component%201%3A%20Institutional%20and%20Policy,funds%20will%20be%20vested%20in,FALSE,FALSE,p. 8,Component 1,,,
P161304,World Bank,Sudan,2018,PID,intervention,"Gazette and rehabilitate forest reserves and rangelands through reforestation, enrichment planting, natural regeneration and sand dune stabilization",Forestry Management & Technologies,,,unspecified,"Component 2 will gazette forest reserves and rehabilitate rangelands through reforestation, enrichment planting, natural regeneration, sand dune stabilization and sustainable forest and rangeland management plans.",file:///home/oai/share/2018-04-26_PIDISDSA24450_project-information-document-integrated-safeguards-data-sheet-sudan-sustainable-natural-resources-management-project-p16_english.pdf#:~:text=Component%202%3A%20Community,State%2C%20Telkuk%20Forest%20Reserve%20in,FALSE,FALSE,p. 10,Component 2,,,
P161304,World Bank,Sudan,2018,PID,intervention,"Scale up soil, land and water management interventions and promote community participation in rehabilitating degraded lands and forests",Ecosystem Services,,,unspecified,"The additional financing will expand sustainable land and water management interventions across new states and promote community participation in rehabilitating degraded lands and forests, including wind shelterbelts and range development.",file:///home/oai/share/2018-04-26_PIDISDSA24450_project-information-document-integrated-safeguards-data-sheet-sudan-sustainable-natural-resources-management-project-p16_english.pdf#:~:text=The%20AF%20grant%20will%20,developing%20and%20disseminating%20knowledge%20and,FALSE,FALSE,p. 7,Project description,,,
P161304,World Bank,Sudan,2018,PID,intervention,Support range and pasture development and diversification of cropping‑livestock systems; strengthen local institutions and improve access to climate information,Livestock Management & Technologies,,,unspecified,"Component 2 will support range and pasture development, diversification of cropping‑livestock systems, inclusion of vulnerable groups, strengthening of local institutions, and improved access to climate information for community decision making.",file:///home/oai/share/2018-04-26_PIDISDSA24450_project-information-document-integrated-safeguards-data-sheet-sudan-sustainable-natural-resources-management-project-p16_english.pdf#:~:text=Component%202%3A%20Community,State%2C%20Telkuk%20Forest%20Reserve%20in,FALSE,FALSE,p. 10,Component 2,,,
P161304,World Bank,Sudan,2018,PID,intervention,Strengthen climate adaptation policies and reforms and conduct policy studies and value‑chain gap analysis,Policy & Regulatory,,,unspecified,"Component 1 will conduct policy studies and value‑chain gap analysis and strengthen climate adaptation policies and reforms, with emphasis on gender involvement and social accountability.",file:///home/oai/share/2018-04-26_PIDISDSA24450_project-information-document-integrated-safeguards-data-sheet-sudan-sustainable-natural-resources-management-project-p16_english.pdf#:~:text=Component%201%3A%20Institutional%20and%20Policy,funds%20will%20be%20vested%20in,FALSE,FALSE,p. 8,Component 1,,,
P161304,World Bank,Sudan,2018,PID,outcome,Area of forest and rangeland rehabilitated (hectares),Environmental Sustainability,Biodiversity/soil health,Intended,unspecified,"Key results include reforestation and rehabilitation of 5,800 ha of forest areas and 3,600 ha of gazetted forest areas and rehabilitation of 9,000 ha of rangeland.",file:///home/oai/share/2018-04-26_PIDISDSA24450_project-information-document-integrated-safeguards-data-sheet-sudan-sustainable-natural-resources-management-project-p16_english.pdf#:~:text=Key%20outputs%20of%20the%20Additional,for%20the%20newly%20added%20States,FALSE,FALSE,p. 5,Key Results,,,
P161304,World Bank,Sudan,2018,PID,outcome,Number of water management plans developed and personnel trained,Environmental Sustainability,Knowledge increase,Intended,unspecified,"The project aims to develop five water management plans, train 60 personnel on policy formulation and monitoring for sustainable land and water management and train 200 personnel on extension services.",file:///home/oai/share/2018-04-26_PIDISDSA24450_project-information-document-integrated-safeguards-data-sheet-sudan-sustainable-natural-resources-management-project-p16_english.pdf#:~:text=Key%20outputs%20of%20the%20Additional,for%20the%20newly%20added%20States,FALSE,FALSE,p. 5,Key Results,,,
P161304,World Bank,Sudan,2018,PID,outcome,Communities adopting sustainable land and water management practices,Sustainable Economic Growth,Adoption,Intended,unspecified,The project’s PDO and theory of change emphasize increasing the adoption of sustainable land and water management practices by communities in targeted landscapes.,file:///home/oai/share/2018-04-26_PIDISDSA24450_project-information-document-integrated-safeguards-data-sheet-sudan-sustainable-natural-resources-management-project-p16_english.pdf#:~:text=Project%20Development%20Objective,practices%20in%20targeted%20landscapes%E2%80%9Dfile:///home/oai/share/2018-04-26_PIDISDSA24450_project-information-document-integrated-safeguards-data-sheet-sudan-sustainable-natural-resources-management-project-p16_english.pdf#:~:text=by%20targeting%20the%20following%20outcomes%3A,FALSE,FALSE,p. 4; p. 13,PDO & Theory of Change,,,
P159637,World Bank,Togo,2017,PID,objective,To rehabilitate and reinforce productive capacities among targeted beneficiaries across selected value chains and foster an enabling environment for agricultural sector development,,,,,The Project Development Objective is to rehabilitate and reinforce productive capacities among targeted beneficiaries across selected value chains and foster an enabling environment for agricultural sector development.,file:///home/oai/share/2017-02-08_PIDISDSA20821_appraisal-project-information-document-integrated-safeguards-data-sheet-pasa-additional-financing-p159637_english.pdf#:~:text=C,sector%2C%20in%20the%20Recipient%27s%20territory,FALSE,FALSE,p. 3,Datasheet,,,
P159637,World Bank,Togo,2017,PID,intervention,"Promote strategic food crops and export crops (rice, coffee, cocoa) and freshwater fish production with improved productivity, quality standards and market access",Crop Management & Technology; Aquaculture Management & Technologies; Markets & Finance,,,fish,"Component 1 will promote strategic food crops and export crops and freshwater fish production by improving productivity, quality standards and market access of key commodities such as rice, coffee, cocoa and fish.",file:///home/oai/share/2017-02-08_PIDISDSA20821_appraisal-project-information-document-integrated-safeguards-data-sheet-pasa-additional-financing-p159637_english.pdf#:~:text=scale%20up%20the%20promotion%20of,to%20market%20for%20the%20targeted,FALSE,FALSE,p. 6,Component 1,,,
P159637,World Bank,Togo,2017,PID,intervention,"Support livestock sub‑sector development through nationwide de‑worming and vaccination campaigns, control input supply chains, develop commercial animal farms via training and small grants, and support processing and market access of animal products",Livestock Management & Technologies; Markets & Finance; Food Processing & Storage,,,small ruminants; poultry,"Component 2 will support the livestock sub‑sector by conducting nationwide de‑worming and vaccination campaigns, enhancing control of input supply chains, developing commercial animal farms through training, technical support and small grants, and supporting processing and market access of animal products.",file:///home/oai/share/2017-02-08_PIDISDSA20821_appraisal-project-information-document-integrated-safeguards-data-sheet-pasa-additional-financing-p159637_english.pdf#:~:text=Activities%20under%20component%202%20will,difficulties%20in%20marketing%20the%20surplus,FALSE,FALSE,p. 7,Component 2,,,
P159637,World Bank,Togo,2017,PID,intervention,Strengthen capacity building and sector coordination for the Ministry of Agriculture to manage agricultural sector investments,Policy & Regulatory,,,unspecified,Component 3 will support capacity building and sector coordination aimed at strengthening the Ministry of Agriculture’s capacity to coordinate and manage agricultural sector investments.,file:///home/oai/share/2017-02-08_PIDISDSA20821_appraisal-project-information-document-integrated-safeguards-data-sheet-pasa-additional-financing-p159637_english.pdf#:~:text=Page%205%20of%2011%20Component,agricultural%20investments%20in%20the%20country,FALSE,FALSE,p. 7,Component 3,,,
P159637,World Bank,Togo,2017,PID,outcome,"Farm output subject to project‑supported post‑harvest value‑adding schemes (rice, corn)",Sustainable Economic Growth,Market efficiency,Intended,unspecified,PDO indicators include farm output subject to project‑supported post‑harvest value‑adding schemes for rice and corn.,file:///home/oai/share/2017-02-08_PIDISDSA20821_appraisal-project-information-document-integrated-safeguards-data-sheet-pasa-additional-financing-p159637_english.pdf#:~:text=PDO%20Level%20Results%20Indicators%201,output%2C%20and%20of%20livestock%20population,FALSE,FALSE,p. 5,Key Results,,,
P159637,World Bank,Togo,2017,PID,outcome,Increase of crop and fisheries output and livestock population among beneficiaries,Sustainable Economic Growth,Productivity,Intended,fish; small ruminants; poultry,"Key results include an increase of coffee and cocoa crop output, continental fisheries output, and the livestock population of small ruminants and poultry among beneficiaries.",file:///home/oai/share/2017-02-08_PIDISDSA20821_appraisal-project-information-document-integrated-safeguards-data-sheet-pasa-additional-financing-p159637_english.pdf#:~:text=PDO%20Level%20Results%20Indicators%201,output%2C%20and%20of%20livestock%20populationfile:///home/oai/share/2017-02-08_PIDISDSA20821_appraisal-project-information-document-integrated-safeguards-data-sheet-pasa-additional-financing-p159637_english.pdf#:~:text=Key%20Results%20Indicators%201,and,FALSE,FALSE,p. 5,Key Results,,
P159637,World Bank,Togo,2017,PID,outcome,Number of direct beneficiaries of the project,Inclusivity & Women’s Empowerment,Access to resources,Intended,unspecified,"The results framework counts the number of direct beneficiaries, including farmers, herders and households benefiting from vaccination campaigns.",file:///home/oai/share/2017-02-08_PIDISDSA20821_appraisal-project-information-document-integrated-safeguards-data-sheet-pasa-additional-financing-p159637_english.pdf#:~:text=Project%20Beneficiaries%20,from%20dedicated%20animal%20vaccination%20campaignsfile:///home/oai/share/2017-02-08_PIDISDSA20821_appraisal-project-information-document-integrated-safeguards-data-sheet-pasa-additional-financing-p159637_english.pdf#:~:text=PDO%20Level%20Results%20Indicators%201,output%2C%20and%20of%20livestock%20population,FALSE,FALSE,p. 5,Beneficiaries & Key Results,,
P181565,World Bank,Tunisia,2024,PID,objective,"To (a) ensure, in the short‑term, the supply of agricultural inputs for farmers to secure the next cropping seasons and continued dairy production and of wheat for uninterrupted access to bread and other grain products for poor households; and (b) strengthen Tunisia’s resilience to food crises by laying the ground for reforms of the grain value chain",,,,,"The additional financing development objective is to ensure, in the short‑term, the supply of agricultural inputs for farmers to secure the next cropping seasons and continued dairy production and of wheat for uninterrupted access to bread and other grain products for poor and vulnerable households, and to strengthen Tunisia’s resilience to food crises by laying the ground for reforms of the grain value chain.",file:///home/oai/share/2024-02-11_PIDISDSA37411_project-information-document-second-additional-financing-to-tunisia-emergency-food-security-response-project-p181565_english.pdf#:~:text=To%20,of%20the%20grain%20value%20chain,FALSE,FALSE,p. 2,PDO section,,,
P181565,World Bank,Tunisia,2024,PID,intervention,Import barley feed for dairy production and provide improved climate‑resilient seeds for smallholder wheat farmers,Livestock Management & Technologies; Crop Management & Technology,,,cattle,"Component 1 will provide emergency support to farmers through imports of barley feed to sustain dairy production and by ensuring access to improved, climate‑resilient seeds for smallholder wheat farmers.",file:///home/oai/share/2024-02-11_PIDISDSA37411_project-information-document-second-additional-financing-to-tunisia-emergency-food-security-response-project-p181565_english.pdf#:~:text=Component%201%20%E2%80%93%20Emergency%20support,15,FALSE,FALSE,p. 7,Component 1,,,
P181565,World Bank,Tunisia,2024,PID,intervention,Procure soft and durum wheat for uninterrupted access to bread and other grain products,Markets & Finance,,,unspecified,Component 2 will finance emergency procurement of soft wheat and durum wheat to secure uninterrupted access to bread and grain products for the population.,file:///home/oai/share/2024-02-11_PIDISDSA37411_project-information-document-second-additional-financing-to-tunisia-emergency-food-security-response-project-p181565_english.pdf#:~:text=Component%202%20%E2%80%93%20Emergency%20procurement,to%20one%20week%20of%20domestic,FALSE,FALSE,p. 7,Component 2,,,
P181565,World Bank,Tunisia,2024,PID,intervention,"Identify and support structural reforms of the grain value chain, including price incentives, trade liberalization and food subsidy reforms",Policy & Regulatory,,,unspecified,"Component 3 will address structural weaknesses in the grain value chain by identifying and implementing reforms related to price incentives, trade liberalization and food subsidies.",file:///home/oai/share/2024-02-11_PIDISDSA37411_project-information-document-second-additional-financing-to-tunisia-emergency-food-security-response-project-p181565_english.pdf#:~:text=Component%203%20,17,FALSE,FALSE,p. 7,Component 3,,,
P181565,World Bank,Tunisia,2024,PID,intervention,"Implement climate resilience and adaptation measures for grain producers, including communication on climate‑resilient technologies, improved knowledge of vulnerabilities and digitalization of seed sector processes",Advisory and Extension; Crop Management & Technology,,,unspecified,"The AF#2 will implement activities to build climate resilience and mitigate droughts by ensuring barley supply for animal feed, enhancing access to drought‑ and heat‑resilient seeds, improving knowledge of vulnerabilities and digitalization of seed sector processes.",file:///home/oai/share/2024-02-11_PIDISDSA37411_project-information-document-second-additional-financing-to-tunisia-emergency-food-security-response-project-p181565_english.pdf#:~:text=The%20proposed%20AF,aspects%20related%20to%20vulnerabilities%20from,FALSE,FALSE,p. 6,Key results and activities,,,
P181565,World Bank,Tunisia,2024,PID,intervention,Provide advice on animal feeding practices to increase productivity and reduce greenhouse gas emissions and promote smart agronomic practices such as crop rotation with nitrogen‑fixing legumes,Livestock Management & Technologies; Crop Management & Technology,,,cattle,The project will support advice to farmers on better feeding practices to increase animal productivity and reduce greenhouse gas emissions and on smart agronomic practices such as crop rotation with nitrogen‑fixing legumes to increase crop productivity and reduce fertilizer use.,file:///home/oai/share/2024-02-11_PIDISDSA37411_project-information-document-second-additional-financing-to-tunisia-emergency-food-security-response-project-p181565_english.pdf#:~:text=before%20the%202024%20domestic%20grain,The%20Monitoring,FALSE,FALSE,p. 8,Climate‑smart advisory,,,
P181565,World Bank,Tunisia,2024,PID,outcome,Enhanced climate resilience and adaptation for farmers and livestock producers,Resilience,Resilience,Intended,cattle,"Activities aim to build climate resilience and mitigate successive droughts through barley supply for animal feed and enhanced access to drought‑ and heat‑resilient seeds, leading to stronger resilience of farmers and livestock producers.",file:///home/oai/share/2024-02-11_PIDISDSA37411_project-information-document-second-additional-financing-to-tunisia-emergency-food-security-response-project-p181565_english.pdf#:~:text=The%20proposed%20AF,aspects%20related%20to%20vulnerabilities%20from,FALSE,FALSE,p. 6,Key results and activities,,,
P181565,World Bank,Tunisia,2024,PID,outcome,Uninterrupted access to bread and grain products for poor and vulnerable households,Food Security & Nutrition,"Food access, availability",Intended,unspecified,The project aims to ensure uninterrupted access to bread and grain products for poor and vulnerable households through emergency wheat procurement.,file:///home/oai/share/2024-02-11_PIDISDSA37411_project-information-document-second-additional-financing-to-tunisia-emergency-food-security-response-project-p181565_english.pdf#:~:text=To%20,laying%20the%20ground%20for%20reformsfile:///home/oai/share/2024-02-11_PIDISDSA37411_project-information-document-second-additional-financing-to-tunisia-emergency-food-security-response-project-p181565_english.pdf#:~:text=Component%202%20%E2%80%93%20Emergency%20procurement,to%20one%20week%20of%20domestic,FALSE,FALSE,p. 2; p. 7,PDO & Component 2,,
P181565,World Bank,Tunisia,2024,PID,outcome,Improved resilience of grain producers to climate change and water stress through adoption of climate‑resilient technologies and digitalized seed systems,Resilience,Resilience,Intended,unspecified,"The project will improve resilience of grain producers by enhancing access to climate‑resilient technologies, digitalizing seed sector processes and improving knowledge of vulnerabilities and adaptation options.",file:///home/oai/share/2024-02-11_PIDISDSA37411_project-information-document-second-additional-financing-to-tunisia-emergency-food-security-response-project-p181565_english.pdf#:~:text=The%20proposed%20AF,aspects%20related%20to%20vulnerabilities%20from,FALSE,FALSE,p. 6,Key results and activities,,,
P181565,World Bank,Tunisia,2024,PID,outcome,Increased animal productivity and reduced greenhouse gas emissions through improved feeding practices,Sustainable Economic Growth,Productivity,Intended,cattle,Advice to farmers on better feeding practices aims to increase animal productivity and reduce greenhouse gas emissions.,file:///home/oai/share/2024-02-11_PIDISDSA37411_project-information-document-second-additional-financing-to-tunisia-emergency-food-security-response-project-p181565_english.pdf#:~:text=before%20the%202024%20domestic%20grain,The%20Monitoring,FALSE,FALSE,p. 8,Climate‑smart advisory,,,
P509237,World Bank,Tunisia,2025,PID,objective,To help restore and promote job creation in the agri‑food sector in Tunisia,,,,,The Project Development Objective is to help restore and promote job creation in the agri‑food sector in Tunisia.,file:///home/oai/share/2025-02-20_NO-REPNB_project-information-document-support-to-job-creation-in-the-agri-food-sector-and-rural-space-p509237_english.pdf#:~:text=The%20Project%20development%20objective%20is,1%2C420%20direct%20and%20indirect%20jobs,FALSE,FALSE,p. 5,PDO,,,
P509237,World Bank,Tunisia,2025,PID,intervention,"Provide technical assistance to producer organizations and SMEs for business development, project preparation, capacity building and resilience including digital and climate‑resilient practices",Advisory and Extension; Behavior Change & Social Programs,,,unspecified,"Component 1 will provide technical assistance to producer organizations and SMEs for project preparation, business development and capacity building, focusing on youth and women, and will include tailored support, linking with service providers, building resilience, and digital training and climate‑resilient practices.",file:///home/oai/share/2025-02-20_NO-REPNB_project-information-document-support-to-job-creation-in-the-agri-food-sector-and-rural-space-p509237_english.pdf,FALSE,FALSE,p. 5-6,Component 1,,,,
P509237,World Bank,Tunisia,2025,PID,intervention,"Offer non‑reimbursable matching grants to finance equipment, inputs, soft activities and working capital for agri‑food and rural start‑ups and SMEs",Markets & Finance,,,camelids,"Component 2 will offer non‑reimbursable matching grants for acceleration and incubation categories to finance equipment, inputs, training, marketing and working capital across a range of agri‑food and rural entrepreneurship activities, including camelid product transformation and snail farming.",file:///home/oai/share/2025-02-20_NO-REPNB_project-information-document-support-to-job-creation-in-the-agri-food-sector-and-rural-space-p509237_english.pdf,FALSE,FALSE,p. 6,Component 2,,,,
P509237,World Bank,Tunisia,2025,PID,outcome,Number of beneficiaries and direct and indirect jobs created,Sustainable Economic Growth,Employment status,Intended,unspecified,"The project aims to reach about 190 beneficiaries and create approximately 1,420 direct and indirect jobs through the combination of technical assistance and matching grants.",file:///home/oai/share/2025-02-20_NO-REPNB_project-information-document-support-to-job-creation-in-the-agri-food-sector-and-rural-space-p509237_english.pdf#:~:text=The%20Project%20development%20objective%20is,1%2C420%20direct%20and%20indirect%20jobs,FALSE,FALSE,p. 5,Key Results,,,
P509237,World Bank,Tunisia,2025,PID,outcome,Enhanced business resilience and economic inclusion for youth and women,Inclusivity & Women’s Empowerment,Women’s empowerment,Intended,unspecified,"The technical assistance and matching grants focus on tailored support for youth, women, migrants and persons with disabilities to enhance business resilience and economic inclusion.",file:///home/oai/share/2025-02-20_NO-REPNB_project-information-document-support-to-job-creation-in-the-agri-food-sector-and-rural-space-p509237_english.pdf,FALSE,FALSE,p. 5-6,Component 1,,,,
P175011,World Bank,Türkiye,2022,PAD,objective,To strengthen capacity for sustainable and competitive agricultural growth and promote the use of climate‑smart agriculture in targeted regions in Turkey,,,,,The Project Development Objective is to strengthen capacity for sustainable and competitive agricultural growth and promote the use of climate‑smart agriculture in targeted regions in Turkey.,file:///home/oai/share/2022-03-09_PAD4704_turkey-climate-smart-and-competitive-agricultural-growth-project_english.pdf#:~:text=PDO%C2%A0Statement%2027,in%C2%A0Turkey,FALSE,FALSE,p. 34,PDO statement,,,
P175011,World Bank,Türkiye,2022,PAD,intervention,"Develop soil surveys, digital soil databases and decision support systems and train staff for sustainable land management planning",Crop Management & Technology,,,unspecified,"Subcomponent 1.1 supports soil surveys and the development of a comprehensive digital soil profile database and soil information system, a land classification and decision support system, and provides training and equipment for these activities.",file:///home/oai/share/2022-03-09_PAD4704_turkey-climate-smart-and-competitive-agricultural-growth-project_english.pdf#:~:text=Component%C2%A0%201%3A%C2%A0%20Institutional%C2%A0%20Capacity%C2%A0%20Strengthening%C2%A0,Component%C2%A0activities%C2%A0will%C2%A0a%20lso%C2%A0enhance%C2%A0MoAF%E2%80%99s%C2%A0digital%C2%A0blueprint%C2%A0for%20data%C2%A0collection%C2%A0and%C2%A0information%C2%A0management%C2%A0to%C2%A0contribute%C2%A0to%C2%A0effective%C2%A0policy%20monitoring%C2%A0and%C2%A0programming%C2%A0and%C2%A0support%20improved%C2%A0decision%E2%80%90making%C2%A0across%C2%A0the%C2%A0agricultural%C2%A0sector,FALSE,FALSE,p. 35,Subcomponent 1.1,,,
P175011,World Bank,Türkiye,2022,PAD,intervention,"Establish a digital blueprint for agricultural data collection and forecasting, including yield and production models, integrated databases and training",Crop Management & Technology,,,unspecified,"Subcomponent 1.2 develops a digital blueprint for data collection, models crop production forecasts, integrates information systems and provides training and capacity building for the Ministry of Agriculture and Forestry.",file:///home/oai/share/2022-03-09_PAD4704_turkey-climate-smart-and-competitive-agricultural-growth-project_english.pdf#:~:text=Subcomponent%C2%A01,in%C2%A0%20equipment%C2%A0%20and%C2%A0%20computer%20infrastructure%2C%C2%A0and%C2%A0training,FALSE,FALSE,p. 36,Subcomponent 1.2,,,
P175011,World Bank,Türkiye,2022,PAD,intervention,"Upgrade biosafety laboratories, establish a laboratory information management system and train professionals for animal disease surveillance and diagnostics",Public Health,,,cattle; poultry; small ruminants,"Subcomponent 2.1 will strengthen animal health institutes by upgrading biosafety level 2 and level 3 laboratories, establishing a laboratory information management system, providing training for disease surveillance and diagnostics and developing a national animal‑health laboratory policy.",file:///home/oai/share/2022-03-09_PAD4704_turkey-climate-smart-and-competitive-agricultural-growth-project_english.pdf#:~:text=32,energy%C2%A0saving%2C%C2%A0seism%20ic%C2%A0resistance%29%C2%A0elements%C2%A0in%C2%A0infrastructure%C2%A0and%20equipment%C2%A0will%C2%A0be%C2%A0considered%C2%A0in%C2%A0the%C2%A0feasibility%C2%A0assessmentfile:///home/oai/share/2022-03-09_PAD4704_turkey-climate-smart-and-competitive-agricultural-growth-project_english.pdf#:~:text=Component%C2%A03%3A%C2%A0Investments%C2%A0for%C2%A0Enhanced%C2%A0Productivity%2C%C2%A0Resource%E2%80%90Efficiency%2C%C2%A0and%20Climate%C2%A0Resilience%20Area%C2%A0prepared%C2%A0for%C2%A0climate%E2%80%90resilient%C2%A0greenhouse%C2%A0infrastructure%20,FALSE,FALSE,p. 37; p. 47,Subcomponent 2.1,,,
P175011,World Bank,Türkiye,2022,PAD,intervention,"Establish a centralized Veterinary Medicinal Control Center and vaccine testing laboratories, including training and capacity building",Public Health,,,cattle; poultry; small ruminants,"Subcomponent 2.2 establishes a centralized Veterinary Medicinal Control Center, constructs vaccine testing laboratories and provides training and capacity building to improve regulation and control of veterinary medicines and vaccines.",file:///home/oai/share/2022-03-09_PAD4704_turkey-climate-smart-and-competitive-agricultural-growth-project_english.pdf#:~:text=34,FALSE,FALSE,p. 37,Subcomponent 2.2,,,,
P175011,World Bank,Türkiye,2022,PAD,intervention,Invest in climate‑resilient geothermal greenhouse clusters within specialized organized industrial zones,Rural/Public Infrastructure,,,unspecified,"Subcomponent 3.1 will pilot geothermal greenhouse clusters by investing in enabling infrastructure such as geothermal drilling, energy and water supply, establishing greenhouse infrastructure and mobilizing private sector investment in organized industrial zones.",file:///home/oai/share/2022-03-09_PAD4704_turkey-climate-smart-and-competitive-agricultural-growth-project_english.pdf#:~:text=technology%E2%80%90based%C2%A0%20greenhouses%C2%A0%20can%C2%A0%20replace%C2%A0%20fossil%C2%A0,power%20production%C2%A0facility%3B%C2%A0energy%C2%A0transmission%C2%A0line%C2%A0and%C2%A0network%C2%A0backup%C2%A0power%C2%A0line%20as%C2%A0well%C2%A0as%C2%A0an%C2%A0electrical%C2%A0substation%3B%C2%A0potable%20and%C2%A0utility%C2%A0water%C2%A0reservoirs%C2%A0and%C2%A0pumping%C2%A0stations%3B%C2%A0telecommunication%C2%A0center%3B%20foundation%C2%A0drainage%C2%A0connection%C2%A0line%3B%C2%A0gas,FALSE,FALSE,p. 38,Subcomponent 3.1,,,
P175011,World Bank,Türkiye,2022,PAD,intervention,"Promote adoption of climate‑smart agriculture technologies through awareness campaigns, digital technologies, matching grants and training",Advisory and Extension,,,unspecified,"Subcomponent 3.2 promotes adoption of climate‑smart agriculture technologies by conducting awareness and dissemination activities, providing digital tools and precision agriculture equipment, offering matching grants and conducting training and gender‑sensitive communication campaigns.",file:///home/oai/share/2022-03-09_PAD4704_turkey-climate-smart-and-competitive-agricultural-growth-project_english.pdf#:~:text=37,Activities%C2%A0will%20focus%C2%A0on%C2%A0demonstrating%C2%A0and%C2%A0innovating%2C%C2%A0with%C2%A0careful%C2%A0attention%C2%A0paid%C2%A0to%C2%A0assure%20replicability%C2%A0and%C2%A0inform%C2%A0policies,FALSE,FALSE,p. 38-39,Subcomponent 3.2,,,
P175011,World Bank,Türkiye,2022,PAD,intervention,"Implement integrated manure management systems and pilot innovative manure collection, separation and processing for recycling to reduce water pollution and GHG emissions",Livestock Management & Technologies,,,cattle; poultry; small ruminants,"Subcomponent 3.3 will reduce animal production pressure on water pollution and GHG emissions by developing an integrated manure management system, establishing stakeholder networks, providing training and piloting innovative manure collection, separation and processing technologies for recycling into biofertilizers.",file:///home/oai/share/2022-03-09_PAD4704_turkey-climate-smart-and-competitive-agricultural-growth-project_english.pdf#:~:text=39,It%C2%A0will%C2%A0focus%C2%A0on%C2%A0areas%C2%A0where%C2%A0there%C2%A0is%C2%A0a,FALSE,FALSE,p. 39,Subcomponent 3.3,,,
P175011,World Bank,Türkiye,2022,PAD,intervention,"Support research and innovations for climate‑smart agriculture, including integrated pest management, biofertilizers, energy‑saving technologies and gender‑inclusive research design",Crop Management & Technology,,,unspecified,"Subcomponent 3.4 supports research and innovations for climate‑smart agriculture such as integrated pest management, alternative pest control methods, nutrient management, biofertilizers, energy‑saving technologies and gender‑inclusive research design and dissemination.",file:///home/oai/share/2022-03-09_PAD4704_turkey-climate-smart-and-competitive-agricultural-growth-project_english.pdf#:~:text=million%C2%A0%20IBRD%29,The%C2%A0subcomponent%20activities%C2%A0will%C2%A0contribute%C2%A0positively%C2%A0to,FALSE,FALSE,p. 39-40,Subcomponent 3.4,,,
P175011,World Bank,Türkiye,2022,PAD,outcome,Land area with integral information for sustainable and competitive agricultural land planning/management,Environmental Sustainability,Land use change/soil health,Intended,unspecified,PDO indicators include the land area with integral information to develop sustainable and competitive agricultural land planning and management.,file:///home/oai/share/2022-03-09_PAD4704_turkey-climate-smart-and-competitive-agricultural-growth-project_english.pdf#:~:text=Indicator%C2%A0Name%20PBC%20Baseline%20End%C2%A0Target,FALSE,FALSE,p. 45,PDO Indicators,,,,
P175011,World Bank,Türkiye,2022,PAD,outcome,Increase in analyses/tests for animal disease and zoonoses diagnostics processed in upgraded laboratories,Resilience,Resilience,Intended,cattle; poultry; small ruminants,One PDO indicator measures the percentage increase in analyses/tests for animal disease and zoonoses diagnostics processed in upgraded and constructed laboratories.,file:///home/oai/share/2022-03-09_PAD4704_turkey-climate-smart-and-competitive-agricultural-growth-project_english.pdf#:~:text=Increase%C2%A0in%C2%A0the%C2%A0analyses%2Ftests%C2%A0for%C2%A0animal%C2%A0disease%2Fzoonoses%20diagnostics%C2%A0processed%C2%A0in%C2%A0the%C2%A0upgraded%2Fconstructed%C2%A0laboratories%20file:///home/oai/share/2022-03-09_PAD4704_turkey-climate-smart-and-competitive-agricultural-growth-project_english.pdf#:~:text=Increase%C2%A0in%C2%A0the%C2%A0analyses%2Ftests%C2%A0for%C2%A0animal%20disease%2Fzoonoses%C2%A0diagnostics%C2%A0processed%20This%C2%A0indicator%C2%A0measures%C2%A0the%20improvement%C2%A0in%C2%A0laboratory%20Annually,M%26E%C2%A0System%20The%C2%A0annual%C2%A0number%C2%A0of%20laboratory%C2%A0tests%C2%A0and%2For%20PCU%2C%C2%A0working%C2%A0closely%20with%C2%A0PIU%C2%A0at%C2%A0MoAF%E2%80%90,FALSE,FALSE,p. 45; p. 48,PDO Indicators,,,
P175011,World Bank,Türkiye,2022,PAD,outcome,Number of farmers adopting climate‑smart agriculture technologies,Sustainable Economic Growth,Adoption,Intended,unspecified,"The results framework tracks the number of farmers adopting climate‑smart agricultural technologies, with an end target of 42,500 farmers.",file:///home/oai/share/2022-03-09_PAD4704_turkey-climate-smart-and-competitive-agricultural-growth-project_english.pdf#:~:text=Increased%C2%A0use%C2%A0of%C2%A0climate%C2%A0smart%C2%A0technologies%C2%A0in%C2%A0the%C2%A0agriculture%C2%A0sector%20Farmers%C2%A0adopting%C2%A0Climate%E2%80%90Smart%C2%A0Agricultural%C2%A0,FALSE,FALSE,p. 45,PDO Indicators,,,,
P175011,World Bank,Türkiye,2022,PAD,outcome,Area prepared for climate‑resilient greenhouse infrastructure,Sustainable Economic Growth,Productivity,Intended,unspecified,"Intermediate results indicators include the area prepared for climate‑resilient greenhouse infrastructure, with an end target of 179 ha.",file:///home/oai/share/2022-03-09_PAD4704_turkey-climate-smart-and-competitive-agricultural-growth-project_english.pdf#:~:text=Component%C2%A03%3A%C2%A0Investments%C2%A0for%C2%A0Enhanced%C2%A0Productivity%2C%C2%A0Resource%E2%80%90Efficiency%2C%C2%A0and%20Climate%C2%A0Resilience%20Area%C2%A0prepared%C2%A0for%C2%A0climate%E2%80%90resilient%C2%A0greenhouse%C2%A0infrastructure%20,FALSE,FALSE,p. 46,Intermediate Results,,,,
P181428,World Bank,Türkiye,2024,PAD,objective,To support the resilient recovery of the agriculture sector in Türkiye’s earthquake‑affected provinces and targeted adjacent areas,,,,,The Project Development Objective is to support the resilient recovery of the agriculture sector in Türkiye’s earthquake‑affected provinces and targeted adjacent areas.,file:///home/oai/share/2024-11-18_PAD00253_turkiye-agriculture-sector-recovery-in-turkiyes-earthquake-affected-provinces-project_english.pdf#:~:text=22,provinces%20and%20targeted%20adjacent%20areas,FALSE,FALSE,p. 23,PDO statement,,,
P181428,World Bank,Türkiye,2024,PAD,intervention,"Rehabilitate and modernize small‑scale irrigation infrastructure, including converting open channels to closed systems and installing water‑efficient pumps and meters, combined with capacity building for cooperatives",Rural/Public Infrastructure,,,unspecified,"Subcomponent 1.1 finances the rehabilitation and modernization of small‑scale irrigation infrastructure by converting open irrigation channels to closed systems, installing water‑efficient pumps and meters and providing capacity building and training for irrigation cooperatives and water user groups.",file:///home/oai/share/2024-11-18_PAD00253_turkiye-agriculture-sector-recovery-in-turkiyes-earthquake-affected-provinces-project_english.pdf,FALSE,FALSE,p. 25,Subcomponent 1.1,,,,
P181428,World Bank,Türkiye,2024,PAD,intervention,"Establish common machinery utilization models through machinery parks, provide grants for equipment and training for machine operators",Rural/Public Infrastructure,,,unspecified,"Subcomponent 1.2 establishes common machinery utilization models through machinery parks and provides grants to cooperatives and farmer groups for machinery and equipment, along with training for machine operators and capacity building.",file:///home/oai/share/2024-11-18_PAD00253_turkiye-agriculture-sector-recovery-in-turkiyes-earthquake-affected-provinces-project_english.pdf#:~:text=32,persistent%20challenges%20of%20land%20and,FALSE,FALSE,p. 26-27,Subcomponent 1.2,,,
P181428,World Bank,Türkiye,2024,PAD,intervention,"Provide grants to renovate and modernize barns and pens and acquire energy‑efficient equipment, with training on climate‑smart livestock management and improved animal husbandry practices",Livestock Management & Technologies,,,cattle; poultry; small ruminants,"Subcomponent 2.1 provides grants (covering up to 75 percent of costs) to renovate and modernize barns and pens and acquire energy‑efficient equipment for cattle, small ruminants and poultry producers; it also includes training on climate‑smart livestock management and improved animal husbandry practices.",file:///home/oai/share/2024-11-18_PAD00253_turkiye-agriculture-sector-recovery-in-turkiyes-earthquake-affected-provinces-project_english.pdf,FALSE,FALSE,p. 28,Subcomponent 2.1,,,,
P181428,World Bank,Türkiye,2024,PAD,intervention,"Implement Pasture Management Plans and procure goods and services for pasture restoration and digital pasture information systems, including solar panels, mobile shelters and seeds for degraded pastures",Livestock Management & Technologies,,,cattle; small ruminants,"Subcomponent 2.2 finances the implementation of more than 400 Pasture Management Plans, procurement of goods and services, establishment of a digital pasture information system, training and provision of equipment such as solar panels, mobile shelters and direct seeding machinery and seeds for degraded pastures.",file:///home/oai/share/2024-11-18_PAD00253_turkiye-agriculture-sector-recovery-in-turkiyes-earthquake-affected-provinces-project_english.pdf,FALSE,FALSE,p. 29,Subcomponent 2.2,,,,
P181428,World Bank,Türkiye,2024,PAD,intervention,"Provide solar panels, mobile shelters and seeds to support shepherds and improve grazing conditions, reduce methane emissions and increase soil organic carbon",Rural/Public Infrastructure,,,cattle; small ruminants,"Investments in pasture restoration will provide shepherds with mobile shelters, solar panels and seeds for degraded pastures to improve grazing conditions, reduce methane emissions and increase soil organic carbon.",file:///home/oai/share/2024-11-18_PAD00253_turkiye-agriculture-sector-recovery-in-turkiyes-earthquake-affected-provinces-project_english.pdf#:~:text=lower%20emission%20intensity%20per%20animal,32,FALSE,FALSE,p. 30,Climate co‑benefits,,,
P181428,World Bank,Türkiye,2024,PAD,outcome,Beneficiaries with recovered operating capacity,Resilience,Maintenance of operations,Intended,cattle; poultry; small ruminants,PDO indicators include the number of beneficiaries with recovered operating capacity in earthquake‑affected provinces.,file:///home/oai/share/2024-11-18_PAD00253_turkiye-agriculture-sector-recovery-in-turkiyes-earthquake-affected-provinces-project_english.pdf#:~:text=,Scorecard%20indicator,FALSE,FALSE,p. 23-24,PDO Indicators,,,
P181428,World Bank,Türkiye,2024,PAD,outcome,People with enhanced resilience to climate risks,Resilience,Resilience,Intended,cattle; poultry; small ruminants,PDO indicators measure the number of people with enhanced resilience to climate risks as a result of project interventions.,file:///home/oai/share/2024-11-18_PAD00253_turkiye-agriculture-sector-recovery-in-turkiyes-earthquake-affected-provinces-project_english.pdf#:~:text=,Scorecard%20indicator,FALSE,FALSE,p. 23-24,PDO Indicators,,,
P181428,World Bank,Türkiye,2024,PAD,outcome,Area under improved climate adaptation management (hectares),Environmental Sustainability,Land use change/soil health,Intended,unspecified,A PDO indicator tracks the area under improved climate adaptation management (hectares) resulting from project investments.,file:///home/oai/share/2024-11-18_PAD00253_turkiye-agriculture-sector-recovery-in-turkiyes-earthquake-affected-provinces-project_english.pdf#:~:text=,Scorecard%20indicator,FALSE,FALSE,p. 23-24,PDO Indicators,,,
P173296,World Bank,Uganda,2022,PAD,objective,"To increase productivity, market access and resilience of select value chains in the project area and to respond promptly and effectively to an eligible crisis or emergency",,,,,"The Project Development Objective is to increase productivity, market access and resilience of select value chains in the project area and to respond promptly and effectively to an eligible crisis or emergency.",file:///home/oai/share/2022-11-30_PAD4978_uganda-climate-smart-agricultural-transformation-project_english.pdf#:~:text=To%20increase%20productivity%2C%20market%20access,PDO%20Level%20Indicators,FALSE,FALSE,p. 15,PDO statement,,,
P173296,World Bank,Uganda,2022,PAD,intervention,"Support competitive research grants and adaptive research to develop, validate and disseminate climate‑smart technologies and management practices (TIMPs)",Crop Management & Technology,,,unspecified,"Subcomponent 1.1 will support climate‑smart agriculture research and innovations by providing competitive research grants and adaptive research grants to develop, validate and disseminate context‑specific technologies, innovations and management practices.",file:///home/oai/share/2022-11-30_PAD4978_uganda-climate-smart-agricultural-transformation-project_english.pdf#:~:text=Innovations%20%28US%249.8%20million%20,available%20for%20uptake%20and%20adaptation,FALSE,FALSE,p. 17,Subcomponent 1.1,,,
P173296,World Bank,Uganda,2022,PAD,intervention,Build competitive and sustainable seed systems by multiplying climate‑smart planting materials and improving artificial insemination services and quality assurance of seeds and breeds,Crop Management & Technology; Livestock Management & Technologies,,,cattle; aquaculture,"Subcomponent 1.2 will build competitive and sustainable seed systems through multiplication of climate‑smart planting and stocking materials, establishing out‑grower schemes, strengthening artificial insemination services and quality assurance systems for seeds and breeds, including aquaculture fingerlings.",file:///home/oai/share/2022-11-30_PAD4978_uganda-climate-smart-agricultural-transformation-project_english.pdf#:~:text=This%20subcomponent%20will%20strengthen%20agricultural,county%20Artificial%20Intelligence%20centers,FALSE,FALSE,p. 17-18,Subcomponent 1.2,,,
P173296,World Bank,Uganda,2022,PAD,intervention,"Strengthen agro‑climate monitoring and information systems by installing weather stations, developing big data and early warning tools and training extension staff",Advisory and Extension,,,unspecified,"Subcomponent 1.3 will strengthen agro‑climate monitoring and information systems through acquisition and installation of weather stations, development of big data systems for agro‑climate information, partnerships to improve climate information dissemination and training extension staff for early warning and dissemination.",file:///home/oai/share/2022-11-30_PAD4978_uganda-climate-smart-agricultural-transformation-project_english.pdf,FALSE,FALSE,p. 18,Subcomponent 1.3,,,,
P173296,World Bank,Uganda,2022,PAD,intervention,"Strengthen institutional capacity of research institutes and animal genetic resource centers by training staff, refurbishing laboratories, establishing mobile reproductive technology labs and upgrading veterinary labs",Livestock Management & Technologies; Aquaculture Management & Technologies,,,cattle; aquaculture,"Subcomponent 1.4 will strengthen institutional capacity by training extension and research staff, certifying and producing seeds, breeds and fingerlings, refurbishing laboratories and aquaculture facilities, establishing mobile artificial reproductive technology labs and upgrading veterinary laboratories.",file:///home/oai/share/2022-11-30_PAD4978_uganda-climate-smart-agricultural-transformation-project_english.pdf#:~:text=Subcomponent%201,h%29%20establishment%20andfile:///home/oai/share/2022-11-30_PAD4978_uganda-climate-smart-agricultural-transformation-project_english.pdf#:~:text=Subcomponent%201,specialized%20ground%20transport%20for%20PARIs,FALSE,FALSE,p. 18-19,Subcomponent 1.4,,
P173296,World Bank,Uganda,2022,PAD,intervention,"Provide matching grants and incentives for communities and districts to adopt sustainable land management practices, including micro‑projects and subprojects, mechanization and irrigation services and extension support",Ecosystem Services; Markets & Finance; Advisory and Extension,,,unspecified,"Subcomponent 2.1 will finance matching grants for community‑level micro‑projects and district‑level subprojects to adopt sustainable land management practices, provide incentive payments through labor‑intensive public works and SLM payments to farmers, offer mechanization and irrigation services and deliver extension services.",file:///home/oai/share/2022-11-30_PAD4978_uganda-climate-smart-agricultural-transformation-project_english.pdf#:~:text=Subcomponent%202,incentive%20payments%20to%20farmers,FALSE,FALSE,p. 19,Subcomponent 2.1,,,
P173296,World Bank,Uganda,2022,PAD,intervention,"Provide nutrition grants, climate‑resilient technologies, backyard gardens and nutrition education in refugee settlements and host communities",Behavior Change & Social Programs; Livestock Management & Technologies; Crop Management & Technology,,,unspecified,"Subcomponent 2.2 will support refugee settlements and host communities by providing nutrition grants to farmer groups, scaling up backyard gardens for nutrient‑dense foods, contracting partners to deliver nutrition education, supplying climate‑smart inputs and micro‑irrigation kits and building capacity to manage savings and revolving funds.",file:///home/oai/share/2022-11-30_PAD4978_uganda-climate-smart-agricultural-transformation-project_english.pdf,FALSE,FALSE,p. 19,Subcomponent 2.2,,,,
P173296,World Bank,Uganda,2022,PAD,intervention,"Build institutional capacity at local levels for CSA planning, farmer mobilization and climate adaptation education and deliver farmer field schools and extension",Advisory and Extension,,,unspecified,"Subcomponent 2.3 will build institutional capacity at district, subcounty and community levels for CSA planning, mobilize and organize farmer groups, strengthen extension services and provide education through farmer field schools and lead farmers, including consultations on climate change mitigation and adaptation.",file:///home/oai/share/2022-11-30_PAD4978_uganda-climate-smart-agricultural-transformation-project_english.pdf#:~:text=Subcomponent%202,mile%20service%20deliveryfile:///home/oai/share/2022-11-30_PAD4978_uganda-climate-smart-agricultural-transformation-project_english.pdf#:~:text=Page%2018%20of%2081%2028,the%20value%20chains%20of%3A%20dairy,FALSE,FALSE,p. 19-20,Subcomponent 2.3,,
P173296,World Bank,Uganda,2022,PAD,intervention,"Provide technical assistance and matching grants for market development and linkages, including clean energy equipment, solar dryers, climate‑smart storage, market linkages and rehabilitation of market bottlenecks",Markets & Finance; Food Processing & Storage; Advisory and Extension,,,unspecified,"Subcomponent 3.1 will finance national technical assistance to strengthen producer organizations, business development services, matching grants for clean energy equipment and climate‑smart storage, promotion of market linkages and rehabilitation of market infrastructure bottlenecks.",file:///home/oai/share/2022-11-30_PAD4978_uganda-climate-smart-agricultural-transformation-project_english.pdf#:~:text=Subcomponent%203,IDA,FALSE,FALSE,p. 20,Subcomponent 3.1,,,
P173296,World Bank,Uganda,2022,PAD,intervention,"Provide training and matching grants for market development in refugee settlements and host communities, including clean energy equipment and value‑added processing",Markets & Finance; Food Processing & Storage; Advisory and Extension,,,unspecified,"Subcomponent 3.2 will finance skills development for youth and extension staff and provide matching grants for clean energy equipment, machinery and infrastructure for harvesting and postharvest value addition to minimize losses and improve quality.",file:///home/oai/share/2022-11-30_PAD4978_uganda-climate-smart-agricultural-transformation-project_english.pdf#:~:text=Subcomponent%203,investments%20in%20selected%20value%20chains,FALSE,FALSE,p. 20,Subcomponent 3.2,,,
P173296,World Bank,Uganda,2022,PAD,outcome,Land area under sustainable land management including climate‑smart practices (hectares),Environmental Sustainability,Soil health/land use change,Intended,unspecified,PDO indicators measure the land area under sustainable land management including climate‑smart practices resulting from project support.,file:///home/oai/share/2022-11-30_PAD4978_uganda-climate-smart-agricultural-transformation-project_english.pdf#:~:text=Land%20area%20under%20sustainable%20land,land%20management%20practices%20MTR%2C%20EOP,FALSE,FALSE,p. 46,PDO Indicators,,,
P173296,World Bank,Uganda,2022,PAD,outcome,"Percentage increase in yields of selected value chains (crop, livestock and fisheries)",Sustainable Economic Growth,Productivity,Intended,cattle; aquaculture,"Outcome indicators assess the percentage increase in productivity of selected crop, livestock and fisheries value chains in metric tons per production unit.",,FALSE,FALSE,p. 47-48,PDO Indicators,,,,
P173296,World Bank,Uganda,2022,PAD,outcome,Percentage increase in volumes of agricultural products marketed by targeted beneficiaries,Sustainable Economic Growth,Market efficiency,Intended,unspecified,The results framework tracks the percentage increase in volumes of agricultural products of selected value chains marketed by targeted beneficiaries.,file:///home/oai/share/2022-11-30_PAD4978_uganda-climate-smart-agricultural-transformation-project_english.pdf#:~:text=Percentage%20increase%20in%20volumes%20,value%20chains%20per%20production%20unit,FALSE,FALSE,p. 48,PDO Indicators,,,
P173296,World Bank,Uganda,2022,PAD,outcome,Number of farmers and extension staff trained on climate‑smart agriculture technologies and practices,Inclusivity & Women’s Empowerment,Knowledge increase,Intended,unspecified,"Intermediate results indicators include the number of farmers trained on the application of climate‑smart agriculture technologies and practices (with a target of 77,550, including 19,800 women) and extension staff/service providers trained.",file:///home/oai/share/2022-03-09_PAD4704_turkey-climate-smart-and-competitive-agricultural-growth-project_english.pdf#:~:text=Farmers%C2%A0trained%C2%A0on%C2%A0the%C2%A0application%C2%A0of%C2%A0CSA%C2%A0technologies%C2%A0and%20practices%C2%A0,FALSE,FALSE,p. 46,Intermediate Results,,,,
P179851,World Bank,Tajikistan,2022,PID,objective,To strengthen the foundations for a more resilient agricultural sector and support emergency interventions to address food and nutrition security in Tajikistan,,,,,The development objective of the project is to strengthen the foundations for a more resilient agricultural sector and support emergency interventions to address food and nutrition security in Tajikistan.,file:///home/oai/share/2022-11-17_PIDA34875_project-information-document-tajikistan-strengthening-resilience-of-the-agriculture-sector-project-additional-financing_english.pdf#:~:text=The%20development%20objective%20of%20the,resilient%20agricultural%20sector%20in%20Tajikistan,FALSE,FALSE,p. 2,Datasheet,,,
P179851,World Bank,Tajikistan,2022,PID,intervention,"Strengthen seed, seedling and planting material systems",Livestock Management & Technologies,,,unspecified,"The project will finance activities aimed at improving the enabling environment and ensuring the availability of improved, locally adapted, farmer‑preferred, and climate‑resilient seeds, seedlings and planting materials for priority crops.",file:///home/oai/share/2022-11-17_PIDA34875_project-information-document-tajikistan-strengthening-resilience-of-the-agriculture-sector-project-additional-financing_english.pdf#:~:text=Component%201%3A%20Strengthening%20seed%2C%20seedling%2C,in%20sufficient%20quantity%20and%20quality,FALSE,FALSE,p. 10,Component 1,,,
P179851,World Bank,Tajikistan,2022,PID,intervention,Support investments in Agri‑Logistical Centers (ALCs) for horticulture value chains,Food Processing & Storage,,,unspecified,Component activities include supporting investments in Agri‑Logistical Centers for horticulture value chains.,file:///home/oai/share/2022-11-17_PIDA34875_project-information-document-tajikistan-strengthening-resilience-of-the-agriculture-sector-project-additional-financing_english.pdf#:~:text=Components%20Strengthening%20seed%2C%20seedling%20and,management%20Project%20management%20and%20coordination,FALSE,FALSE,p. 2,Component summary,,,
P179851,World Bank,Tajikistan,2022,PID,intervention,"Strengthen public capacity for crises prevention and management (food security law review, crisis plan, early warning, price information)",Policy & Regulatory,,,unspecified,"The additional financing will fund review of the food security law, development of a food security crisis preparedness plan, and strengthen public capacity by improving livestock early warning systems and price information systems, including scaling up digital technologies.",file:///home/oai/share/2022-11-17_PIDA34875_project-information-document-tajikistan-strengthening-resilience-of-the-agriculture-sector-project-additional-financing_english.pdf#:~:text=9,the%20rolling%20out,FALSE,FALSE,p. 10,Component 3 / subcomponent,,,
P179851,World Bank,Tajikistan,2022,PID,intervention,"Procure and distribute emergency seeds, fertilizers and small‑scale farm machinery",Markets & Finance,,,unspecified,"The project will finance procurement and distribution of emergency seeds, fertilizers and small‑scale innovative farm machinery to vulnerable rural households including women.",file:///home/oai/share/2022-11-17_PIDA34875_project-information-document-tajikistan-strengthening-resilience-of-the-agriculture-sector-project-additional-financing_english.pdf#:~:text=governing%20food%20and%20nutrition%20security%2C,the%20establishment%20and,FALSE,FALSE,p. 10,Component 3 / subcomponent,,,
P179851,World Bank,Tajikistan,2022,PID,intervention,Establish additional Agri‑Logistical Centers and strengthen price information systems,Food Processing & Storage,,,unspecified,Financing includes the establishment and operationalization of additional Agri‑Logistical Centers and scaling up digital price information systems.,file:///home/oai/share/2022-11-17_PIDA34875_project-information-document-tajikistan-strengthening-resilience-of-the-agriculture-sector-project-additional-financing_english.pdf#:~:text=rural%20households%2C%20including%20women%3B%20iv,the%20rolling%20out,FALSE,FALSE,p. 10,Component 3 / subcomponent,,,
P179851,World Bank,Tajikistan,2022,PID,intervention,Establish premix revolving fund and distribute micronutrient supplements and RUTFs,Public Health,,,unspecified,"The project will establish a “premix revolving fund” to procure quality micronutrient premixes and potassium iodate for food fortification and will procure and distribute micronutrient and vitamin supplements for pregnant and lactating women, young children, and ready‑to‑use therapeutic foods for children at risk of severe acute malnutrition.",file:///home/oai/share/2022-11-17_PIDA34875_project-information-document-tajikistan-strengthening-resilience-of-the-agriculture-sector-project-additional-financing_english.pdf#:~:text=,SAM%29%2C%20including,FALSE,FALSE,p. 10,Nutrition subcomponent,,,
P179851,World Bank,Tajikistan,2022,PID,intervention,"Implement nutrition‑sensitive agriculture interventions and capacity building, including media campaigns",Behavior Change & Social Programs,,,unspecified,"Interventions include a media and communication campaign on healthy diets and micronutrient intake, implementation of nutrition‑sensitive agriculture interventions and capacity building through training, study tours and exchange visits.",file:///home/oai/share/2022-11-17_PIDA34875_project-information-document-tajikistan-strengthening-resilience-of-the-agriculture-sector-project-additional-financing_english.pdf#:~:text=media%20and%20communication%20campaign%20on,MOA%20in%20nutrition%20sensitive%20agriculture,FALSE,FALSE,p. 10,Nutrition subcomponent,,,
P179851,World Bank,Tajikistan,2022,PID,outcome,Beneficiaries adopting improved livestock production technologies and practices that control GHG emissions and enhance climate resilience,Environmental Sustainability,Adoption,Intended,cattle; small ruminants,The key result indicators include the percentage of beneficiaries adopting improved livestock production technologies and practices that control greenhouse gas emissions and/or enhance resilience to climate change.,file:///home/oai/share/2022-11-17_PIDA34875_project-information-document-tajikistan-strengthening-resilience-of-the-agriculture-sector-project-additional-financing_english.pdf#:~:text=8,to%20climate%20change%2C%20among%20others,FALSE,FALSE,p. 9,Key Results,,,
P179851,World Bank,Tajikistan,2022,PID,outcome,Increase in total value of livestock products sold,Sustainable Economic Growth,Market efficiency,Intended,cattle; small ruminants,The project’s key results include an increase in the total value of livestock products sold.,file:///home/oai/share/2022-11-17_PIDA34875_project-information-document-tajikistan-strengthening-resilience-of-the-agriculture-sector-project-additional-financing_english.pdf#:~:text=,PDO%203%3A%20Increased%20participation%20of,FALSE,FALSE,p. 9,Key Results,,,
P179851,World Bank,Tajikistan,2022,PID,outcome,Increased participation of targeted smallholder farmers in formal markets,Sustainable Economic Growth,Market efficiency,Intended,cattle; small ruminants,Among the key results is an increased participation of targeted smallholder farmers (dehkans) in formal markets.,file:///home/oai/share/2022-11-17_PIDA34875_project-information-document-tajikistan-strengthening-resilience-of-the-agriculture-sector-project-additional-financing_english.pdf#:~:text=,4%3A%20Increased%20productivity%20of%20targeted,FALSE,FALSE,p. 9,Key Results,,,
P179851,World Bank,Tajikistan,2022,PID,outcome,Increase in productivity of targeted livestock commodities,Sustainable Economic Growth,Productivity,Intended,cattle; small ruminants,"The project aims to increase the productivity of targeted livestock commodities, disaggregated by value chain.",file:///home/oai/share/2022-11-17_PIDA34875_project-information-document-tajikistan-strengthening-resilience-of-the-agriculture-sector-project-additional-financing_english.pdf#:~:text=markets%20,e,FALSE,FALSE,p. 9,Key Results,,,
P179851,World Bank,Tajikistan,2022,PID,outcome,Prevalence of moderate or severe food insecurity (FIES),Food Security & Nutrition,"Food access, availability",Intended,unspecified,An additional objective is to measure the prevalence of moderate or severe food insecurity in the population using the Food Insecurity Experience Scale.,file:///home/oai/share/2022-11-17_PIDA34875_project-information-document-tajikistan-strengthening-resilience-of-the-agriculture-sector-project-additional-financing_english.pdf#:~:text=chain%2924%20,disaggregated%20by%20gender%2C%20using%20FIES25,FALSE,FALSE,p. 9,Key Results,,,
P507504,World Bank,Philippines,2024,PID,objective,"To promote modern and resource‑efficient agrifood systems for increased productivity, diversification and resilience in the Philippines",,,,,"The Program Development Objective is to promote modern and resource‑efficient agrifood systems for increased productivity, diversification and resilience in the Philippines.",file:///home/oai/share/2024-12-06_PIDPC00158_concept-program-information-document-pid_english.pdf#:~:text=Program%20Development%20Objective,FALSE,FALSE,p. 8,PDO section,,,,
P507504,World Bank,Philippines,2024,PID,intervention,Provide high‑yielding rice seed and scale up direct seeding programs; replace paper vouchers with digital eVouchers; train farmers in climate‑smart technologies and increase mechanization,"Crop Management & Technology, Advisory and Extension",,,unspecified,"Result Area 1 activities include providing agro‑ecologically suitable seed of high‑yielding rice varieties and scaling up direct seeding programs, replacing paper voucher systems with electronic Intervention Monitoring Cards, training farmers in climate‑smart technologies and digital applications and increasing farm mechanization.",file:///home/oai/share/2024-12-06_PIDPC00158_concept-program-information-document-pid_english.pdf#:~:text=Result%20Area%201%3A%20%20Enhanced,based,FALSE,FALSE,p. 9,Result Area 1,,,
P507504,World Bank,Philippines,2024,PID,intervention,"Provide farmers and cooperatives access to modern drying, milling and storage facilities and rehabilitate post‑harvest infrastructure; establish digital platforms linking producers with markets","Food Processing & Storage, Markets & Finance",,,unspecified,"Result Area 2 includes providing Farmer Cooperative and Associations with access to modern drying, milling and storage facilities with buy‑back arrangements, enhancing availability of warehouse facilities, planning and installing modern post‑harvest grain facilities, establishing digital platforms linking producers with agribusinesses and markets and promoting farm clustering and cooperatives.",file:///home/oai/share/2024-12-06_PIDPC00158_concept-program-information-document-pid_english.pdf#:~:text=marketable%20products%20among%20producers%20and,for%20farmer%20cooperatives%20and%20associations,FALSE,FALSE,p. 9,Result Area 2,,,
P507504,World Bank,Philippines,2024,PID,intervention,"Strengthen Department of Agriculture planning, budgeting and harmonize planning with local governments; incentivize private investments through RCEF reforms; enhance institutional arrangements for digital transition",Policy & Regulatory,,,unspecified,"Result Area 3 activities include strengthening Department of Agriculture planning and budgeting processes, harmonizing DA and local government planning, strengthening the Rice Competitiveness Enhancement Fund and providing incentives to private sector investments, and enhancing institutional arrangements for digital transition and innovations.",file:///home/oai/share/2024-12-06_PIDPC00158_concept-program-information-document-pid_english.pdf#:~:text=28,transition%20and%20other%20agricultural%20innovations,FALSE,FALSE,p. 9,Result Area 3,,,
P507504,World Bank,Philippines,2024,PID,intervention,"Train farmers in post‑harvest loss reduction, promote climate‑smart post‑harvest practices and support farmer clustering and cooperatives","Advisory and Extension, Food Processing & Storage",,,unspecified,"Under Result Area 2, activities include training farmers and post‑harvest service providers on post‑harvest loss reduction, promoting climate‑smart post‑harvest management, clustering farms into larger units and supporting farmer cooperatives for improved market access.",file:///home/oai/share/2024-12-06_PIDPC00158_concept-program-information-document-pid_english.pdf#:~:text=marketable%20products%20among%20producers%20and,for%20farmer%20cooperatives%20and%20associations,FALSE,FALSE,p. 9,Result Area 2,,,
P507504,World Bank,Philippines,2024,PID,outcome,Increase in productivity of agrifood systems,Sustainable Economic Growth,Productivity,Intended,unspecified,PDO indicators include increased productivity of agrifood systems.,file:///home/oai/share/2024-12-06_PIDPC00158_concept-program-information-document-pid_english.pdf#:~:text=Preliminary%20PDO%20indicators%20are%20as,productivity%20%E2%80%A2%20Crop%20diversification%20index,FALSE,FALSE,p. 8,PDO Indicators,,,
P507504,World Bank,Philippines,2024,PID,outcome,Improved crop diversification index,Sustainable Economic Growth,Income diversity,Intended,unspecified,PDO indicators include improvements in the crop diversification index.,file:///home/oai/share/2024-12-06_PIDPC00158_concept-program-information-document-pid_english.pdf#:~:text=Preliminary%20PDO%20indicators%20are%20as,%E2%80%A2%20Crop%20diversification%20index%20%E2%80%A2,FALSE,FALSE,p. 8,PDO Indicators,,,
P507504,World Bank,Philippines,2024,PID,outcome,Increase in number of farmers adopting climate‑smart technologies and practices,Sustainable Economic Growth,Adoption,Intended,unspecified,One PDO indicator is the increased number of farmers adopting climate‑smart technologies and practices.,file:///home/oai/share/2024-12-06_PIDPC00158_concept-program-information-document-pid_english.pdf#:~:text=Increased%20number%20of%20farmers%20adopting,smart%20technologies%20and%20practices%20%E2%80%A2,FALSE,FALSE,p. 8,PDO Indicators,,,
P507504,World Bank,Philippines,2024,PID,outcome,Increased volume of agricultural production sold at farm gate (proxy for incomes),Sustainable Economic Growth,Market efficiency,Intended,unspecified,"The program intends to increase the volume of agricultural production sold at the farm gate, serving as a proxy for higher incomes.",file:///home/oai/share/2024-12-06_PIDPC00158_concept-program-information-document-pid_english.pdf#:~:text=Increased%20volume%20of%20agricultural%20production,proxy%20for%20incomes%29%20%E2%80%A2,FALSE,FALSE,p. 8,PDO Indicators,,,
P507504,World Bank,Philippines,2024,PID,outcome,Increased volume of perishable commodities benefiting from improved post‑harvest storage and handling,Sustainable Economic Growth,Market efficiency,Intended,unspecified,The PDO indicators include increased volume of selected perishable commodities benefiting from improved post‑harvest storage and handling.,file:///home/oai/share/2024-12-06_PIDPC00158_concept-program-information-document-pid_english.pdf#:~:text=incomes,harvest%20storage%20and%20handling,FALSE,FALSE,p. 8,PDO Indicators,,,
P512497,World Bank,Philippines,2025,PID,objective,"To improve the country’s capacity to detect, report and respond to existing and emerging pathogens with epidemic potential among humans, animals, and wildlife",,,,,"The Project Development Objective is to improve the country’s capacity to detect, report and respond to existing and emerging pathogens with epidemic potential among humans, animals, and wildlife.",file:///home/oai/share/2025-08-15_PIDDC01386_concept-project-information-document-pid_english.pdf#:~:text=Proposed%20Development%20Objective,among%20humans%2C%20animals%2C%20and%20wildlife,FALSE,FALSE,p. 2,PDO section,,,
P512497,World Bank,Philippines,2025,PID,intervention,"Expand One Health surveillance pilot, unify disease reporting systems, provide analytics training and strengthen the Department of Health command center",Public Health,,,multiple,"Component 1 (Human Health) will expand the One Health surveillance pilot, unify existing disease reporting systems, provide training in advanced analytics, and strengthen the Department of Health command center for real‑time decision making.",file:///home/oai/share/2025-08-15_PIDDC01386_concept-project-information-document-pid_english.pdf#:~:text=%E2%80%A2%20Component%201%3A%20Human%20Health,regulatory%20systems%20and%20mapping%20the,FALSE,FALSE,p. 6,Component 1,,,
P512497,World Bank,Philippines,2025,PID,intervention,"Develop national operational guidelines and essential diagnostics lists, train laboratory staff and pilot rapid diagnostic tests for priority pathogens",Public Health,,,multiple,"Component 1 will support development of operational guidelines and national lists of essential diagnostics, train laboratory staff, pilot rapid diagnostic tests for priority pathogens and strengthen laboratory regulatory systems.",file:///home/oai/share/2025-08-15_PIDDC01386_concept-project-information-document-pid_english.pdf#:~:text=%E2%80%A2%20Component%201%3A%20Human%20Health,regulatory%20systems%20and%20mapping%20the,FALSE,FALSE,p. 6,Component 1,,,
P512497,World Bank,Philippines,2025,PID,intervention,"Improve animal health surveillance and response, upgrade the Philippine Animal Health Information System, reinforce One Health coordination and upgrade animal health laboratories",Public Health,,,multiple,"Component 2 (Animal Health) will improve early detection and response to animal disease outbreaks, enhance surveillance protocols, upgrade the Philippine Animal Health Information System, reinforce One Health coordination, upgrade animal health laboratories and expand animal health testing capacity.",file:///home/oai/share/2025-08-15_PIDDC01386_concept-project-information-document-pid_english.pdf#:~:text=Component%202%3A%20Animal%20Health,disease%20risks%2C%20and%20agricultural%20needs,FALSE,FALSE,p. 6,Component 2,,,
P512497,World Bank,Philippines,2025,PID,outcome,Number of local government units with operational harmonized surveillance systems for animal and human health sectors,Resilience,Maintenance of operations,Intended,multiple,PDO indicators include the number of local government units with operational harmonized surveillance systems for animal and human health sectors.,file:///home/oai/share/2025-08-15_PIDDC01386_concept-project-information-document-pid_english.pdf#:~:text=%E2%80%A2%20Number%20of%20LGUs%20with,and%20skills%20on%20One%20Health,FALSE,FALSE,p. 3,PDO Indicators,,,
P512497,World Bank,Philippines,2025,PID,outcome,Number of national and regional laboratories upgraded and equipped,Resilience,Maintenance of operations,Intended,multiple,One PDO indicator measures the number of national and regional laboratories upgraded and equipped.,file:///home/oai/share/2025-08-15_PIDDC01386_concept-project-information-document-pid_english.pdf#:~:text=%E2%80%A2%20Number%20of%20LGUs%20with,and%20skills%20on%20One%20Health,FALSE,FALSE,p. 3,PDO Indicators,,,
P512497,World Bank,Philippines,2025,PID,outcome,Number of persons equipped with knowledge and skills on One Health,Inclusivity & Women’s Empowerment,Knowledge increase,Intended,multiple,A PDO indicator counts the number of persons equipped with knowledge and skills on One Health.,file:///home/oai/share/2025-08-15_PIDDC01386_concept-project-information-document-pid_english.pdf#:~:text=%E2%80%A2%20Number%20of%20LGUs%20with,and%20skills%20on%20One%20Health,FALSE,FALSE,p. 3,PDO Indicators,,,
P161304,World Bank,Sudan,2018,PID,objective,To increase the adoption of sustainable land and water management practices in targeted landscapes,,,,,The Project Development Objective of the additional financing is to increase the adoption of sustainable land and water management practices in targeted landscapes.,file:///home/oai/share/2018-04-26_PIDISDSA24450_project-information-document-integrated-safeguards-data-sheet-sudan-sustainable-natural-resources-management-project-p16_english.pdf#:~:text=Project%20Development%20Objective,practices%20in%20targeted%20landscapes%E2%80%9D,FALSE,FALSE,p. 4,Datasheet,,,
P161304,World Bank,Sudan,2018,PID,intervention,Strengthen capacity of natural resources institutions and inter‑agency collaboration for integrated land management planning and community participation,Policy & Regulatory,,,unspecified,"Component 1 will strengthen the capacity of natural resources institutions, develop inter‑agency collaboration, assist communities in preparing and implementing integrated land management plans, manage and maintain soil and water conservation structures, address barriers to knowledge access, and promote inclusion and community participation.",file:///home/oai/share/2018-04-26_PIDISDSA24450_project-information-document-integrated-safeguards-data-sheet-sudan-sustainable-natural-resources-management-project-p16_english.pdf#:~:text=Component%201%3A%20Institutional%20and%20Policy,funds%20will%20be%20vested%20in,FALSE,FALSE,p. 8,Component 1,,,
P161304,World Bank,Sudan,2018,PID,intervention,"Gazette and rehabilitate forest reserves and rangelands through reforestation, enrichment planting, natural regeneration and sand dune stabilization",Forestry Management & Technologies,,,unspecified,"Component 2 will gazette forest reserves and rehabilitate rangelands through reforestation, enrichment planting, natural regeneration, sand dune stabilization and sustainable forest and rangeland management plans.",file:///home/oai/share/2018-04-26_PIDISDSA24450_project-information-document-integrated-safeguards-data-sheet-sudan-sustainable-natural-resources-management-project-p16_english.pdf#:~:text=Component%202%3A%20Community,State%2C%20Telkuk%20Forest%20Reserve%20in,FALSE,FALSE,p. 10,Component 2,,,
P161304,World Bank,Sudan,2018,PID,intervention,"Scale up soil, land and water management interventions and promote community participation in rehabilitating degraded lands and forests",Ecosystem Services,,,unspecified,"The additional financing will expand sustainable land and water management interventions across new states and promote community participation in rehabilitating degraded lands and forests, including wind shelterbelts and range development.",file:///home/oai/share/2018-04-26_PIDISDSA24450_project-information-document-integrated-safeguards-data-sheet-sudan-sustainable-natural-resources-management-project-p16_english.pdf#:~:text=The%20AF%20grant%20will%20,developing%20and%20disseminating%20knowledge%20and,FALSE,FALSE,p. 7,Project description,,,
P161304,World Bank,Sudan,2018,PID,intervention,Support range and pasture development and diversification of cropping‑livestock systems; strengthen local institutions and improve access to climate information,Livestock Management & Technologies,,,unspecified,"Component 2 will support range and pasture development, diversification of cropping‑livestock systems, inclusion of vulnerable groups, strengthening of local institutions, and improved access to climate information for community decision making.",file:///home/oai/share/2018-04-26_PIDISDSA24450_project-information-document-integrated-safeguards-data-sheet-sudan-sustainable-natural-resources-management-project-p16_english.pdf#:~:text=Component%202%3A%20Community,State%2C%20Telkuk%20Forest%20Reserve%20in,FALSE,FALSE,p. 10,Component 2,,,
P161304,World Bank,Sudan,2018,PID,intervention,Strengthen climate adaptation policies and reforms and conduct policy studies and value‑chain gap analysis,Policy & Regulatory,,,unspecified,"Component 1 will conduct policy studies and value‑chain gap analysis and strengthen climate adaptation policies and reforms, with emphasis on gender involvement and social accountability.",file:///home/oai/share/2018-04-26_PIDISDSA24450_project-information-document-integrated-safeguards-data-sheet-sudan-sustainable-natural-resources-management-project-p16_english.pdf#:~:text=Component%201%3A%20Institutional%20and%20Policy,funds%20will%20be%20vested%20in,FALSE,FALSE,p. 8,Component 1,,,
P161304,World Bank,Sudan,2018,PID,outcome,Area of forest and rangeland rehabilitated (hectares),Environmental Sustainability,Biodiversity/soil health,Intended,unspecified,"Key results include reforestation and rehabilitation of 5,800 ha of forest areas and 3,600 ha of gazetted forest areas and rehabilitation of 9,000 ha of rangeland.",file:///home/oai/share/2018-04-26_PIDISDSA24450_project-information-document-integrated-safeguards-data-sheet-sudan-sustainable-natural-resources-management-project-p16_english.pdf#:~:text=Key%20outputs%20of%20the%20Additional,for%20the%20newly%20added%20States,FALSE,FALSE,p. 5,Key Results,,,
P161304,World Bank,Sudan,2018,PID,outcome,Number of water management plans developed and personnel trained,Environmental Sustainability,Knowledge increase,Intended,unspecified,"The project aims to develop five water management plans, train 60 personnel on policy formulation and monitoring for sustainable land and water management and train 200 personnel on extension services.",file:///home/oai/share/2018-04-26_PIDISDSA24450_project-information-document-integrated-safeguards-data-sheet-sudan-sustainable-natural-resources-management-project-p16_english.pdf#:~:text=Key%20outputs%20of%20the%20Additional,for%20the%20newly%20added%20States,FALSE,FALSE,p. 5,Key Results,,,
P161304,World Bank,Sudan,2018,PID,outcome,Communities adopting sustainable land and water management practices,Sustainable Economic Growth,Adoption,Intended,unspecified,The project’s PDO and theory of change emphasize increasing the adoption of sustainable land and water management practices by communities in targeted landscapes.,file:///home/oai/share/2018-04-26_PIDISDSA24450_project-information-document-integrated-safeguards-data-sheet-sudan-sustainable-natural-resources-management-project-p16_english.pdf#:~:text=Project%20Development%20Objective,practices%20in%20targeted%20landscapes%E2%80%9Dfile:///home/oai/share/2018-04-26_PIDISDSA24450_project-information-document-integrated-safeguards-data-sheet-sudan-sustainable-natural-resources-management-project-p16_english.pdf#:~:text=by%20targeting%20the%20following%20outcomes%3A,FALSE,FALSE,p. 4; p. 13,PDO & Theory of Change,,,
P159637,World Bank,Togo,2017,PID,objective,To rehabilitate and reinforce productive capacities among targeted beneficiaries across selected value chains and foster an enabling environment for agricultural sector development,,,,,The Project Development Objective is to rehabilitate and reinforce productive capacities among targeted beneficiaries across selected value chains and foster an enabling environment for agricultural sector development.,file:///home/oai/share/2017-02-08_PIDISDSA20821_appraisal-project-information-document-integrated-safeguards-data-sheet-pasa-additional-financing-p159637_english.pdf#:~:text=C,sector%2C%20in%20the%20Recipient%27s%20territory,FALSE,FALSE,p. 3,Datasheet,,,
P159637,World Bank,Togo,2017,PID,intervention,"Promote strategic food crops and export crops (rice, coffee, cocoa) and freshwater fish production with improved productivity, quality standards and market access",Crop Management & Technology; Aquaculture Management & Technologies; Markets & Finance,,,fish,"Component 1 will promote strategic food crops and export crops and freshwater fish production by improving productivity, quality standards and market access of key commodities such as rice, coffee, cocoa and fish.",file:///home/oai/share/2017-02-08_PIDISDSA20821_appraisal-project-information-document-integrated-safeguards-data-sheet-pasa-additional-financing-p159637_english.pdf#:~:text=scale%20up%20the%20promotion%20of,to%20market%20for%20the%20targeted,FALSE,FALSE,p. 6,Component 1,,,
P159637,World Bank,Togo,2017,PID,intervention,"Support livestock sub‑sector development through nationwide de‑worming and vaccination campaigns, control input supply chains, develop commercial animal farms via training and small grants, and support processing and market access of animal products",Livestock Management & Technologies; Markets & Finance; Food Processing & Storage,,,small ruminants; poultry,"Component 2 will support the livestock sub‑sector by conducting nationwide de‑worming and vaccination campaigns, enhancing control of input supply chains, developing commercial animal farms through training, technical support and small grants, and supporting processing and market access of animal products.",file:///home/oai/share/2017-02-08_PIDISDSA20821_appraisal-project-information-document-integrated-safeguards-data-sheet-pasa-additional-financing-p159637_english.pdf#:~:text=Activities%20under%20component%202%20will,difficulties%20in%20marketing%20the%20surplus,FALSE,FALSE,p. 7,Component 2,,,
P159637,World Bank,Togo,2017,PID,intervention,Strengthen capacity building and sector coordination for the Ministry of Agriculture to manage agricultural sector investments,Policy & Regulatory,,,unspecified,Component 3 will support capacity building and sector coordination aimed at strengthening the Ministry of Agriculture’s capacity to coordinate and manage agricultural sector investments.,file:///home/oai/share/2017-02-08_PIDISDSA20821_appraisal-project-information-document-integrated-safeguards-data-sheet-pasa-additional-financing-p159637_english.pdf#:~:text=Page%205%20of%2011%20Component,agricultural%20investments%20in%20the%20country,FALSE,FALSE,p. 7,Component 3,,,
P159637,World Bank,Togo,2017,PID,outcome,"Farm output subject to project‑supported post‑harvest value‑adding schemes (rice, corn)",Sustainable Economic Growth,Market efficiency,Intended,unspecified,PDO indicators include farm output subject to project‑supported post‑harvest value‑adding schemes for rice and corn.,file:///home/oai/share/2017-02-08_PIDISDSA20821_appraisal-project-information-document-integrated-safeguards-data-sheet-pasa-additional-financing-p159637_english.pdf#:~:text=PDO%20Level%20Results%20Indicators%201,output%2C%20and%20of%20livestock%20population,FALSE,FALSE,p. 5,Key Results,,,
P159637,World Bank,Togo,2017,PID,outcome,Increase of crop and fisheries output and livestock population among beneficiaries,Sustainable Economic Growth,Productivity,Intended,fish; small ruminants; poultry,"Key results include an increase of coffee and cocoa crop output, continental fisheries output, and the livestock population of small ruminants and poultry among beneficiaries.",file:///home/oai/share/2017-02-08_PIDISDSA20821_appraisal-project-information-document-integrated-safeguards-data-sheet-pasa-additional-financing-p159637_english.pdf#:~:text=PDO%20Level%20Results%20Indicators%201,output%2C%20and%20of%20livestock%20populationfile:///home/oai/share/2017-02-08_PIDISDSA20821_appraisal-project-information-document-integrated-safeguards-data-sheet-pasa-additional-financing-p159637_english.pdf#:~:text=Key%20Results%20Indicators%201,and,FALSE,FALSE,p. 5,Key Results,,
P159637,World Bank,Togo,2017,PID,outcome,Number of direct beneficiaries of the project,Inclusivity & Women’s Empowerment,Access to resources,Intended,unspecified,"The results framework counts the number of direct beneficiaries, including farmers, herders and households benefiting from vaccination campaigns.",file:///home/oai/share/2017-02-08_PIDISDSA20821_appraisal-project-information-document-integrated-safeguards-data-sheet-pasa-additional-financing-p159637_english.pdf#:~:text=Project%20Beneficiaries%20,from%20dedicated%20animal%20vaccination%20campaignsfile:///home/oai/share/2017-02-08_PIDISDSA20821_appraisal-project-information-document-integrated-safeguards-data-sheet-pasa-additional-financing-p159637_english.pdf#:~:text=PDO%20Level%20Results%20Indicators%201,output%2C%20and%20of%20livestock%20population,FALSE,FALSE,p. 5,Beneficiaries & Key Results,,
P181565,World Bank,Tunisia,2024,PID,objective,"To (a) ensure, in the short‑term, the supply of agricultural inputs for farmers to secure the next cropping seasons and continued dairy production and of wheat for uninterrupted access to bread and other grain products for poor households; and (b) strengthen Tunisia’s resilience to food crises by laying the ground for reforms of the grain value chain",,,,,"The additional financing development objective is to ensure, in the short‑term, the supply of agricultural inputs for farmers to secure the next cropping seasons and continued dairy production and of wheat for uninterrupted access to bread and other grain products for poor and vulnerable households, and to strengthen Tunisia’s resilience to food crises by laying the ground for reforms of the grain value chain.",file:///home/oai/share/2024-02-11_PIDISDSA37411_project-information-document-second-additional-financing-to-tunisia-emergency-food-security-response-project-p181565_english.pdf#:~:text=To%20,of%20the%20grain%20value%20chain,FALSE,FALSE,p. 2,PDO section,,,
P181565,World Bank,Tunisia,2024,PID,intervention,Import barley feed for dairy production and provide improved climate‑resilient seeds for smallholder wheat farmers,Livestock Management & Technologies; Crop Management & Technology,,,cattle,"Component 1 will provide emergency support to farmers through imports of barley feed to sustain dairy production and by ensuring access to improved, climate‑resilient seeds for smallholder wheat farmers.",file:///home/oai/share/2024-02-11_PIDISDSA37411_project-information-document-second-additional-financing-to-tunisia-emergency-food-security-response-project-p181565_english.pdf#:~:text=Component%201%20%E2%80%93%20Emergency%20support,15,FALSE,FALSE,p. 7,Component 1,,,
P181565,World Bank,Tunisia,2024,PID,intervention,Procure soft and durum wheat for uninterrupted access to bread and other grain products,Markets & Finance,,,unspecified,Component 2 will finance emergency procurement of soft wheat and durum wheat to secure uninterrupted access to bread and grain products for the population.,file:///home/oai/share/2024-02-11_PIDISDSA37411_project-information-document-second-additional-financing-to-tunisia-emergency-food-security-response-project-p181565_english.pdf#:~:text=Component%202%20%E2%80%93%20Emergency%20procurement,to%20one%20week%20of%20domestic,FALSE,FALSE,p. 7,Component 2,,,
P181565,World Bank,Tunisia,2024,PID,intervention,"Identify and support structural reforms of the grain value chain, including price incentives, trade liberalization and food subsidy reforms",Policy & Regulatory,,,unspecified,"Component 3 will address structural weaknesses in the grain value chain by identifying and implementing reforms related to price incentives, trade liberalization and food subsidies.",file:///home/oai/share/2024-02-11_PIDISDSA37411_project-information-document-second-additional-financing-to-tunisia-emergency-food-security-response-project-p181565_english.pdf#:~:text=Component%203%20,17,FALSE,FALSE,p. 7,Component 3,,,
P181565,World Bank,Tunisia,2024,PID,intervention,"Implement climate resilience and adaptation measures for grain producers, including communication on climate‑resilient technologies, improved knowledge of vulnerabilities and digitalization of seed sector processes",Advisory and Extension; Crop Management & Technology,,,unspecified,"The AF#2 will implement activities to build climate resilience and mitigate droughts by ensuring barley supply for animal feed, enhancing access to drought‑ and heat‑resilient seeds, improving knowledge of vulnerabilities and digitalization of seed sector processes.",file:///home/oai/share/2024-02-11_PIDISDSA37411_project-information-document-second-additional-financing-to-tunisia-emergency-food-security-response-project-p181565_english.pdf#:~:text=The%20proposed%20AF,aspects%20related%20to%20vulnerabilities%20from,FALSE,FALSE,p. 6,Key results and activities,,,
P181565,World Bank,Tunisia,2024,PID,intervention,Provide advice on animal feeding practices to increase productivity and reduce greenhouse gas emissions and promote smart agronomic practices such as crop rotation with nitrogen‑fixing legumes,Livestock Management & Technologies; Crop Management & Technology,,,cattle,The project will support advice to farmers on better feeding practices to increase animal productivity and reduce greenhouse gas emissions and on smart agronomic practices such as crop rotation with nitrogen‑fixing legumes to increase crop productivity and reduce fertilizer use.,file:///home/oai/share/2024-02-11_PIDISDSA37411_project-information-document-second-additional-financing-to-tunisia-emergency-food-security-response-project-p181565_english.pdf#:~:text=before%20the%202024%20domestic%20grain,The%20Monitoring,FALSE,FALSE,p. 8,Climate‑smart advisory,,,
P181565,World Bank,Tunisia,2024,PID,outcome,Enhanced climate resilience and adaptation for farmers and livestock producers,Resilience,Resilience,Intended,cattle,"Activities aim to build climate resilience and mitigate successive droughts through barley supply for animal feed and enhanced access to drought‑ and heat‑resilient seeds, leading to stronger resilience of farmers and livestock producers.",file:///home/oai/share/2024-02-11_PIDISDSA37411_project-information-document-second-additional-financing-to-tunisia-emergency-food-security-response-project-p181565_english.pdf#:~:text=The%20proposed%20AF,aspects%20related%20to%20vulnerabilities%20from,FALSE,FALSE,p. 6,Key results and activities,,,
P181565,World Bank,Tunisia,2024,PID,outcome,Uninterrupted access to bread and grain products for poor and vulnerable households,Food Security & Nutrition,"Food access, availability",Intended,unspecified,The project aims to ensure uninterrupted access to bread and grain products for poor and vulnerable households through emergency wheat procurement.,file:///home/oai/share/2024-02-11_PIDISDSA37411_project-information-document-second-additional-financing-to-tunisia-emergency-food-security-response-project-p181565_english.pdf#:~:text=To%20,laying%20the%20ground%20for%20reformsfile:///home/oai/share/2024-02-11_PIDISDSA37411_project-information-document-second-additional-financing-to-tunisia-emergency-food-security-response-project-p181565_english.pdf#:~:text=Component%202%20%E2%80%93%20Emergency%20procurement,to%20one%20week%20of%20domestic,FALSE,FALSE,p. 2; p. 7,PDO & Component 2,,
P181565,World Bank,Tunisia,2024,PID,outcome,Improved resilience of grain producers to climate change and water stress through adoption of climate‑resilient technologies and digitalized seed systems,Resilience,Resilience,Intended,unspecified,"The project will improve resilience of grain producers by enhancing access to climate‑resilient technologies, digitalizing seed sector processes and improving knowledge of vulnerabilities and adaptation options.",file:///home/oai/share/2024-02-11_PIDISDSA37411_project-information-document-second-additional-financing-to-tunisia-emergency-food-security-response-project-p181565_english.pdf#:~:text=The%20proposed%20AF,aspects%20related%20to%20vulnerabilities%20from,FALSE,FALSE,p. 6,Key results and activities,,,
P181565,World Bank,Tunisia,2024,PID,outcome,Increased animal productivity and reduced greenhouse gas emissions through improved feeding practices,Sustainable Economic Growth,Productivity,Intended,cattle,Advice to farmers on better feeding practices aims to increase animal productivity and reduce greenhouse gas emissions.,file:///home/oai/share/2024-02-11_PIDISDSA37411_project-information-document-second-additional-financing-to-tunisia-emergency-food-security-response-project-p181565_english.pdf#:~:text=before%20the%202024%20domestic%20grain,The%20Monitoring,FALSE,FALSE,p. 8,Climate‑smart advisory,,,
P509237,World Bank,Tunisia,2025,PID,objective,To help restore and promote job creation in the agri‑food sector in Tunisia,,,,,The Project Development Objective is to help restore and promote job creation in the agri‑food sector in Tunisia.,file:///home/oai/share/2025-02-20_NO-REPNB_project-information-document-support-to-job-creation-in-the-agri-food-sector-and-rural-space-p509237_english.pdf#:~:text=The%20Project%20development%20objective%20is,1%2C420%20direct%20and%20indirect%20jobs,FALSE,FALSE,p. 5,PDO,,,
P509237,World Bank,Tunisia,2025,PID,intervention,"Provide technical assistance to producer organizations and SMEs for business development, project preparation, capacity building and resilience including digital and climate‑resilient practices",Advisory and Extension; Behavior Change & Social Programs,,,unspecified,"Component 1 will provide technical assistance to producer organizations and SMEs for project preparation, business development and capacity building, focusing on youth and women, and will include tailored support, linking with service providers, building resilience, and digital training and climate‑resilient practices.",file:///home/oai/share/2025-02-20_NO-REPNB_project-information-document-support-to-job-creation-in-the-agri-food-sector-and-rural-space-p509237_english.pdf,FALSE,FALSE,p. 5-6,Component 1,,,,
P509237,World Bank,Tunisia,2025,PID,intervention,"Offer non‑reimbursable matching grants to finance equipment, inputs, soft activities and working capital for agri‑food and rural start‑ups and SMEs",Markets & Finance,,,camelids,"Component 2 will offer non‑reimbursable matching grants for acceleration and incubation categories to finance equipment, inputs, training, marketing and working capital across a range of agri‑food and rural entrepreneurship activities, including camelid product transformation and snail farming.",file:///home/oai/share/2025-02-20_NO-REPNB_project-information-document-support-to-job-creation-in-the-agri-food-sector-and-rural-space-p509237_english.pdf,FALSE,FALSE,p. 6,Component 2,,,,
P509237,World Bank,Tunisia,2025,PID,outcome,Number of beneficiaries and direct and indirect jobs created,Sustainable Economic Growth,Employment status,Intended,unspecified,"The project aims to reach about 190 beneficiaries and create approximately 1,420 direct and indirect jobs through the combination of technical assistance and matching grants.",file:///home/oai/share/2025-02-20_NO-REPNB_project-information-document-support-to-job-creation-in-the-agri-food-sector-and-rural-space-p509237_english.pdf#:~:text=The%20Project%20development%20objective%20is,1%2C420%20direct%20and%20indirect%20jobs,FALSE,FALSE,p. 5,Key Results,,,
P509237,World Bank,Tunisia,2025,PID,outcome,Enhanced business resilience and economic inclusion for youth and women,Inclusivity & Women’s Empowerment,Women’s empowerment,Intended,unspecified,"The technical assistance and matching grants focus on tailored support for youth, women, migrants and persons with disabilities to enhance business resilience and economic inclusion.",file:///home/oai/share/2025-02-20_NO-REPNB_project-information-document-support-to-job-creation-in-the-agri-food-sector-and-rural-space-p509237_english.pdf,FALSE,FALSE,p. 5-6,Component 1,,,,
P175011,World Bank,Türkiye,2022,PAD,objective,To strengthen capacity for sustainable and competitive agricultural growth and promote the use of climate‑smart agriculture in targeted regions in Turkey,,,,,The Project Development Objective is to strengthen capacity for sustainable and competitive agricultural growth and promote the use of climate‑smart agriculture in targeted regions in Turkey.,file:///home/oai/share/2022-03-09_PAD4704_turkey-climate-smart-and-competitive-agricultural-growth-project_english.pdf#:~:text=PDO%C2%A0Statement%2027,in%C2%A0Turkey,FALSE,FALSE,p. 34,PDO statement,,,
P175011,World Bank,Türkiye,2022,PAD,intervention,"Develop soil surveys, digital soil databases and decision support systems and train staff for sustainable land management planning",Crop Management & Technology,,,unspecified,"Subcomponent 1.1 supports soil surveys and the development of a comprehensive digital soil profile database and soil information system, a land classification and decision support system, and provides training and equipment for these activities.",file:///home/oai/share/2022-03-09_PAD4704_turkey-climate-smart-and-competitive-agricultural-growth-project_english.pdf#:~:text=Component%C2%A0%201%3A%C2%A0%20Institutional%C2%A0%20Capacity%C2%A0%20Strengthening%C2%A0,Component%C2%A0activities%C2%A0will%C2%A0a%20lso%C2%A0enhance%C2%A0MoAF%E2%80%99s%C2%A0digital%C2%A0blueprint%C2%A0for%20data%C2%A0collection%C2%A0and%C2%A0information%C2%A0management%C2%A0to%C2%A0contribute%C2%A0to%C2%A0effective%C2%A0policy%20monitoring%C2%A0and%C2%A0programming%C2%A0and%C2%A0support%20improved%C2%A0decision%E2%80%90making%C2%A0across%C2%A0the%C2%A0agricultural%C2%A0sector,FALSE,FALSE,p. 35,Subcomponent 1.1,,,
P175011,World Bank,Türkiye,2022,PAD,intervention,"Establish a digital blueprint for agricultural data collection and forecasting, including yield and production models, integrated databases and training",Crop Management & Technology,,,unspecified,"Subcomponent 1.2 develops a digital blueprint for data collection, models crop production forecasts, integrates information systems and provides training and capacity building for the Ministry of Agriculture and Forestry.",file:///home/oai/share/2022-03-09_PAD4704_turkey-climate-smart-and-competitive-agricultural-growth-project_english.pdf#:~:text=Subcomponent%C2%A01,in%C2%A0%20equipment%C2%A0%20and%C2%A0%20computer%20infrastructure%2C%C2%A0and%C2%A0training,FALSE,FALSE,p. 36,Subcomponent 1.2,,,
P175011,World Bank,Türkiye,2022,PAD,intervention,"Upgrade biosafety laboratories, establish a laboratory information management system and train professionals for animal disease surveillance and diagnostics",Public Health,,,cattle; poultry; small ruminants,"Subcomponent 2.1 will strengthen animal health institutes by upgrading biosafety level 2 and level 3 laboratories, establishing a laboratory information management system, providing training for disease surveillance and diagnostics and developing a national animal‑health laboratory policy.",file:///home/oai/share/2022-03-09_PAD4704_turkey-climate-smart-and-competitive-agricultural-growth-project_english.pdf#:~:text=32,energy%C2%A0saving%2C%C2%A0seism%20ic%C2%A0resistance%29%C2%A0elements%C2%A0in%C2%A0infrastructure%C2%A0and%20equipment%C2%A0will%C2%A0be%C2%A0considered%C2%A0in%C2%A0the%C2%A0feasibility%C2%A0assessmentfile:///home/oai/share/2022-03-09_PAD4704_turkey-climate-smart-and-competitive-agricultural-growth-project_english.pdf#:~:text=Component%C2%A03%3A%C2%A0Investments%C2%A0for%C2%A0Enhanced%C2%A0Productivity%2C%C2%A0Resource%E2%80%90Efficiency%2C%C2%A0and%20Climate%C2%A0Resilience%20Area%C2%A0prepared%C2%A0for%C2%A0climate%E2%80%90resilient%C2%A0greenhouse%C2%A0infrastructure%20,FALSE,FALSE,p. 37; p. 47,Subcomponent 2.1,,,
P175011,World Bank,Türkiye,2022,PAD,intervention,"Establish a centralized Veterinary Medicinal Control Center and vaccine testing laboratories, including training and capacity building",Public Health,,,cattle; poultry; small ruminants,"Subcomponent 2.2 establishes a centralized Veterinary Medicinal Control Center, constructs vaccine testing laboratories and provides training and capacity building to improve regulation and control of veterinary medicines and vaccines.",file:///home/oai/share/2022-03-09_PAD4704_turkey-climate-smart-and-competitive-agricultural-growth-project_english.pdf#:~:text=34,FALSE,FALSE,p. 37,Subcomponent 2.2,,,,
P175011,World Bank,Türkiye,2022,PAD,intervention,Invest in climate‑resilient geothermal greenhouse clusters within specialized organized industrial zones,Rural/Public Infrastructure,,,unspecified,"Subcomponent 3.1 will pilot geothermal greenhouse clusters by investing in enabling infrastructure such as geothermal drilling, energy and water supply, establishing greenhouse infrastructure and mobilizing private sector investment in organized industrial zones.",file:///home/oai/share/2022-03-09_PAD4704_turkey-climate-smart-and-competitive-agricultural-growth-project_english.pdf#:~:text=technology%E2%80%90based%C2%A0%20greenhouses%C2%A0%20can%C2%A0%20replace%C2%A0%20fossil%C2%A0,power%20production%C2%A0facility%3B%C2%A0energy%C2%A0transmission%C2%A0line%C2%A0and%C2%A0network%C2%A0backup%C2%A0power%C2%A0line%20as%C2%A0well%C2%A0as%C2%A0an%C2%A0electrical%C2%A0substation%3B%C2%A0potable%20and%C2%A0utility%C2%A0water%C2%A0reservoirs%C2%A0and%C2%A0pumping%C2%A0stations%3B%C2%A0telecommunication%C2%A0center%3B%20foundation%C2%A0drainage%C2%A0connection%C2%A0line%3B%C2%A0gas,FALSE,FALSE,p. 38,Subcomponent 3.1,,,
P175011,World Bank,Türkiye,2022,PAD,intervention,"Promote adoption of climate‑smart agriculture technologies through awareness campaigns, digital technologies, matching grants and training",Advisory and Extension,,,unspecified,"Subcomponent 3.2 promotes adoption of climate‑smart agriculture technologies by conducting awareness and dissemination activities, providing digital tools and precision agriculture equipment, offering matching grants and conducting training and gender‑sensitive communication campaigns.",file:///home/oai/share/2022-03-09_PAD4704_turkey-climate-smart-and-competitive-agricultural-growth-project_english.pdf#:~:text=37,Activities%C2%A0will%20focus%C2%A0on%C2%A0demonstrating%C2%A0and%C2%A0innovating%2C%C2%A0with%C2%A0careful%C2%A0attention%C2%A0paid%C2%A0to%C2%A0assure%20replicability%C2%A0and%C2%A0inform%C2%A0policies,FALSE,FALSE,p. 38-39,Subcomponent 3.2,,,
P175011,World Bank,Türkiye,2022,PAD,intervention,"Implement integrated manure management systems and pilot innovative manure collection, separation and processing for recycling to reduce water pollution and GHG emissions",Livestock Management & Technologies,,,cattle; poultry; small ruminants,"Subcomponent 3.3 will reduce animal production pressure on water pollution and GHG emissions by developing an integrated manure management system, establishing stakeholder networks, providing training and piloting innovative manure collection, separation and processing technologies for recycling into biofertilizers.",file:///home/oai/share/2022-03-09_PAD4704_turkey-climate-smart-and-competitive-agricultural-growth-project_english.pdf#:~:text=39,It%C2%A0will%C2%A0focus%C2%A0on%C2%A0areas%C2%A0where%C2%A0there%C2%A0is%C2%A0a,FALSE,FALSE,p. 39,Subcomponent 3.3,,,
P175011,World Bank,Türkiye,2022,PAD,intervention,"Support research and innovations for climate‑smart agriculture, including integrated pest management, biofertilizers, energy‑saving technologies and gender‑inclusive research design",Crop Management & Technology,,,unspecified,"Subcomponent 3.4 supports research and innovations for climate‑smart agriculture such as integrated pest management, alternative pest control methods, nutrient management, biofertilizers, energy‑saving technologies and gender‑inclusive research design and dissemination.",file:///home/oai/share/2022-03-09_PAD4704_turkey-climate-smart-and-competitive-agricultural-growth-project_english.pdf#:~:text=million%C2%A0%20IBRD%29,The%C2%A0subcomponent%20activities%C2%A0will%C2%A0contribute%C2%A0positively%C2%A0to,FALSE,FALSE,p. 39-40,Subcomponent 3.4,,,
P175011,World Bank,Türkiye,2022,PAD,outcome,Land area with integral information for sustainable and competitive agricultural land planning/management,Environmental Sustainability,Land use change/soil health,Intended,unspecified,PDO indicators include the land area with integral information to develop sustainable and competitive agricultural land planning and management.,file:///home/oai/share/2022-03-09_PAD4704_turkey-climate-smart-and-competitive-agricultural-growth-project_english.pdf#:~:text=Indicator%C2%A0Name%20PBC%20Baseline%20End%C2%A0Target,FALSE,FALSE,p. 45,PDO Indicators,,,,
P175011,World Bank,Türkiye,2022,PAD,outcome,Increase in analyses/tests for animal disease and zoonoses diagnostics processed in upgraded laboratories,Public Health,Resilience,Intended,cattle; poultry; small ruminants,One PDO indicator measures the percentage increase in analyses/tests for animal disease and zoonoses diagnostics processed in upgraded and constructed laboratories.,file:///home/oai/share/2022-03-09_PAD4704_turkey-climate-smart-and-competitive-agricultural-growth-project_english.pdf#:~:text=Increase%C2%A0in%C2%A0the%C2%A0analyses%2Ftests%C2%A0for%C2%A0animal%C2%A0disease%2Fzoonoses%20diagnostics%C2%A0processed%C2%A0in%C2%A0the%C2%A0upgraded%2Fconstructed%C2%A0laboratories%20file:///home/oai/share/2022-03-09_PAD4704_turkey-climate-smart-and-competitive-agricultural-growth-project_english.pdf#:~:text=Increase%C2%A0in%C2%A0the%C2%A0analyses%2Ftests%C2%A0for%C2%A0animal%20disease%2Fzoonoses%C2%A0diagnostics%C2%A0processed%20This%C2%A0indicator%C2%A0measures%C2%A0the%20improvement%C2%A0in%C2%A0laboratory%20Annually,M%26E%C2%A0System%20The%C2%A0annual%C2%A0number%C2%A0of%20laboratory%C2%A0tests%C2%A0and%2For%20PCU%2C%C2%A0working%C2%A0closely%20with%C2%A0PIU%C2%A0at%C2%A0MoAF%E2%80%90,FALSE,FALSE,p. 45; p. 48,PDO Indicators,,,
P175011,World Bank,Türkiye,2022,PAD,outcome,Number of farmers adopting climate‑smart agriculture technologies,Sustainable Economic Growth,Adoption,Intended,unspecified,"The results framework tracks the number of farmers adopting climate‑smart agricultural technologies, with an end target of 42,500 farmers.",file:///home/oai/share/2022-03-09_PAD4704_turkey-climate-smart-and-competitive-agricultural-growth-project_english.pdf#:~:text=Increased%C2%A0use%C2%A0of%C2%A0climate%C2%A0smart%C2%A0technologies%C2%A0in%C2%A0the%C2%A0agriculture%C2%A0sector%20Farmers%C2%A0adopting%C2%A0Climate%E2%80%90Smart%C2%A0Agricultural%C2%A0,FALSE,FALSE,p. 45,PDO Indicators,,,,
P175011,World Bank,Türkiye,2022,PAD,outcome,Area prepared for climate‑resilient greenhouse infrastructure,Sustainable Economic Growth,Productivity,Intended,unspecified,"Intermediate results indicators include the area prepared for climate‑resilient greenhouse infrastructure, with an end target of 179 ha.",file:///home/oai/share/2022-03-09_PAD4704_turkey-climate-smart-and-competitive-agricultural-growth-project_english.pdf#:~:text=Component%C2%A03%3A%C2%A0Investments%C2%A0for%C2%A0Enhanced%C2%A0Productivity%2C%C2%A0Resource%E2%80%90Efficiency%2C%C2%A0and%20Climate%C2%A0Resilience%20Area%C2%A0prepared%C2%A0for%C2%A0climate%E2%80%90resilient%C2%A0greenhouse%C2%A0infrastructure%20,FALSE,FALSE,p. 46,Intermediate Results,,,,
P181428,World Bank,Türkiye,2024,PAD,objective,To support the resilient recovery of the agriculture sector in Türkiye’s earthquake‑affected provinces and targeted adjacent areas,,,,,The Project Development Objective is to support the resilient recovery of the agriculture sector in Türkiye’s earthquake‑affected provinces and targeted adjacent areas.,file:///home/oai/share/2024-11-18_PAD00253_turkiye-agriculture-sector-recovery-in-turkiyes-earthquake-affected-provinces-project_english.pdf#:~:text=22,provinces%20and%20targeted%20adjacent%20areas,FALSE,FALSE,p. 23,PDO statement,,,
P181428,World Bank,Türkiye,2024,PAD,intervention,"Rehabilitate and modernize small‑scale irrigation infrastructure, including converting open channels to closed systems and installing water‑efficient pumps and meters, combined with capacity building for cooperatives",Rural/Public Infrastructure,,,unspecified,"Subcomponent 1.1 finances the rehabilitation and modernization of small‑scale irrigation infrastructure by converting open irrigation channels to closed systems, installing water‑efficient pumps and meters and providing capacity building and training for irrigation cooperatives and water user groups.",file:///home/oai/share/2024-11-18_PAD00253_turkiye-agriculture-sector-recovery-in-turkiyes-earthquake-affected-provinces-project_english.pdf,FALSE,FALSE,p. 25,Subcomponent 1.1,,,,
P181428,World Bank,Türkiye,2024,PAD,intervention,"Establish common machinery utilization models through machinery parks, provide grants for equipment and training for machine operators",Rural/Public Infrastructure,,,unspecified,"Subcomponent 1.2 establishes common machinery utilization models through machinery parks and provides grants to cooperatives and farmer groups for machinery and equipment, along with training for machine operators and capacity building.",file:///home/oai/share/2024-11-18_PAD00253_turkiye-agriculture-sector-recovery-in-turkiyes-earthquake-affected-provinces-project_english.pdf#:~:text=32,persistent%20challenges%20of%20land%20and,FALSE,FALSE,p. 26-27,Subcomponent 1.2,,,
P181428,World Bank,Türkiye,2024,PAD,intervention,"Provide grants to renovate and modernize barns and pens and acquire energy‑efficient equipment, with training on climate‑smart livestock management and improved animal husbandry practices",Livestock Management & Technologies,,,cattle; poultry; small ruminants,"Subcomponent 2.1 provides grants (covering up to 75 percent of costs) to renovate and modernize barns and pens and acquire energy‑efficient equipment for cattle, small ruminants and poultry producers; it also includes training on climate‑smart livestock management and improved animal husbandry practices.",file:///home/oai/share/2024-11-18_PAD00253_turkiye-agriculture-sector-recovery-in-turkiyes-earthquake-affected-provinces-project_english.pdf,FALSE,FALSE,p. 28,Subcomponent 2.1,,,,
P181428,World Bank,Türkiye,2024,PAD,intervention,"Implement Pasture Management Plans and procure goods and services for pasture restoration and digital pasture information systems, including solar panels, mobile shelters and seeds for degraded pastures",Livestock Management & Technologies,,,cattle; small ruminants,"Subcomponent 2.2 finances the implementation of more than 400 Pasture Management Plans, procurement of goods and services, establishment of a digital pasture information system, training and provision of equipment such as solar panels, mobile shelters and direct seeding machinery and seeds for degraded pastures.",file:///home/oai/share/2024-11-18_PAD00253_turkiye-agriculture-sector-recovery-in-turkiyes-earthquake-affected-provinces-project_english.pdf,FALSE,FALSE,p. 29,Subcomponent 2.2,,,,
P181428,World Bank,Türkiye,2024,PAD,intervention,"Provide solar panels, mobile shelters and seeds to support shepherds and improve grazing conditions, reduce methane emissions and increase soil organic carbon",Rural/Public Infrastructure,,,cattle; small ruminants,"Investments in pasture restoration will provide shepherds with mobile shelters, solar panels and seeds for degraded pastures to improve grazing conditions, reduce methane emissions and increase soil organic carbon.",file:///home/oai/share/2024-11-18_PAD00253_turkiye-agriculture-sector-recovery-in-turkiyes-earthquake-affected-provinces-project_english.pdf#:~:text=lower%20emission%20intensity%20per%20animal,32,FALSE,FALSE,p. 30,Climate co‑benefits,,,
P181428,World Bank,Türkiye,2024,PAD,outcome,Beneficiaries with recovered operating capacity,Resilience,Maintenance of operations,Intended,cattle; poultry; small ruminants,PDO indicators include the number of beneficiaries with recovered operating capacity in earthquake‑affected provinces.,file:///home/oai/share/2024-11-18_PAD00253_turkiye-agriculture-sector-recovery-in-turkiyes-earthquake-affected-provinces-project_english.pdf#:~:text=,Scorecard%20indicator,FALSE,FALSE,p. 23-24,PDO Indicators,,,
P181428,World Bank,Türkiye,2024,PAD,outcome,People with enhanced resilience to climate risks,Resilience,Resilience,Intended,cattle; poultry; small ruminants,PDO indicators measure the number of people with enhanced resilience to climate risks as a result of project interventions.,file:///home/oai/share/2024-11-18_PAD00253_turkiye-agriculture-sector-recovery-in-turkiyes-earthquake-affected-provinces-project_english.pdf#:~:text=,Scorecard%20indicator,FALSE,FALSE,p. 23-24,PDO Indicators,,,
P181428,World Bank,Türkiye,2024,PAD,outcome,Area under improved climate adaptation management (hectares),Environmental Sustainability,Land use change/soil health,Intended,unspecified,A PDO indicator tracks the area under improved climate adaptation management (hectares) resulting from project investments.,file:///home/oai/share/2024-11-18_PAD00253_turkiye-agriculture-sector-recovery-in-turkiyes-earthquake-affected-provinces-project_english.pdf#:~:text=,Scorecard%20indicator,FALSE,FALSE,p. 23-24,PDO Indicators,,,
P173296,World Bank,Uganda,2022,PAD,objective,"To increase productivity, market access and resilience of select value chains in the project area and to respond promptly and effectively to an eligible crisis or emergency",,,,,"The Project Development Objective is to increase productivity, market access and resilience of select value chains in the project area and to respond promptly and effectively to an eligible crisis or emergency.",file:///home/oai/share/2022-11-30_PAD4978_uganda-climate-smart-agricultural-transformation-project_english.pdf#:~:text=To%20increase%20productivity%2C%20market%20access,PDO%20Level%20Indicators,FALSE,FALSE,p. 15,PDO statement,,,
P173296,World Bank,Uganda,2022,PAD,intervention,"Support competitive research grants and adaptive research to develop, validate and disseminate climate‑smart technologies and management practices (TIMPs)",Crop Management & Technology,,,unspecified,"Subcomponent 1.1 will support climate‑smart agriculture research and innovations by providing competitive research grants and adaptive research grants to develop, validate and disseminate context‑specific technologies, innovations and management practices.",file:///home/oai/share/2022-11-30_PAD4978_uganda-climate-smart-agricultural-transformation-project_english.pdf#:~:text=Innovations%20%28US%249.8%20million%20,available%20for%20uptake%20and%20adaptation,FALSE,FALSE,p. 17,Subcomponent 1.1,,,
P173296,World Bank,Uganda,2022,PAD,intervention,Build competitive and sustainable seed systems by multiplying climate‑smart planting materials and improving artificial insemination services and quality assurance of seeds and breeds,Crop Management & Technology; Livestock Management & Technologies,,,cattle; aquaculture,"Subcomponent 1.2 will build competitive and sustainable seed systems through multiplication of climate‑smart planting and stocking materials, establishing out‑grower schemes, strengthening artificial insemination services and quality assurance systems for seeds and breeds, including aquaculture fingerlings.",file:///home/oai/share/2022-11-30_PAD4978_uganda-climate-smart-agricultural-transformation-project_english.pdf#:~:text=This%20subcomponent%20will%20strengthen%20agricultural,county%20Artificial%20Intelligence%20centers,FALSE,FALSE,p. 17-18,Subcomponent 1.2,,,
P173296,World Bank,Uganda,2022,PAD,intervention,"Strengthen agro‑climate monitoring and information systems by installing weather stations, developing big data and early warning tools and training extension staff",Advisory and Extension,,,unspecified,"Subcomponent 1.3 will strengthen agro‑climate monitoring and information systems through acquisition and installation of weather stations, development of big data systems for agro‑climate information, partnerships to improve climate information dissemination and training extension staff for early warning and dissemination.",file:///home/oai/share/2022-11-30_PAD4978_uganda-climate-smart-agricultural-transformation-project_english.pdf,FALSE,FALSE,p. 18,Subcomponent 1.3,,,,
P173296,World Bank,Uganda,2022,PAD,intervention,"Strengthen institutional capacity of research institutes and animal genetic resource centers by training staff, refurbishing laboratories, establishing mobile reproductive technology labs and upgrading veterinary labs",Livestock Management & Technologies; Aquaculture Management & Technologies,,,cattle; aquaculture,"Subcomponent 1.4 will strengthen institutional capacity by training extension and research staff, certifying and producing seeds, breeds and fingerlings, refurbishing laboratories and aquaculture facilities, establishing mobile artificial reproductive technology labs and upgrading veterinary laboratories.",file:///home/oai/share/2022-11-30_PAD4978_uganda-climate-smart-agricultural-transformation-project_english.pdf#:~:text=Subcomponent%201,h%29%20establishment%20andfile:///home/oai/share/2022-11-30_PAD4978_uganda-climate-smart-agricultural-transformation-project_english.pdf#:~:text=Subcomponent%201,specialized%20ground%20transport%20for%20PARIs,FALSE,FALSE,p. 18-19,Subcomponent 1.4,,
P173296,World Bank,Uganda,2022,PAD,intervention,"Provide matching grants and incentives for communities and districts to adopt sustainable land management practices, including micro‑projects and subprojects, mechanization and irrigation services and extension support",Ecosystem Services; Markets & Finance; Advisory and Extension,,,unspecified,"Subcomponent 2.1 will finance matching grants for community‑level micro‑projects and district‑level subprojects to adopt sustainable land management practices, provide incentive payments through labor‑intensive public works and SLM payments to farmers, offer mechanization and irrigation services and deliver extension services.",file:///home/oai/share/2022-11-30_PAD4978_uganda-climate-smart-agricultural-transformation-project_english.pdf#:~:text=Subcomponent%202,incentive%20payments%20to%20farmers,FALSE,FALSE,p. 19,Subcomponent 2.1,,,
P173296,World Bank,Uganda,2022,PAD,intervention,"Provide nutrition grants, climate‑resilient technologies, backyard gardens and nutrition education in refugee settlements and host communities",Behavior Change & Social Programs; Livestock Management & Technologies; Crop Management & Technology,,,unspecified,"Subcomponent 2.2 will support refugee settlements and host communities by providing nutrition grants to farmer groups, scaling up backyard gardens for nutrient‑dense foods, contracting partners to deliver nutrition education, supplying climate‑smart inputs and micro‑irrigation kits and building capacity to manage savings and revolving funds.",file:///home/oai/share/2022-11-30_PAD4978_uganda-climate-smart-agricultural-transformation-project_english.pdf,FALSE,FALSE,p. 19,Subcomponent 2.2,,,,
P173296,World Bank,Uganda,2022,PAD,intervention,"Build institutional capacity at local levels for CSA planning, farmer mobilization and climate adaptation education and deliver farmer field schools and extension",Advisory and Extension,,,unspecified,"Subcomponent 2.3 will build institutional capacity at district, subcounty and community levels for CSA planning, mobilize and organize farmer groups, strengthen extension services and provide education through farmer field schools and lead farmers, including consultations on climate change mitigation and adaptation.",file:///home/oai/share/2022-11-30_PAD4978_uganda-climate-smart-agricultural-transformation-project_english.pdf#:~:text=Subcomponent%202,mile%20service%20deliveryfile:///home/oai/share/2022-11-30_PAD4978_uganda-climate-smart-agricultural-transformation-project_english.pdf#:~:text=Page%2018%20of%2081%2028,the%20value%20chains%20of%3A%20dairy,FALSE,FALSE,p. 19-20,Subcomponent 2.3,,
P173296,World Bank,Uganda,2022,PAD,intervention,"Provide technical assistance and matching grants for market development and linkages, including clean energy equipment, solar dryers, climate‑smart storage, market linkages and rehabilitation of market bottlenecks",Markets & Finance; Food Processing & Storage; Advisory and Extension,,,unspecified,"Subcomponent 3.1 will finance national technical assistance to strengthen producer organizations, business development services, matching grants for clean energy equipment and climate‑smart storage, promotion of market linkages and rehabilitation of market infrastructure bottlenecks.",file:///home/oai/share/2022-11-30_PAD4978_uganda-climate-smart-agricultural-transformation-project_english.pdf#:~:text=Subcomponent%203,IDA,FALSE,FALSE,p. 20,Subcomponent 3.1,,,
P173296,World Bank,Uganda,2022,PAD,intervention,"Provide training and matching grants for market development in refugee settlements and host communities, including clean energy equipment and value‑added processing",Markets & Finance; Food Processing & Storage; Advisory and Extension,,,unspecified,"Subcomponent 3.2 will finance skills development for youth and extension staff and provide matching grants for clean energy equipment, machinery and infrastructure for harvesting and postharvest value addition to minimize losses and improve quality.",file:///home/oai/share/2022-11-30_PAD4978_uganda-climate-smart-agricultural-transformation-project_english.pdf#:~:text=Subcomponent%203,investments%20in%20selected%20value%20chains,FALSE,FALSE,p. 20,Subcomponent 3.2,,,
P173296,World Bank,Uganda,2022,PAD,outcome,Land area under sustainable land management including climate‑smart practices (hectares),Environmental Sustainability,Soil health/land use change,Intended,unspecified,PDO indicators measure the land area under sustainable land management including climate‑smart practices resulting from project support.,file:///home/oai/share/2022-11-30_PAD4978_uganda-climate-smart-agricultural-transformation-project_english.pdf#:~:text=Land%20area%20under%20sustainable%20land,land%20management%20practices%20MTR%2C%20EOP,FALSE,FALSE,p. 46,PDO Indicators,,,
P173296,World Bank,Uganda,2022,PAD,outcome,"Percentage increase in yields of selected value chains (crop, livestock and fisheries)",Sustainable Economic Growth,Productivity,Intended,cattle; aquaculture,"Outcome indicators assess the percentage increase in productivity of selected crop, livestock and fisheries value chains in metric tons per production unit.",,FALSE,FALSE,p. 47-48,PDO Indicators,,,,
P173296,World Bank,Uganda,2022,PAD,outcome,Percentage increase in volumes of agricultural products marketed by targeted beneficiaries,Sustainable Economic Growth,Market efficiency,Intended,unspecified,The results framework tracks the percentage increase in volumes of agricultural products of selected value chains marketed by targeted beneficiaries.,file:///home/oai/share/2022-11-30_PAD4978_uganda-climate-smart-agricultural-transformation-project_english.pdf#:~:text=Percentage%20increase%20in%20volumes%20,value%20chains%20per%20production%20unit,FALSE,FALSE,p. 48,PDO Indicators,,,
P173296,World Bank,Uganda,2022,PAD,outcome,Number of farmers and extension staff trained on climate‑smart agriculture technologies and practices,Inclusivity & Women’s Empowerment,Knowledge increase,Intended,unspecified,"Intermediate results indicators include the number of farmers trained on the application of climate‑smart agriculture technologies and practices (with a target of 77,550, including 19,800 women) and extension staff/service providers trained.",file:///home/oai/share/2022-03-09_PAD4704_turkey-climate-smart-and-competitive-agricultural-growth-project_english.pdf#:~:text=Farmers%C2%A0trained%C2%A0on%C2%A0the%C2%A0application%C2%A0of%C2%A0CSA%C2%A0technologies%C2%A0and%20practices%C2%A0,FALSE,FALSE,p. 46,Intermediate Results,,,,
P162659,World Bank,Yemen,2017,PAD,objective,Increase use of productivity and nutrition-enhancing agricultural practices by smallholders,,,,,To increase the use of productivity and nutrition-enhancing agricultural practices by smallholders in targeted project areas,file:///home/oai/share/2017-07-31_PAD2319_yemen-smallholder-agricultural-production-restoration-and-enhancement-project_english.pdf#:~:text=To%20increase%20the%20use%20of,smallholders%20in%20targeted%20project%20areas,FALSE,FALSE,p. 2,Datasheet,,,
P162659,World Bank,Yemen,2017,PAD,intervention,"Water harvesting, spate irrigation and rangeland improvement",Rural/Public Infrastructure,,,unspecified,Investments under this subcomponent build on water harvesting and small-scale spate improvement … rehabilitation of existing or construction of new terraces; rehabilitation of on-farm water storage facilities … wadi soil conservation … vegetative measures; rehabilitation of shallow wells and springs,file:///home/oai/share/2017-07-31_PAD2319_yemen-smallholder-agricultural-production-restoration-and-enhancement-project_english.pdf#:~:text=Subcomponent%201,under%20this%20subcomponent%20would%20include,FALSE,FALSE,p. 16,"Component 1, subcomponent 1.1",,,
P162659,World Bank,Yemen,2017,PAD,intervention,Improve animal husbandry and veterinary services including vaccination and training,Livestock Management & Technologies,,,small ruminants; poultry; apiculture,"Activities aim at protecting livestock assets of poor households through improving access to veterinary services … identification and training of Community Animal Health Workers … vaccination campaign to prevent major diseases in small ruminants, improving animal nutrition through demonstration of appropriate technologies … start-up packages for backyard poultry, small ruminants and apiculture",file:///home/oai/share/2017-07-31_PAD2319_yemen-smallholder-agricultural-production-restoration-and-enhancement-project_english.pdf#:~:text=Subcomponent%201,disease%20control%20system%20and%20services,FALSE,FALSE,p. 16-17,"Component 1, subcomponent 1.2",,,
P162659,World Bank,Yemen,2017,PAD,intervention,Provide emergency livelihood kits and equipment for value addition and dairy value chain,Food Processing & Storage,,,dairy; honey; horticulture,"This subcomponent aims at improving livelihoods and nutrition and increasing value added … supporting vulnerable groups with provision of emergency agriculture livelihood kits … increasing value-added through provision of equipment and technical and business training for processing, packaging and marketing; improving honey quality through improved beekeeping and processing; supporting the dairy value chain by increasing efficiency and reducing cost of animal feed",file:///home/oai/share/2017-07-31_PAD2319_yemen-smallholder-agricultural-production-restoration-and-enhancement-project_english.pdf#:~:text=Subcomponent%201,Eligible%20activities%20would%20include,FALSE,FALSE,p. 17,"Component 1, subcomponent 1.3",,,
P162659,World Bank,Yemen,2017,PAD,intervention,Capacity building and extension services including farmer field schools and nutrition awareness,Advisory and Extension,,,unspecified,"This component finances capacity building activities to strengthen skills of stakeholders … piloting and expanding Farmers Field Schools … topics linked to land and water management and livestock production, and promoting nutrition awareness targeted to women and households",file:///home/oai/share/2017-07-31_PAD2319_yemen-smallholder-agricultural-production-restoration-and-enhancement-project_english.pdf#:~:text=Component%202%3A%20Capacity%20Building%20and,90%20million,FALSE,FALSE,p. 17,Component 2,,,
P162659,World Bank,Yemen,2017,PAD,outcome,Farmers adopting improved agricultural technology,Sustainable Economic Growth,Adoption,Intended,unspecified,"The achievement of project outcomes will be measured by farmers adopting improved agricultural technology with an end target of 10,000 farmers, including disaggregated targets for female and male farmers",file:///home/oai/share/2017-07-31_PAD2319_yemen-smallholder-agricultural-production-restoration-and-enhancement-project_english.pdf#:~:text=key%20PDO%20indicators%3A%20i,resume%20crop%20and%20livestock%20productionfile:///home/oai/share/2017-07-31_PAD2319_yemen-smallholder-agricultural-production-restoration-and-enhancement-project_english.pdf#:~:text=Name%3A%20Farmers%20adopting%20improved%20agricultural,annually,FALSE,FALSE,p. 15; p. 34,Results Framework,,
P162659,World Bank,Yemen,2017,PAD,outcome,Households supported to resume crop and livestock production,Sustainable Economic Growth,Productivity,Intended,unspecified,"Households supported to resume crop and livestock production is a key outcome indicator with an end target of 35,000 households that will receive start-up packages of seeds, poultry and small ruminants to rebuild productive capacity and reengage in production",file:///home/oai/share/2017-07-31_PAD2319_yemen-smallholder-agricultural-production-restoration-and-enhancement-project_english.pdf#:~:text=key%20PDO%20indicators%3A%20i,resume%20crop%20and%20livestock%20productionfile:///home/oai/share/2017-07-31_PAD2319_yemen-smallholder-agricultural-production-restoration-and-enhancement-project_english.pdf#:~:text=Description%3A%20This%20indicator%20will%20measure,capacity%20and%20reengage%20in%20production,FALSE,FALSE,p. 15; p. 34-35,Results Framework,,
P162659,World Bank,Yemen,2017,PAD,outcome,Households with strengthened land and water management,Resilience,Resilience,Intended,unspecified,"Intermediate results indicators include the number of households with strengthened land and water management with a target of 18,000 households",file:///home/oai/share/2017-07-31_PAD2319_yemen-smallholder-agricultural-production-restoration-and-enhancement-project_english.pdf#:~:text=Number%20of%20HHs%20with%20strengthened,land%20and%20water%20management,FALSE,FALSE,p. 35,Results Framework,,,
P162659,World Bank,Yemen,2017,PAD,outcome,Increased milk production,Sustainable Economic Growth,Productivity,Intended,dairy,An intermediate result indicator measures increased milk production by project beneficiaries with a target of 10 percent increase,file:///home/oai/share/2017-07-31_PAD2319_yemen-smallholder-agricultural-production-restoration-and-enhancement-project_english.pdf#:~:text=Name%3A%20Increased%20milk%20production,FALSE,FALSE,p. 35,Results Framework,,,,
P174170,World Bank,Yemen,2020,PAD,objective,"Control desert locust outbreak, support livelihoods, and strengthen preparedness for future infestations",,,,,"The Project Development Objectives are to control the desert locust outbreak, support livelihoods in locust-affected areas and strengthen Yemen’s preparedness for future locust infestations.",file:///home/oai/share/2020-06-01_PAD3959_yemen-desert-locust-response-project_english.pdf#:~:text=The%20Project%20Development%20Objectives%20,21,FALSE,FALSE,p. 13,PDO statement,,,
P174170,World Bank,Yemen,2020,PAD,intervention,Establish continuous surveillance using satellite and field equipment with community training,"Crop Management, Technology, R&D",,,unspecified,"Activities will provide early warning of locust outbreaks through procurement of satellite maps and land surveillance equipment (elocust3, GPS, camping kits, 4WD pickups), and Training-of-Trainers sessions to ensure organized training for communities to participate in desert locust surveillance and monitoring.",file:///home/oai/share/2020-06-01_PAD3959_yemen-desert-locust-response-project_english.pdf#:~:text=Sub,desert%20locust%20surveillance%20and%20monitoring,FALSE,FALSE,p. 14,"Component 1, Subcomponent 1.1",,,
P174170,World Bank,Yemen,2020,PAD,intervention,Implement locust control using bio-pesticides and equipment,"Crop Management, Technology, R&D",,,unspecified,"The control measures sub-component will reduce locust populations by neutralizing hopper bands using bio-pesticides and will procure 4WD pickup trucks, bio-pesticides, ULV sprayers, pumps, pesticide drum cleaners and protective equipment, with operational costs for control operations",file:///home/oai/share/2020-06-01_PAD3959_yemen-desert-locust-response-project_english.pdf#:~:text=Sub,will%20have%20specifications%20that%20cannot,FALSE,FALSE,p. 14-15,"Component 1, Subcomponent 1.2",,,
P174170,World Bank,Yemen,2020,PAD,intervention,Monitor health risks and develop National Pest Management Strategy,Public Health,,,unspecified,"Risk reduction activities include procurement of Cholinesterase test systems, testing of human health and soil and water for contamination, preparation of a National Pest Management Strategy, and safety and awareness training for spraying teams",file:///home/oai/share/2020-06-01_PAD3959_yemen-desert-locust-response-project_english.pdf#:~:text=Sub,the%20necessary%20health%20and%20safety,FALSE,FALSE,p. 15,"Component 1, Subcomponent 1.3",,,
P174170,World Bank,Yemen,2020,PAD,intervention,Provide cash-for-work employment and women-focused activities in locust-affected areas,Behavior Change & Social Programs,,,small ruminants; apiculture; unspecified,"The Cash for Work sub-component provides short-term employment to beneficiaries, primarily women, for activities such as clearing dead locusts, planting seedlings, rehabilitating water reservoirs, collecting locusts for fertilizer and feed, introducing pollinators, training women as community health workers, and encouraging home gardens and nutrition",file:///home/oai/share/2020-06-01_PAD3959_yemen-desert-locust-response-project_english.pdf,FALSE,FALSE,p. 16,"Component 2, Subcomponent 2.1",,,,
P174170,World Bank,Yemen,2020,PAD,intervention,Restore livelihoods with productive asset kits and training on climate-smart crop and livestock practices,Livestock Management & Technologies,,,livestock; apiculture; unspecified,"Subcomponent 2.2 provides productive asset kits to affected households dependent on agriculture, livestock and beekeeping; trains producers to restart production based on climate-smart crop and livestock practices; supports climate-resilient grazing with legumes and grasses; and supplies emergency fodder and limited animal restocking",file:///home/oai/share/2020-06-01_PAD3959_yemen-desert-locust-response-project_english.pdf,FALSE,FALSE,p. 16-17,"Component 2, Subcomponent 2.2",,,,
P174170,World Bank,Yemen,2020,PAD,intervention,Establish DLCC network and early warning system for locust outbreaks,Public Health,,,unspecified,"Component 3 builds a network of Desert Locust Control Centers, including establishing new centers and rehabilitating existing ones, investing in climate-proof and energy-efficient infrastructure, preparing a national control plan, and developing an integrated Desert Locust Early Response System to provide early warning and coordinate response",file:///home/oai/share/2020-06-01_PAD3959_yemen-desert-locust-response-project_english.pdffile:///home/oai/share/2020-06-01_PAD3959_yemen-desert-locust-response-project_english.pdf#:~:text=Sub,aerial%20operations%20for%20swarm%20control,FALSE,FALSE,p. 17-18,Component 3,,,
P174170,World Bank,Yemen,2020,PAD,intervention,Conduct public awareness campaigns on pesticide safety and climate-smart pest management,Behavior Change & Social Programs,,,unspecified,"Component 4 supports public awareness campaigns to inform communities about environmental and health effects of insecticides and promotes climate-smart pest management; campaigns will reach at least 75,000 beneficiaries and integrate COVID-19 preventive measures",file:///home/oai/share/2020-06-01_PAD3959_yemen-desert-locust-response-project_english.pdffile:///home/oai/share/2020-06-01_PAD3959_yemen-desert-locust-response-project_english.pdf#:~:text=Integration%20of%20COVID,The%20decision%20on%20which%20hygiene,FALSE,FALSE,p. 18,Component 4,,,
P174170,World Bank,Yemen,2020,PAD,outcome,Share of affected pasture and agricultural land restored to productivity,Environmental Sustainability,Land use change,Intended,unspecified,Outcome indicators include the share of affected pasture/rangeland restored to productivity and share of affected agricultural land restored to productivity,file:///home/oai/share/2020-06-01_PAD3959_yemen-desert-locust-response-project_english.pdf#:~:text=Outcome%201%3A%20Control%20of%20desert,percent,FALSE,FALSE,p. 13,PDO indicators,,,
P174170,World Bank,Yemen,2020,PAD,outcome,"Affected households supported by social safety nets, with female recipients",Inclusivity & Women’s Empowerment,Women’s empowerment,Intended,unspecified,"Outcome indicators include the number of affected households supported by social safety nets, with the share of female direct recipients of benefits",file:///home/oai/share/2020-06-01_PAD3959_yemen-desert-locust-response-project_english.pdf#:~:text=Outcome%202%3A%20Livelihoods%20in%20locust,affected%20areas%20supported,FALSE,FALSE,p. 13,PDO indicators,,,
P174170,World Bank,Yemen,2020,PAD,outcome,Share of locust-affected farmers reporting renewed agricultural activity,Sustainable Economic Growth,Productivity,Intended,livestock; crop; apiculture,"Outcome indicators include the share of locust-affected farmers (including crop farmers, livestock owners and beekeepers) reporting renewed agricultural activity, with disaggregation for female-headed farms",file:///home/oai/share/2020-06-01_PAD3959_yemen-desert-locust-response-project_english.pdf#:~:text=Share%20of%20locust,headed%20farms%20%28percent,FALSE,FALSE,p. 13,PDO indicators,,,
P174170,World Bank,Yemen,2020,PAD,outcome,Development of locust control plan and functioning early warning system,Inducing Policy Change,New laws or institutional changes,Intended,unspecified,Outcome indicators include whether Yemen’s locust control plan is developed and whether an early warning system is developed and functioning,file:///home/oai/share/2020-06-01_PAD3959_yemen-desert-locust-response-project_english.pdf#:~:text=Outcome%203%3A%20Country%E2%80%99s%20preparedness%20against,future%20locust%20outbreaks%20strengthened,FALSE,FALSE,p. 13,PDO indicators,,,
P176129,World Bank,Yemen,2021,PAD,objective,Improve availability and access to food and nutritious diets and enhance capacity to respond to food insecurity,,,,,"The Project Development Objective is to improve the availability of and access to food and nutritious diets, both in the short and medium term, for targeted households in the Project Area, and to enhance Yemen’s capacity to respond to food insecurity",file:///home/oai/share/2021-04-27_PAD4351_yemen-food-security-response-and-resilience-project_english.pdf#:~:text=The%20Project%20Development%20Objective%20,to%20respond%20to%20food%20insecurity,FALSE,FALSE,p. 21,PDO statement,,,
P176129,World Bank,Yemen,2021,PAD,intervention,Cash-for-work program to restore agricultural infrastructure and build climate resilience,Rural/Public Infrastructure,,,unspecified,"Component 1 will provide temporary employment opportunities through a cash-for-work program to restore damaged public and collective productive assets such as water infrastructure, irrigation networks, roads and terraced farming lands, focusing on youth and women and building climate resilience",file:///home/oai/share/2021-04-27_PAD4351_yemen-food-security-response-and-resilience-project_english.pdf,FALSE,FALSE,p. 22,Component 1,,,,
P176129,World Bank,Yemen,2021,PAD,intervention,"Distribute climate-smart input packages and provide training for crop, livestock and fish production",Livestock Management & Technologies,,,crops; livestock; fish; apiculture,"Component 2 will increase production and sale of nutritious crop, livestock and fish products by restoring climate-smart local production systems through input packages (crop seeds, animal feed, forage seeds, fish production equipment, beekeeping kits and dairy equipment) and training (Farmer Field Schools, veterinary services), promoting climate-smart production",file:///home/oai/share/2021-04-27_PAD4351_yemen-food-security-response-and-resilience-project_english.pdf,FALSE,FALSE,p. 23-24,Component 2,,,,
P176129,World Bank,Yemen,2021,PAD,intervention,Provide value addition packages and grants for processing and marketing of agri-food products,Food Processing & Storage,,,dairy; horticulture; apiculture,"Under Component 2, in-kind grants will support value addition through processing, packaging and marketing, including dairy, hydroponics and greenhouses, to promote commercialization of nutritious food products",file:///home/oai/share/2021-04-27_PAD4351_yemen-food-security-response-and-resilience-project_english.pdf,FALSE,FALSE,p. 23-24,Component 2,,,,
P176129,World Bank,Yemen,2021,PAD,intervention,"Supply horticulture kits and promote climate-smart vegetable production using greenhouses, drip irrigation and hydroponics","Crop Management, Technology, R&D",,,horticulture,"Component 3 will improve nutritional status and incomes of vulnerable households by distributing horticulture production kits and feed for livestock, and by introducing innovative climate-smart vegetable production methods using greenhouses, drip irrigation and hydroponics, targeting vulnerable and women-headed households",file:///home/oai/share/2021-04-27_PAD4351_yemen-food-security-response-and-resilience-project_english.pdf#:~:text=incomes%20for%20beneficiary%20households,be%20included%20in%20the%20POM,FALSE,FALSE,p. 24,Component 3,,,
P176129,World Bank,Yemen,2021,PAD,intervention,"Strengthen extension services and animal health institutions, including training and laboratory upgrades",Advisory and Extension,,,livestock; apiculture; seeds,"Component 4 will build capacity for food security management by expanding extension services via farmer field schools, supporting animal health institutions through training of veterinarians, development of surveillance protocols, upgrading laboratories and establishing clinics, strengthening seed and plant health institutions with equipment and rehabilitation of seed quality control laboratories, and reinforcing apiculture institutions with training and equipment",file:///home/oai/share/2021-04-27_PAD4351_yemen-food-security-response-and-resilience-project_english.pdf#:~:text=and%20access%20local%20and%20regional,technologies%20and%20practices%20for%20key,FALSE,FALSE,p. 24-25,Component 4,,,
P176129,World Bank,Yemen,2021,PAD,outcome,Improved household food access and dietary diversity,Food Security & Nutrition,Food access and utilization,Intended,unspecified,"PDO-level outcome indicators measure the percentage of households with improved Food Insecurity Experience Scale (FIES), the percentage of women with minimum dietary diversity, and the percentage of children consuming minimum acceptable diet",file:///home/oai/share/2021-04-27_PAD4351_yemen-food-security-response-and-resilience-project_english.pdf#:~:text=Outcome%201%3A%20Access%20to%20and,%E2%80%A2,FALSE,FALSE,p. 21,PDO indicators,,,
P176129,World Bank,Yemen,2021,PAD,outcome,Increased volume of agri-food products commercialized by beneficiaries,Sustainable Economic Growth,Market efficiency,Intended,unspecified,"PDO-level outcomes include an increase in the volume of agri-food products commercialized by beneficiaries, including female beneficiaries",file:///home/oai/share/2021-04-27_PAD4351_yemen-food-security-response-and-resilience-project_english.pdf#:~:text=Increase%20in%20the%20volume%20of,of%20which%20by%20female%20beneficiaries,FALSE,FALSE,p. 21,PDO indicators,,,
P176129,World Bank,Yemen,2021,PAD,outcome,Improved preparedness to respond to food security crises,Resilience,Resilience,Intended,unspecified,Outcome 2 of the PDO-level indicators states that preparedness to respond to food security crises is improved through adoption of the food security preparedness plan and use of the Earth Observation monitoring tool,file:///home/oai/share/2021-04-27_PAD4351_yemen-food-security-response-and-resilience-project_english.pdf#:~:text=Outcome%202%3A%20Country%20capacity%20to,of%20the%20EO%20monitoring%20tool,FALSE,FALSE,p. 21,PDO indicators,,,
P176129,World Bank,Yemen,2021,PAD,outcome,Short-term results: jobs created and households receiving production packages,Sustainable Economic Growth,Employment status,Intended,unspecified,"Short-term results include the number of temporary jobs created, the number of farmers who have received packages for restoring agricultural production, the number of households receiving inputs for backyard production, and the number of children under 5 and targeted women receiving supplementary feeding and health screening",file:///home/oai/share/2021-04-27_PAD4351_yemen-food-security-response-and-resilience-project_english.pdf#:~:text=,preparedness%20to%20food%20crises%20improved,FALSE,FALSE,p. 21-22,Results section,,,
P165873,World Bank,Samoa,2019,PAD,objective,"Increase productivity and market access by selected producers, improve management of natural resources and provide crisis response",,,,,"The Project Development Objective is to increase the productivity and access to markets by selected producers, improve management of targeted productive natural resources, and provide immediate response to an eligible crisis or emergency",file:///home/oai/share/2019-06-11_PAD2938_samoa-agriculture-and-fisheries-productivity-and-marketing-project_english.pdf#:~:text=PDO%20Statement%20To%20increase%20the,the%20Eligible%20Crisis%20or%20Emergency,FALSE,FALSE,p. 15,PDO statement,,,
P165873,World Bank,Samoa,2019,PAD,intervention,Strengthen national institutions for climate-smart agriculture and veterinary services,Advisory and Extension,,,livestock; aquaculture,"Component 1 will strengthen national institutions including training and capacity building in climate-smart agriculture, joining the World Organization for Animal Health, and building a small veterinary laboratory to improve animal health services",file:///home/oai/share/2019-06-11_PAD2938_samoa-agriculture-and-fisheries-productivity-and-marketing-project_english.pdf#:~:text=31,and%20activities%20to%20mitigate%20them,FALSE,FALSE,p. 17,Component 1,,,
P165873,World Bank,Samoa,2019,PAD,intervention,Strengthen fisheries management and community-based fisheries plans,Aquaculture Management & Technologies,,,aquaculture,"Subcomponent 1.2 strengthens management of shared fisheries through monitoring, control and surveillance systems and development of community-based fisheries management plans for 35 communities",file:///home/oai/share/2019-06-11_PAD2938_samoa-agriculture-and-fisheries-productivity-and-marketing-project_english.pdf#:~:text=b.%20Sub,strengthen%20Samoa%E2%80%99s%20National%20Observer,FALSE,FALSE,p. 17-18,"Component 1, subcomponent 1.2",,,
P165873,World Bank,Samoa,2019,PAD,intervention,"Invest in public infrastructure such as slaughter units, packhouse rehabilitation, feeder roads and cold storage",Food Processing & Storage,,,livestock; fisheries; horticulture,"Subcomponent 2.1 finances public good infrastructure including construction of a Static Slaughter Unit, rehabilitation of a packhouse, construction and rehabilitation of feeder roads, tree nurseries, crop drying facilities, and cold storage for fish",file:///home/oai/share/2019-06-11_PAD2938_samoa-agriculture-and-fisheries-productivity-and-marketing-project_english.pdf#:~:text=32,construction%20of%20infrastructure%20for%20which,FALSE,FALSE,p. 18,"Component 2, subcomponent 2.1",,,
P165873,World Bank,Samoa,2019,PAD,intervention,Provide matching grants to farmers and fishers for climate-smart innovations and post-harvest equipment,Markets & Finance,,,livestock; aquaculture; horticulture,"Subcomponent 2.2 establishes a matching grant program providing small and larger grants to farmers, fishers and producer organizations to adopt innovations and climate-smart technologies and to purchase post-harvest equipment, with emphasis on targeting women and youth",file:///home/oai/share/2019-06-11_PAD2938_samoa-agriculture-and-fisheries-productivity-and-marketing-project_english.pdf#:~:text=likelihood%20of%20achieving%20the%20intended,Examples%20of%20such,FALSE,FALSE,p. 18-19,"Component 2, subcomponent 2.2",,,
P165873,World Bank,Samoa,2019,PAD,intervention,Establish Agriculture Sector Coordination Division for project management and M&E,Advisory and Extension,,,unspecified,"Component 3 establishes an Agriculture Sector Coordination Division (ASCD) responsible for project management, monitoring and evaluation, fiduciary management and communications",file:///home/oai/share/2019-06-11_PAD2938_samoa-agriculture-and-fisheries-productivity-and-marketing-project_english.pdf,FALSE,FALSE,p. 20,Component 3,,,,
P165873,World Bank,Samoa,2019,PAD,outcome,Increased productivity and improved market access for selected producers,Sustainable Economic Growth,Productivity,Intended,unspecified,PDO-level results indicators include increased productivity (yields of crops and livestock) and improved market access measured by the value of sales,file:///home/oai/share/2019-06-11_PAD2938_samoa-agriculture-and-fisheries-productivity-and-marketing-project_english.pdf#:~:text=28,with%20a%20minimum%20of%2030,FALSE,FALSE,p. 15,Results indicators,,,
P165873,World Bank,Samoa,2019,PAD,outcome,Improved management of targeted natural resources and adoption of integrated management plans,Environmental Sustainability,Biodiversity,Intended,aquaculture; forestry,"Results indicators include better management of natural resources, measured through the number of fishers adopting new technologies and the number of integrated land management plans implemented",file:///home/oai/share/2019-06-11_PAD2938_samoa-agriculture-and-fisheries-productivity-and-marketing-project_english.pdf#:~:text=28,with%20a%20minimum%20of%2030,FALSE,FALSE,p. 15,Results indicators,,,
P165873,World Bank,Samoa,2019,PAD,outcome,"Number of direct beneficiaries, including women",Inclusivity & Women’s Empowerment,Women’s empowerment,Intended,unspecified,"The results framework measures the number of direct beneficiaries, with a target for women beneficiaries, reflecting the project’s focus on inclusivity",file:///home/oai/share/2019-06-11_PAD2938_samoa-agriculture-and-fisheries-productivity-and-marketing-project_english.pdf#:~:text=28,with%20a%20minimum%20of%2030,FALSE,FALSE,p. 15,Results indicators,,,
P171114,World Bank,Zimbabwe,2019,PAD,objective,Address early and medium-term resilient disaster recovery needs of cyclone-affected people,,,,,The Project Development Objective is to address the early and medium-term resilient disaster recovery needs of cyclone-affected people,file:///home/oai/share/2019-06-28_PAD3406_zimbabwe-idai-recovery-project_english.pdf#:~:text=The%20Project%20Development%20Objective%20,affected%20people.%E2%80%9D,FALSE,FALSE,p. 24,PDO statement,,,
P171114,World Bank,Zimbabwe,2019,PAD,intervention,"Provide cash transfers, agricultural inputs and livestock restocking for immediate recovery",Behavior Change & Social Programs,,,livestock,"Component 1 provides conditional and unconditional cash transfers for food, distribution of agricultural inputs and livestock restocking for affected households, and restoration of basic health services",file:///home/oai/share/2019-06-28_PAD3406_zimbabwe-idai-recovery-project_english.pdf#:~:text=Component%201%3A%20Providing%20Immediate%20Support,also%20finance%20project%20management%20and,FALSE,FALSE,p. 24-25,Component 1,,,
P171114,World Bank,Zimbabwe,2019,PAD,intervention,Rehabilitate critical community infrastructure and implement risk reduction measures,Rural/Public Infrastructure,,,unspecified,"Component 2 finances rehabilitation of critical community infrastructure—water supply, sanitation, irrigation schemes, schools, and roads—and risk reduction interventions such as slope protection and environmental rehabilitation",file:///home/oai/share/2019-06-28_PAD3406_zimbabwe-idai-recovery-project_english.pdf#:~:text=Component%202%3A%20Enabling%20Medium,and%20technical%20quality%20control%2C%20etc,FALSE,FALSE,p. 25,Component 2,,,
P171114,World Bank,Zimbabwe,2019,PAD,intervention,Provide project management and technical assistance including community risk assessments and monitoring,Advisory and Extension,,,unspecified,"Component 3 includes project management and technical assistance, community risk assessments, displacement monitoring, health information and epidemic surveillance systems, and strategic communications",file:///home/oai/share/2019-06-28_PAD3406_zimbabwe-idai-recovery-project_english.pdf#:~:text=Component%203%3A%20Providing%20Project%20Management,strategic%20communications%20and%20citizen%20engagement,FALSE,FALSE,p. 25,Component 3,,,
P171114,World Bank,Zimbabwe,2019,PAD,outcome,People benefiting from cash transfers,Sustainable Economic Growth,Income amount per capita,Intended,unspecified,PDO indicators include the number of people benefiting from cash transfers under the project,file:///home/oai/share/2019-06-28_PAD3406_zimbabwe-idai-recovery-project_english.pdf#:~:text=a,infrastructure%20and%20risk%20reduction%20interventions,FALSE,FALSE,p. 24,PDO indicators,,,
P171114,World Bank,Zimbabwe,2019,PAD,outcome,Households receiving agricultural inputs and livestock support,Sustainable Economic Growth,Productivity,Intended,livestock,PDO indicators include the number of households receiving agricultural and livestock support,file:///home/oai/share/2019-06-28_PAD3406_zimbabwe-idai-recovery-project_english.pdf#:~:text=a,infrastructure%20and%20risk%20reduction%20interventions,FALSE,FALSE,p. 24,PDO indicators,,,
P171114,World Bank,Zimbabwe,2019,PAD,outcome,People benefiting from rehabilitated infrastructure and risk reduction interventions,Resilience,Resilience,Intended,unspecified,PDO indicators include the number of people benefiting from rehabilitated community infrastructure and risk reduction interventions,file:///home/oai/share/2019-06-28_PAD3406_zimbabwe-idai-recovery-project_english.pdf#:~:text=a,infrastructure%20and%20risk%20reduction%20interventions,FALSE,FALSE,p. 24,PDO indicators,,,
P153613,World Bank,Uzbekistan,2017,PAD,objective,Improve livestock productivity and access to market in selected regions,,,,,The objective is to improve livestock productivity and access to market in selected regions,file:///home/oai/share/2017-06-02_PAD2275_uzbekistan-livestock-sector-development-project_english.pdf#:~:text=The%20Project%20Development%20Objective%20,to%20market%20in%20selected%20regions,FALSE,FALSE,p. 6,PDO statement,,,
P153613,World Bank,Uzbekistan,2017,PAD,intervention,"Develop sector strategy, policy and public investment framework for livestock",Policy & Regulatory,,,livestock,"Subcomponent 1.1 provides technical assistance to develop a 15-year livestock sector strategy, capacity strengthening, and a public investment framework, and organizes public–private dialogue and policy studies",file:///home/oai/share/2017-06-02_PAD2275_uzbekistan-livestock-sector-development-project_english.pdf#:~:text=Subcomponent%201,VCD%29%2C%20and%20market%20analyses,FALSE,FALSE,p. 21,"Component 1, Subcomponent 1.1",,,
P153613,World Bank,Uzbekistan,2017,PAD,intervention,Strengthen veterinary services and improve fodder seed systems,Livestock Management & Technologies,,,livestock,"Subcomponent 1.2 includes improving veterinary services through developing a legal framework, training veterinarians, equipping laboratories, establishing animal disease information systems, and improving vaccine storage and border control; it also supports fodder seed improvement to strengthen breeding and disseminate drought- and heat-tolerant fodder seed varieties",file:///home/oai/share/2017-06-02_PAD2275_uzbekistan-livestock-sector-development-project_english.pdf#:~:text=Subcomponent%201,and%20gap%20analysis%20to%20befile:///home/oai/share/2017-06-02_PAD2275_uzbekistan-livestock-sector-development-project_english.pdf#:~:text=%28b%29%20Activity%201,the%20anticipated%20climate%20change%20risks,FALSE,FALSE,p. 21-22,"Component 1, Subcomponents 1.2",,
P153613,World Bank,Uzbekistan,2017,PAD,intervention,Fund market-led technology generation and dissemination with climate adaptation focus,Livestock Management & Technologies,,,livestock,"Subcomponent 1.2.3 provides competitive research grants for market-led technology generation and dissemination including innovations for fodder crops, pasture improvement, livestock health, feeding, breeding and traceability, with emphasis on climate adaptation and mitigation",file:///home/oai/share/2017-06-02_PAD2275_uzbekistan-livestock-sector-development-project_english.pdf#:~:text=Activity%201.2.3%3A%20Market,Selection%20and,FALSE,FALSE,p. 22,"Component 1, Subcomponent 1.2.3",,,
P153613,World Bank,Uzbekistan,2017,PAD,intervention,Provide credit line for livestock sector private investments and training for financial institutions,Markets & Finance,,,livestock,"Subcomponent 2.1 introduces a credit line to private investors through participating financial institutions, providing long-term finance for livestock investments and capacity building for financial institutions",file:///home/oai/share/2017-06-02_PAD2275_uzbekistan-livestock-sector-development-project_english.pdf#:~:text=Subcomponent%202,Key%20terms%20and,FALSE,FALSE,p. 22,"Component 2, Subcomponent 2.1",,,
P153613,World Bank,Uzbekistan,2017,PAD,intervention,Support livestock value chain development and smallholder inclusion through TA and grants,Markets & Finance,,,livestock,"Subcomponent 2.2 finances TA for establishing partnerships between farmers and buyers, provides training for animal husbandry, and offers grants for collective equipment such as farm infrastructure, storage, distribution and waste management, encouraging climate-smart investments",file:///home/oai/share/2017-06-02_PAD2275_uzbekistan-livestock-sector-development-project_english.pdf,FALSE,FALSE,p. 23,"Component 2, Subcomponent 2.2",,,,
P153613,World Bank,Uzbekistan,2017,PAD,outcome,Increase in productivity of dairy and cattle systems and value of livestock products sold,Sustainable Economic Growth,Productivity,Intended,cattle; dairy,PDO indicators target a 15 percent increase in productivity of dairy and cattle production systems and an increase in the value of livestock products sold by beneficiaries,file:///home/oai/share/2017-06-02_PAD2275_uzbekistan-livestock-sector-development-project_english.pdf#:~:text=C.%20PDO,farmers%20reached%20with%20agricultural,FALSE,FALSE,p. 20,Results Framework,,,
P153613,World Bank,Uzbekistan,2017,PAD,outcome,Farmers adopting improved technologies including climate mitigation and adaptation measures,Environmental Sustainability,Climate mitigation/adaptation,Intended,livestock,"Results indicators track farmers adopting improved technologies, including those related to climate change mitigation and adaptation, and measure the percentage of sub-loans and grants incorporating climate measures",file:///home/oai/share/2017-06-02_PAD2275_uzbekistan-livestock-sector-development-project_english.pdf#:~:text=C.%20PDO,farmers%20reached%20with%20agriculturalfile:///home/oai/share/2017-06-02_PAD2275_uzbekistan-livestock-sector-development-project_english.pdf#:~:text=Indicator%20Name%20Core%20Unit%20of,projects%20under%20implementation%2Fcompleted,FALSE,FALSE,p. 20; p. 42-44,Results Framework,,
P177825,World Bank,Uzbekistan,2023,PAD,objective,"Develop a productive, market-oriented, sustainable and inclusive livestock subsector",,,,,"The Project Development Objective is to support the development of a productive, market-oriented, sustainable and inclusive livestock subsector in Uzbekistan",file:///home/oai/share/2023-03-31_PAD4828_uzbekistan-second-livestock-sector-development-project_english.pdf#:~:text=Proposed%20Development%20Objective,FALSE,FALSE,p. 6,PDO statement,,,,
P177825,World Bank,Uzbekistan,2023,PAD,intervention,"Improve policy and legal framework addressing climate change, pasture management and animal welfare",Policy & Regulatory,,,livestock,"Subcomponent 1.1 will update policies and legislation to address climate change, sustainable pasture management, animal welfare, monitoring greenhouse gas emissions and gene pool preservation, promoting repurposing public support and sustainable livestock development",file:///home/oai/share/2023-03-31_PAD4828_uzbekistan-second-livestock-sector-development-project_english.pdf,FALSE,FALSE,p. 33-34,"Component 1, Subcomponent 1.1",,,,
P177825,World Bank,Uzbekistan,2023,PAD,intervention,"Strengthen veterinary services with information systems, modern facilities and staff training",Livestock Management & Technologies,,,livestock,"Subcomponent 1.2 establishes a Veterinary Information System, rehabilitates and equips regional veterinary facilities, trains staff, and integrates climate-smart design elements to improve service delivery",file:///home/oai/share/2023-03-31_PAD4828_uzbekistan-second-livestock-sector-development-project_english.pdf,FALSE,FALSE,p. 35-36,"Component 1, Subcomponent 1.2",,,,
P177825,World Bank,Uzbekistan,2023,PAD,intervention,Enhance extension and advisory services with training and demonstration of climate-smart practices,Advisory and Extension,,,livestock,"Subcomponent 1.3 strengthens public extension and advisory services by conducting capacity assessments, upgrading facilities, training staff through a training-of-trainers model, and demonstrating climate-smart practices such as improved feed and nutrition, breed improvement, animal health, manure management and renewable energy",file:///home/oai/share/2023-03-31_PAD4828_uzbekistan-second-livestock-sector-development-project_english.pdf#:~:text=including%20for%20extension%20work%20and,marketing%20and%20value%20addition%20infrastructure,FALSE,FALSE,p. 36-37,"Component 1, Subcomponent 1.3",,,
P177825,World Bank,Uzbekistan,2023,PAD,intervention,Upgrade public livestock research institutions for climate-smart technologies,Livestock Management & Technologies,,,livestock,"Subcomponent 1.4 strengthens public livestock research and development institutions by investing in infrastructure, equipment and training to develop climate-smart technologies including high-yielding drought-resistant forage crops, animal feed, nutrition and energy efficiency",file:///home/oai/share/2023-03-31_PAD4828_uzbekistan-second-livestock-sector-development-project_english.pdf#:~:text=38,training%20priorities%20and%20providing%20feedback,FALSE,FALSE,p. 37-38,"Component 1, Subcomponent 1.4",,,
P177825,World Bank,Uzbekistan,2023,PAD,intervention,"Modernize market infrastructure including markets, slaughterhouses and milk collection centers",Food Processing & Storage,,,livestock; dairy,"Subcomponent 2.1 establishes or modernizes livestock market infrastructure, such as market centers, slaughterhouses and milk collection centers, with energy-efficient and climate-resilient designs and provides capacity building and market information systems",file:///home/oai/share/2023-03-31_PAD4828_uzbekistan-second-livestock-sector-development-project_english.pdf,FALSE,FALSE,p. 39-40,"Component 2, Subcomponent 2.1",,,,
P177825,World Bank,Uzbekistan,2023,PAD,intervention,Strengthen border security and quarantine for livestock health,Public Health,,,livestock,"Subcomponent 2.2 develops an integrated border control strategy, upgrades border inspection posts, establishes quarantine stations and trains staff to reduce animal health risks using a One Health approach",file:///home/oai/share/2023-03-31_PAD4828_uzbekistan-second-livestock-sector-development-project_english.pdf,FALSE,FALSE,p. 40,"Component 2, Subcomponent 2.2",,,,
P177825,World Bank,Uzbekistan,2023,PAD,intervention,"Implement animal identification, registration and traceability system",Livestock Management & Technologies,,,livestock,"Subcomponent 2.3 supports an Animal Identification, Registration and Traceability system by providing ICT equipment, census activities, legislation development, training and awareness raising to enable disease surveillance and decision-making",file:///home/oai/share/2023-03-31_PAD4828_uzbekistan-second-livestock-sector-development-project_english.pdf#:~:text=system%20that%20follows%20international%20standards,investments%20and%20ensure%20food%20safety,FALSE,FALSE,p. 40-41,"Component 2, Subcomponent 2.3",,,
P177825,World Bank,Uzbekistan,2023,PAD,intervention,Provide credit line for climate-smart and resilient livestock value chain investments,Markets & Finance,,,livestock,"Component 3 establishes a credit line that requires 100 percent of sub-loans to include climate adaptation or mitigation measures, with positive lists of eligible activities such as improving feed digestibility, animal waste management, renewable energy and drought-resistant crops; it also strengthens capacity of participating financial institutions",file:///home/oai/share/2023-03-31_PAD4828_uzbekistan-second-livestock-sector-development-project_english.pdf#:~:text=million%2C%20IDA%20US%2470,Window,FALSE,FALSE,p. 41-42,Component 3,,,
P177825,World Bank,Uzbekistan,2023,PAD,outcome,Beneficiaries adopting improved technologies that control GHG emissions and enhance climate resilience,Environmental Sustainability,Climate mitigation/adaptation,Intended,livestock,"PDO indicators include the percentage of beneficiaries adopting improved livestock production technologies that control greenhouse gas emissions and enhance climate resilience, with gender-disaggregated targets",file:///home/oai/share/2023-03-31_PAD4828_uzbekistan-second-livestock-sector-development-project_english.pdf#:~:text=VII,FALSE,FALSE,p. 82-83,Results Framework,,,,
P177825,World Bank,Uzbekistan,2023,PAD,outcome,Increase in total value of livestock products sold,Sustainable Economic Growth,Income amount per capita,Intended,livestock,PDO indicators measure increases in the total value of livestock products sold by project beneficiaries,file:///home/oai/share/2023-03-31_PAD4828_uzbekistan-second-livestock-sector-development-project_english.pdf#:~:text=VII,FALSE,FALSE,p. 82-83,Results Framework,,,,
P177825,World Bank,Uzbekistan,2023,PAD,outcome,Increase in productivity of milk and meat for cattle and small ruminants,Sustainable Economic Growth,Productivity,Intended,cattle; small ruminants,"PDO indicators include increases in productivity of targeted livestock commodities, such as milk and meat for cattle and small ruminants",file:///home/oai/share/2023-03-31_PAD4828_uzbekistan-second-livestock-sector-development-project_english.pdf#:~:text=VII,FALSE,FALSE,p. 82-83,Results Framework,,,,
P177825,World Bank,Uzbekistan,2023,PAD,outcome,Increased participation of smallholder farmers in formal markets,Sustainable Economic Growth,Market efficiency,Intended,unspecified,PDO indicators track increased participation of smallholder farmers in formal markets,file:///home/oai/share/2023-03-31_PAD4828_uzbekistan-second-livestock-sector-development-project_english.pdf#:~:text=VII,FALSE,FALSE,p. 82-83,Results Framework,,,,
P157127,World Bank,Vietnam,2017,PAD,objective,Improve coastal forest management in project provinces,,,,,The Project Development Objective is to improve coastal forest management in the project provinces,file:///home/oai/share/2017-06-01_PAD2195_vietnam-forest-sector-modernization-and-coastal-resilience-enhancement-project_english.pdf#:~:text=II,FALSE,FALSE,p. 15,PDO statement,,,,
P157127,World Bank,Vietnam,2017,PAD,intervention,Modernize spatial planning and integrate land use plans for coastal forests,Forestry Management & Technologies,,,forestry,"Component 1 supports modernizing spatial planning by developing participatory, evidence-based coastal forest land use plans, integrating them with other land use planning processes and using geospatial technology",file:///home/oai/share/2017-06-01_PAD2195_vietnam-forest-sector-modernization-and-coastal-resilience-enhancement-project_english.pdf,FALSE,FALSE,p. 17-18,Component 1,,,,
P157127,World Bank,Vietnam,2017,PAD,intervention,Expand seedling production using modern technology and partnerships,Forestry Management & Technologies,,,forestry,"Subcomponent 1.2 expands production of quality seedlings through modern technology, including partnerships with private sector nurseries and involving female-operated nurseries",file:///home/oai/share/2017-06-01_PAD2195_vietnam-forest-sector-modernization-and-coastal-resilience-enhancement-project_english.pdf#:~:text=Subcomponent%201,the%20technology%20used%20for%20the,FALSE,FALSE,p. 18,"Component 1, subcomponent 1.2",,,
P157127,World Bank,Vietnam,2017,PAD,intervention,Broaden payments for forest ecosystem services for coastal forests,Ecosystem Services,,,forestry,Subcomponent 1.3 supports broadening payments for forest ecosystem services by expanding policy frameworks and mechanisms to ensure sustained financing and incentives for maintaining coastal forests,file:///home/oai/share/2017-06-01_PAD2195_vietnam-forest-sector-modernization-and-coastal-resilience-enhancement-project_english.pdf#:~:text=Subcomponent%201,tested%20by%20other%20development%20partners,FALSE,FALSE,p. 18,"Component 1, subcomponent 1.3",,,
P157127,World Bank,Vietnam,2017,PAD,intervention,Plant and manage coastal protection forests with community participation,Forestry Management & Technologies,,,forestry,"Subcomponent 2.1 invests in planting and managing coastal protection forests through community-based management, covering rehabilitation, enrichment, replanting and interplanting to restore protective mangroves and forests",file:///home/oai/share/2017-06-01_PAD2195_vietnam-forest-sector-modernization-and-coastal-resilience-enhancement-project_english.pdf#:~:text=Subcomponent%202,managing%2C%20and%20restoring%20coastal%20forests,FALSE,FALSE,p. 19-20,"Component 2, subcomponent 2.1",,,
P157127,World Bank,Vietnam,2017,PAD,intervention,"Construct breakwaters, fences and dune stabilization structures to protect planting areas",Rural/Public Infrastructure,,,forestry,"Subcomponent 2.2 constructs physical structures such as offshore breakwaters, fences, and dune stabilization measures to protect coastal planting areas from erosion and saltwater intrusion",file:///home/oai/share/2017-06-01_PAD2195_vietnam-forest-sector-modernization-and-coastal-resilience-enhancement-project_english.pdf,FALSE,FALSE,p. 20,"Component 2, subcomponent 2.2",,,,
P157127,World Bank,Vietnam,2017,PAD,intervention,Provide competitive grants for community revenue-generating partnerships and productive infrastructure,Markets & Finance,,,livestock; aquaculture; forestry,"Component 3 offers competitive grants to community groups to develop revenue-generating partnerships, including aquaculture, improved poultry/livestock production and climate-resilient cropping, and invests in productive infrastructure for processing and value addition",file:///home/oai/share/2017-06-01_PAD2195_vietnam-forest-sector-modernization-and-coastal-resilience-enhancement-project_english.pdffile:///home/oai/share/2017-06-01_PAD2195_vietnam-forest-sector-modernization-and-coastal-resilience-enhancement-project_english.pdf#:~:text=Subcomponent%203,expected%20average%20value%20of%20US%24290%2C000,FALSE,FALSE,p. 21-22,Component 3,,,
P157127,World Bank,Vietnam,2017,PAD,outcome,Area of coastal forest restored,Environmental Sustainability,Land use change,Intended,forestry,PDO-level results indicators include the area of coastal forest restored,file:///home/oai/share/2017-06-01_PAD2195_vietnam-forest-sector-modernization-and-coastal-resilience-enhancement-project_english.pdf#:~:text=27,project%20interventions%2C%20disaggregated%20by%20gender,FALSE,FALSE,p. 16,PDO indicators,,,
P157127,World Bank,Vietnam,2017,PAD,outcome,Community-managed coastal forests and beneficiary satisfaction,Inclusivity & Women’s Empowerment,Community cohesion,Intended,forestry,PDO-level indicators include the area of coastal forest under community-based management and the share of beneficiaries satisfied with project interventions,file:///home/oai/share/2017-06-01_PAD2195_vietnam-forest-sector-modernization-and-coastal-resilience-enhancement-project_english.pdf#:~:text=27,project%20interventions%2C%20disaggregated%20by%20gender,FALSE,FALSE,p. 16,PDO indicators,,,
P170283,World Bank,Solomon Islands,2019,PID,objective,Improve basic infrastructure and services in rural areas and strengthen linkages between smallholder farming households and markets,,,,,The Project Development Objective is to improve basic infrastructure and services in rural areas and strengthen linkages between smallholder farming households and markets,file:///home/oai/share/2019-06-18_PIDISDSA26510_project-information-document-integrated-safeguards-data-sheet-additional-financing-to-rural-development-program-ii-p1702_english.pdf#:~:text=the%20financing%20gap%20,change%20to%20the%20current%20PDO,FALSE,FALSE,p. 15,PDO statement,,,
P170283,World Bank,Solomon Islands,2019,PID,intervention,Provide community development and disaster recovery grants for rural infrastructure,Rural/Public Infrastructure,,,unspecified,"Component on Community Infrastructure and Services provides grants to communities for improving rural infrastructure and services, including disaster recovery grants and subprojects in areas such as water supply, sanitation, access roads and risk management",file:///home/oai/share/2019-06-18_PIDISDSA26510_project-information-document-integrated-safeguards-data-sheet-additional-financing-to-rural-development-program-ii-p1702_english.pdf#:~:text=D,FALSE,FALSE,p. 16,Components,,,,
P170283,World Bank,Solomon Islands,2019,PID,intervention,Support agribusiness partnerships and provide supplemental equity grants,Markets & Finance,,,unspecified,The Agriculture Partnerships and Support component offers agribusiness partnership grants to commercial investors partnering with groups of smallholder farmers and provides an agriculture supplemental equity facility to support large agri-investments,file:///home/oai/share/2019-06-18_PIDISDSA26510_project-information-document-integrated-safeguards-data-sheet-additional-financing-to-rural-development-program-ii-p1702_english.pdf#:~:text=D,FALSE,FALSE,p. 16,Components,,,,
P170283,World Bank,Solomon Islands,2019,PID,intervention,"Provide program management, monitoring and capacity building for rural development",Advisory and Extension,,,unspecified,"The Program Management component finances management and monitoring of the program, including capacity building for community and government structures to support rural development",file:///home/oai/share/2019-06-18_PIDISDSA26510_project-information-document-integrated-safeguards-data-sheet-additional-financing-to-rural-development-program-ii-p1702_english.pdf#:~:text=D,FALSE,FALSE,p. 16,Components,,,,
P170283,World Bank,Solomon Islands,2019,PID,outcome,Beneficiaries with improved access to rural infrastructure and services,Sustainable Economic Growth,Consumption,Intended,unspecified,"Key results indicators include the number of beneficiaries with improved access to rural infrastructure and services, disaggregated by gender",file:///home/oai/share/2019-06-18_PIDISDSA26510_project-information-document-integrated-safeguards-data-sheet-additional-financing-to-rural-development-program-ii-p1702_english.pdf#:~:text=Key%20Results%20The%20Result%20Framework,Project%20Development%20Indicators%20Indicator%20Unit,FALSE,FALSE,p. 15-16,Results indicators,,,
P170283,World Bank,Solomon Islands,2019,PID,outcome,Farming households engaged in productive partnerships,Sustainable Economic Growth,Market efficiency,Intended,unspecified,"Results indicators measure the number of farming households engaged in productive partnerships, including male and female households",file:///home/oai/share/2019-06-18_PIDISDSA26510_project-information-document-integrated-safeguards-data-sheet-additional-financing-to-rural-development-program-ii-p1702_english.pdf#:~:text=Key%20Results%20The%20Result%20Framework,Project%20Development%20Indicators%20Indicator%20Unit,FALSE,FALSE,p. 15-16,Results indicators,,,
P170283,World Bank,Solomon Islands,2019,PID,outcome,Increased volume of produce sold by households in agribusiness partnerships,Sustainable Economic Growth,Market efficiency,Intended,unspecified,Results indicators include increased volume of produce sold by households engaged in agribusiness partnerships,file:///home/oai/share/2019-06-18_PIDISDSA26510_project-information-document-integrated-safeguards-data-sheet-additional-financing-to-rural-development-program-ii-p1702_english.pdf#:~:text=Key%20Results%20The%20Result%20Framework,Project%20Development%20Indicators%20Indicator%20Unit,FALSE,FALSE,p. 15-16,Results indicators,,,
P170283,World Bank,Solomon Islands,2019,PID,outcome,Beneficiaries receiving agriculture and livestock support to recover incomes after floods,Resilience,Resilience,Intended,unspecified,Results indicators measure the number of beneficiaries receiving agriculture and livestock support to recover incomes after floods,file:///home/oai/share/2019-06-18_PIDISDSA26510_project-information-document-integrated-safeguards-data-sheet-additional-financing-to-rural-development-program-ii-p1702_english.pdf#:~:text=Key%20Results%20The%20Result%20Framework,Project%20Development%20Indicators%20Indicator%20Unit,FALSE,FALSE,p. 15-16,Results indicators,,,
P164584,World Bank,Comoros,2019,PAD,objective,"Promote the development of MSMEs and value chain actors in agriculture, tourism and associated sectors",,,,,"""To promote the development of Micro, Small and Medium Enterprises (MSMEs) and relevant value chain actors in the agriculture, tourism and associated sectors in Comoros.""",file:///home/oai/share/2019-04-29_PAD2959_comoros-integrated-development-and-competitiveness-project_english.pdf#:~:text=A,and%20associated%20sectors%20in%20Comoros,FALSE,FALSE,1,Datasheet,,,
P164584,World Bank,Comoros,2019,PAD,intervention,Regulatory reform and extension services to support agriculture and tourism value chains,Policy & Regulatory,,,unspecified,"The project will support regulatory reform to improve the investment climate, establish an agriculture data unit and extension programming using radio/SMS, create a one‑stop shop for business compliance and tourism institutional improvements such as investment promotion campaigns and community lodging initiatives.",file:///home/oai/share/2019-04-29_PAD2959_comoros-integrated-development-and-competitiveness-project_english.pdf#:~:text=A,9%20million%2C%20US%2415%20million%20equivalentfile:///home/oai/share/2019-04-29_PAD2959_comoros-integrated-development-and-competitiveness-project_english.pdf#:~:text=c,25,FALSE,FALSE,23,Component 1,,
P164584,World Bank,Comoros,2019,PAD,intervention,Upgrade rural economic development centers and provide climate‑smart agriculture training,Advisory and Extension,,,unspecified,"Subcomponent 1.2 finances upgrading rural economic development centers (CRDEs) with irrigation, seed storage, demonstration plots and tree nurseries and trains trainers and farmers on irrigation maintenance, improved seed multiplication and climate‑smart technologies.",file:///home/oai/share/2019-04-29_PAD2959_comoros-integrated-development-and-competitiveness-project_english.pdf#:~:text=The%20rehabilitation%20and%20operationalization%20of,in%20order%20to%20operationalize%20them,FALSE,FALSE,30,Component 1,,,
P164584,World Bank,Comoros,2019,PAD,intervention,"Provide poultry kits, veterinary training, artificial insemination and disease surveillance",Livestock Management & Technologies,,,poultry; cattle; dairy,"The project provides poultry breeding kits (kuroiler breed, feed and coops), scholarships and training for animal health assistants, national disease monitoring and surveillance, artificial insemination and vaccination campaigns against CBPP, Newcastle disease and FMD, and establishes dairy and poultry hubs offering inputs and aggregation services.",file:///home/oai/share/2019-04-29_PAD2959_comoros-integrated-development-and-competitiveness-project_english.pdf,FALSE,FALSE,31,Component 1,,,,
P164584,World Bank,Comoros,2019,PAD,intervention,"Invest in cold storage, dry storage and rural road rehabilitation",Food Processing & Storage,,,poultry; dairy,"Subcomponent 1.3 invests in solar PV‑powered cold storage for poultry meat and eggs, dry storage/warehouses for fruits and vegetables, mechanical handling equipment at ports and rehabilitation of 36.9 km of rural roads to reduce travel time and improve market access.",file:///home/oai/share/2019-04-29_PAD2959_comoros-integrated-development-and-competitiveness-project_english.pdffile:///home/oai/share/2019-04-29_PAD2959_comoros-integrated-development-and-competitiveness-project_english.pdf#:~:text=consumers,deployed%20in%20Kenya%20and%20India,FALSE,FALSE,32,Component 1,,,
P164584,World Bank,Comoros,2019,PAD,intervention,Business plan competition and matching grants for MSMEs and cooperatives,Markets & Finance,,,unspecified,"Component 2 organizes a business plan competition that offers training, mentorship and grants to entrepreneurs and operates a matching grant fund that provides grants and capacity building to enterprises and cooperatives in agriculture and livestock value chains; subprojects may include multi‑purpose grinding/drying facilities, milk collection routes and other processing equipment.",file:///home/oai/share/2019-04-29_PAD2959_comoros-integrated-development-and-competitiveness-project_english.pdf#:~:text=Component%20II%3A%20Direct%20support%20to,more%20sustainable%20and%20better%20jobsfile:///home/oai/share/2019-04-29_PAD2959_comoros-integrated-development-and-competitiveness-project_english.pdf#:~:text=43,an%20international%20firm%20or%20organization,FALSE,FALSE,36,Component 2,,
P164584,World Bank,Comoros,2019,PAD,outcome,Increase in revenue of targeted MSMEs,Sustainable Economic Growth,Income amount per capita,Intended,,"The results framework lists a PDO indicator of increased revenue among targeted micro, small and medium enterprises participating in the project.",file:///home/oai/share/2019-04-29_PAD2959_comoros-integrated-development-and-competitiveness-project_english.pdf#:~:text=Results%20Framework%20COUNTRY%3A%20Comoros%20Integrated,Development%20and%20Competitiveness%20Project,FALSE,FALSE,45,Results Framework,,,
P164584,World Bank,Comoros,2019,PAD,outcome,Increased volume of marketed agricultural products,Sustainable Economic Growth,Productivity,Intended,,"PDO indicators include an increase in the volume of agricultural products sold by project beneficiaries, reflecting higher productivity and market access.",file:///home/oai/share/2019-04-29_PAD2959_comoros-integrated-development-and-competitiveness-project_english.pdf#:~:text=Results%20Framework%20COUNTRY%3A%20Comoros%20Integrated,Development%20and%20Competitiveness%20Project,FALSE,FALSE,45,Results Framework,,,
P164584,World Bank,Comoros,2019,PAD,outcome,Jobs created through project‑supported enterprises,Sustainable Economic Growth,Employment status,Intended,,"PDO indicators measure the number of direct jobs created by project‑supported firms and cooperatives, including youth employment.",file:///home/oai/share/2019-04-29_PAD2959_comoros-integrated-development-and-competitiveness-project_english.pdf#:~:text=Results%20Framework%20COUNTRY%3A%20Comoros%20Integrated,Development%20and%20Competitiveness%20Project,FALSE,FALSE,45,Results Framework,,,
P164584,World Bank,Comoros,2019,PAD,outcome,Private finance catalyzed by the project,Sustainable Economic Growth,Market efficiency,Intended,,The results framework tracks the value of private finance catalyzed through the project’s matching grants and business support mechanisms.,file:///home/oai/share/2019-04-29_PAD2959_comoros-integrated-development-and-competitiveness-project_english.pdf#:~:text=Results%20Framework%20COUNTRY%3A%20Comoros%20Integrated,Development%20and%20Competitiveness%20Project,FALSE,FALSE,45,Results Framework,,,
P164584,World Bank,Comoros,2019,PAD,outcome,Adoption of agricultural investment plans and tourism promotion actions,Inducing Policy Change,New laws passed/modified,Intended,,"Intermediate indicators include adoption of agriculture investment plans, establishment of an agriculture data unit, and implementation of tourism investment promotion campaigns, signalling institutional reforms and policy changes.",file:///home/oai/share/2019-04-29_PAD2959_comoros-integrated-development-and-competitiveness-project_english.pdf#:~:text=registered%2C%20or%20received%20training%20,0,FALSE,FALSE,47,Results Framework,,,
P164584,World Bank,Comoros,2019,PAD,outcome,Improved agricultural productivity and services,Sustainable Economic Growth,Productivity,Intended,poultry; dairy,"Intermediate indicators track the number of multi‑service platforms and technicians trained, farmers benefiting from enhanced extension services, increases in yields of targeted commodities and the establishment of dairy hubs and cold storage facilities.",file:///home/oai/share/2019-04-29_PAD2959_comoros-integrated-development-and-competitiveness-project_english.pdf#:~:text=registered%2C%20or%20received%20training%20,0,FALSE,FALSE,47-48,Results Framework,,,
P164584,World Bank,Comoros,2019,PAD,outcome,Improved market infrastructure and cooperative development,Sustainable Economic Growth,Market efficiency,Intended,,"Indicators measure the number of cooperatives established and trained, the volume of milk aggregated, the number of cold storage facilities operational and kilometers of rural roads rehabilitated, reflecting improved market infrastructure and value chain efficiency.",,FALSE,FALSE,48,Results Framework,,,,
P164584,World Bank,Comoros,2019,PAD,outcome,Women’s and youth participation in business support activities,Inclusivity & Women’s Empowerment,Women’s empowerment,Intended,,"The project tracks the proportion of firms receiving grants that are owned or led by women and youth, as well as satisfaction ratings among beneficiaries and the resolution of grievances, aiming to enhance inclusion and empowerment.",file:///home/oai/share/2019-04-29_PAD2959_comoros-integrated-development-and-competitiveness-project_english.pdf#:~:text=registered%2C%20or%20received%20training%20,0,FALSE,FALSE,47-48,Results Framework,,,
P172079,World Bank,Mexico,2021,PAD,objective,Improve integrated landscape management and promote climate‑smart productive practices in selected watersheds,,,,,"""Improve integrated landscape management and promote climate‑smart productive practices in selected watersheds""",file:///home/oai/share/2021-06-17_PAD3768_mexico-connecting-watershed-health-with-sustainable-livestock-and-agroforestry-production-project_english.pdf#:~:text=Project%20Development%20Objective%20,FALSE,FALSE,1,Datasheet,,,,
P172079,World Bank,Mexico,2021,PAD,intervention,Develop Integrated Watershed Action Plans with regenerative livestock components and align incentives,Ecosystem Services,,,unspecified,"Component 1 will develop or improve Integrated Watershed Action Plans for at least ten watersheds, integrating regenerative livestock components using climate‑sensitive models, engaging stakeholders and aligning incentives and policy instruments through certifications and interinstitutional agreements.",file:///home/oai/share/2021-06-17_PAD3768_mexico-connecting-watershed-health-with-sustainable-livestock-and-agroforestry-production-project_english.pdf#:~:text=16,informed%20by%20CONECTA,FALSE,FALSE,23,Component 1,,,
P172079,World Bank,Mexico,2021,PAD,intervention,Coordinate public and private programs and leverage financing tools for landscape management,Policy & Regulatory,,,unspecified,"Subcomponent 1.2 supports coordination of public and private programs to promote integrated landscape management, aligning policies and subsidies, engaging development banks like FIRA and leveraging the FOLUR Global Platform to mobilize financing and promote value chain sustainability.",file:///home/oai/share/2021-06-17_PAD3768_mexico-connecting-watershed-health-with-sustainable-livestock-and-agroforestry-production-project_english.pdf#:~:text=Alignment%20at%20the%20Watershed%20Level,services%20and%20business%20case%20studies,FALSE,FALSE,24,Component 1,,,
P172079,World Bank,Mexico,2021,PAD,intervention,Provide technical assistance and business training to producer groups through local providers,Advisory and Extension,,,cattle; dairy; agroforestry,"Component 2 strengthens business skills of producer groups by financing Local Providers of Technical Assistance to deliver advisory services and training on management, governance, financial literacy, marketing, land management, animal well‑being, veterinary services, value chain development and access to credit; specialized consultancies may cover market analysis, sustainable milk processing, cheese production, ecotourism services and credit access.",file:///home/oai/share/2021-06-17_PAD3768_mexico-connecting-watershed-health-with-sustainable-livestock-and-agroforestry-production-project_english.pdf#:~:text=21,produced%20milk%20or%20certified%20coffee,FALSE,FALSE,26,Component 2,,,
P172079,World Bank,Mexico,2021,PAD,intervention,Support climate‑smart ranching and agroforestry practices and restoration activities,Livestock Management & Technologies,,,cattle; agroforestry,"Component 3 finances subprojects for regenerative ranching and agroforestry systems, including living fences, pasture improvement, rotational grazing, tree planting, animal health and watering systems, training and experimental farms; it also supports agroforestry systems for shade coffee, cacao and pepper, and conservation practices such as voluntary conservation areas, fire prevention training, nurseries, reforestation and community monitoring of biodiversity and water quality.",file:///home/oai/share/2021-06-17_PAD3768_mexico-connecting-watershed-health-with-sustainable-livestock-and-agroforestry-production-project_english.pdf#:~:text=25,of%20biodiversity%20and%2For%20water%20quality,FALSE,FALSE,28,Component 3,,,
P172079,World Bank,Mexico,2021,PAD,intervention,Strengthen stakeholder participation and knowledge management through learning platforms,Advisory and Extension,,,,"Component 4 enhances project coordination and knowledge management by creating a national learning community on regenerative ranching and agroforestry, establishing a virtual platform for sharing best practices and addressing gender and social inclusion, and supporting monitoring and evaluation and communications.",file:///home/oai/share/2021-06-17_PAD3768_mexico-connecting-watershed-health-with-sustainable-livestock-and-agroforestry-production-project_english.pdf#:~:text=will%20enhance%20stakeholder%20participation%20and,It,FALSE,FALSE,29,Component 4,,,
P172079,World Bank,Mexico,2021,PAD,outcome,Area of landscape under improved climate‑smart practices,Environmental Sustainability,Land area under improved practices,Intended,,"The PDO indicators include the number of hectares under improved climate‑smart agricultural practices, with a target of 450,000 ha.",file:///home/oai/share/2021-06-17_PAD3768_mexico-connecting-watershed-health-with-sustainable-livestock-and-agroforestry-production-project_english.pdf#:~:text=Project%20Development%20Objectives,productive%20practices%20in%20selected%20watersheds,FALSE,FALSE,45,Results Framework,,,
P172079,World Bank,Mexico,2021,PAD,outcome,Farmers adopting improved agricultural technology,Sustainable Economic Growth,Adoption,Intended,,"PDO indicators measure the number of farmers adopting improved agricultural technology, with a target of 10,000 farmers (disaggregated by gender).",file:///home/oai/share/2021-06-17_PAD3768_mexico-connecting-watershed-health-with-sustainable-livestock-and-agroforestry-production-project_english.pdf#:~:text=Project%20Development%20Objectives,productive%20practices%20in%20selected%20watersheds,FALSE,FALSE,45,Results Framework,,,
P172079,World Bank,Mexico,2021,PAD,outcome,Producer groups implementing climate‑smart practices that increase productivity,Sustainable Economic Growth,Productivity,Intended,cattle; agroforestry,"A PDO indicator tracks the share of producer groups implementing climate‑smart practices that increase productivity by at least 10 percent, targeting 70 percent of participating groups.",file:///home/oai/share/2021-06-17_PAD3768_mexico-connecting-watershed-health-with-sustainable-livestock-and-agroforestry-production-project_english.pdf#:~:text=Project%20Development%20Objectives,productive%20practices%20in%20selected%20watersheds,FALSE,FALSE,45,Results Framework,,,
P172079,World Bank,Mexico,2021,PAD,outcome,"Inclusive landscape plans, policy instruments and restored land",Inducing Policy Change,Institutional changes,Intended,,"Intermediate indicators include the development of inclusive integrated landscape management plans, adoption of commodity value‑chain policies or certifications, producer groups with improved management capacities, restoration of 10,500 ha of land, watersheds with community monitoring systems, and satisfaction and grievance indicators.",file:///home/oai/share/2021-06-17_PAD3768_mexico-connecting-watershed-health-with-sustainable-livestock-and-agroforestry-production-project_english.pdf,FALSE,FALSE,46,Results Framework,,,,
P126773,World Bank,Mauritania; Guinea,2015,PAD,objective,Strengthen governance and management of targeted fisheries and improve handling of landed catch at selected sites,,,,fish,The development objective of this first phase of the West Africa Regional Fisheries Program is to strengthen governance and management of targeted fisheries and improve handling of landed catch at selected sites.,file:///home/oai/share/2015-02-23_PAD261_africa-first-phase-of-the-west-africa-regional-fisheries-program-project_english.pdf#:~:text=The%20development%20objective%20of%20this,Global%20Environmental%20Objective%28s,FALSE,FALSE,1,Project Development Objective,,,
P126773,World Bank,Mauritania; Guinea,2015,PAD,intervention,"Develop legal frameworks, vessel registration and rights‑based fisheries management",Policy & Regulatory,,,fish,"Component 1 strengthens good governance and sustainable management of fisheries by developing legal and operational policies, strengthening vessel registration systems, introducing rights‑based fisheries management schemes and improving data collection and communication systems.",file:///home/oai/share/2015-02-23_PAD261_africa-first-phase-of-the-west-africa-regional-fisheries-program-project_english.pdf#:~:text=38,term%20agenda,FALSE,FALSE,23,Component 1,,,
P126773,World Bank,Mauritania; Guinea,2015,PAD,intervention,"Implement monitoring, control and surveillance systems to reduce IUU fishing",Policy & Regulatory,,,fish,"Component 2 reduces illegal, unreported and unregulated fishing by providing monitoring, control and surveillance systems (MCS) and legal assistance to align national legislation with the UN Convention on the Law of the Sea.",file:///home/oai/share/2015-02-23_PAD261_africa-first-phase-of-the-west-africa-regional-fisheries-program-project_english.pdf#:~:text=39,IUU%29%20Fishing,FALSE,FALSE,24,Component 2,,,
P126773,World Bank,Mauritania; Guinea,2015,PAD,intervention,Invest in infrastructure and institutional capacity to improve fish handling and reduce post‑harvest losses,Food Processing & Storage,,,fish,Component 3 increases the contribution of fish resources to the local economy by investing in landing site infrastructure and institutional capacity to improve the handling of landed fish and reduce post‑harvest losses.,file:///home/oai/share/2015-02-23_PAD261_africa-first-phase-of-the-west-africa-regional-fisheries-program-project_english.pdf#:~:text=40,harvest%20losses,FALSE,FALSE,24,Component 3,,,
P126773,World Bank,Mauritania; Guinea,2015,PAD,outcome,Publication of fisheries management data,Inducing Policy Change,Institutional changes,Intended,fish,"PDO indicators include the share of fisheries management data that is publicly available, reflecting greater transparency and policy reform.",file:///home/oai/share/2015-02-23_PAD261_africa-first-phase-of-the-west-africa-regional-fisheries-program-project_english.pdf#:~:text=C,regularly%20and%20made%20publicly%20accessible,FALSE,FALSE,30,Results Framework,,,
P126773,World Bank,Mauritania; Guinea,2015,PAD,outcome,Secure fishing rights allocated to small‑scale fishers,Sustainable Economic Growth,Land tenure,Intended,fish,"PDO indicators measure the allocation of secure fishing rights in the small‑scale fisheries segment, supporting income stability and tenure security for artisanal fishers.",file:///home/oai/share/2015-02-23_PAD261_africa-first-phase-of-the-west-africa-regional-fisheries-program-project_english.pdf#:~:text=C,regularly%20and%20made%20publicly%20accessible,FALSE,FALSE,30,Results Framework,,,
P126773,World Bank,Mauritania; Guinea,2015,PAD,outcome,Number of vessels operating within established ceilings and inspected for compliance,Environmental Sustainability,Biodiversity,Intended,fish,"The results framework tracks the number of fishing vessels operating within established capacity ceilings and the share of vessels inspected for compliance with regulations, contributing to sustainable fisheries management and conservation of marine resources.",file:///home/oai/share/2015-02-23_PAD261_africa-first-phase-of-the-west-africa-regional-fisheries-program-project_english.pdf#:~:text=C,regularly%20and%20made%20publicly%20accessible,FALSE,FALSE,30,Results Framework,,,
P126773,World Bank,Mauritania; Guinea,2015,PAD,outcome,Improved handling and marketability of landed fish,Sustainable Economic Growth,Productivity,Intended,fish,"PDO indicators include the share of marketable fish landed at selected sites, reflecting improved handling practices and reduced post‑harvest losses.",file:///home/oai/share/2015-02-23_PAD261_africa-first-phase-of-the-west-africa-regional-fisheries-program-project_english.pdf#:~:text=C,regularly%20and%20made%20publicly%20accessible,FALSE,FALSE,30,Results Framework,,,
P126773,World Bank,Mauritania; Guinea,2015,PAD,outcome,"Direct project beneficiaries, including women",Inclusivity & Women’s Empowerment,Women’s empowerment,Intended,fish,"The results framework counts the number of direct project beneficiaries, including the share of female beneficiaries, reflecting efforts to ensure inclusivity and women’s participation.",file:///home/oai/share/2015-02-23_PAD261_africa-first-phase-of-the-west-africa-regional-fisheries-program-project_english.pdf#:~:text=C,regularly%20and%20made%20publicly%20accessible,FALSE,FALSE,30,Results Framework,,,
P147674,World Bank,Burkina Faso; Chad; Mali; Mauritania; Niger; Senegal,2015,PAD,objective,"Improve access to productive assets, services and markets for pastoralists and agro‑pastoralists and strengthen capacity for crisis response",,,,,"""Improve access to essential productive assets, services and markets for pastoralists and agro‑pastoralists in selected trans‑border areas and along transhumance axes across six Sahel countries, and strengthen country capacities to respond promptly and effectively to pastoral crises or emergencies.""",file:///home/oai/share/2015-05-04_PAD1091_africa-regional-sahel-pastoralism-support-project_english.pdf#:~:text=II,resilience%20of%20pastoral%20livelihoods%2C%20as,FALSE,FALSE,1,Datasheet,,,
P147674,World Bank,Burkina Faso; Chad; Mali; Mauritania; Niger; Senegal,2015,PAD,intervention,"Upgrade veterinary infrastructure, train animal health workforce and conduct mass vaccination campaigns",Livestock Management & Technologies,,,cattle; small ruminants,"Component 1 upgrades veterinary infrastructure (veterinary clinics, posts, border inspection posts and vaccination pens), provides training for animal health professionals and finances region‑wide vaccination campaigns and surveillance surveys targeting priority diseases such as CBPP and PPR.",file:///home/oai/share/2015-05-04_PAD1091_africa-regional-sahel-pastoralism-support-project_english.pdf,FALSE,FALSE,28,Component 1,,,,
P147674,World Bank,Burkina Faso; Chad; Mali; Mauritania; Niger; Senegal,2015,PAD,intervention,Develop natural resource management plans and rehabilitate rangelands and water infrastructure,Ecosystem Services,,,,"Component 2 promotes natural resource management by negotiating and implementing management plans, marking transhumance tracks and rest areas, rehabilitating rangelands, creating pasture reserves, building and rehabilitating water facilities (wells, boreholes, ponds) and forming water‑user associations, while providing training and conflict resolution support.",file:///home/oai/share/2015-05-04_PAD1091_africa-regional-sahel-pastoralism-support-project_english.pdf,FALSE,FALSE,29,Component 2,,,,
P147674,World Bank,Burkina Faso; Chad; Mali; Mauritania; Niger; Senegal,2015,PAD,intervention,"Construct livestock markets, rural roads and processing units and support producer organizations",Food Processing & Storage,,,cattle; small ruminants; dairy,"Component 3 facilitates market access by constructing or rehabilitating 105 livestock markets, 300 km of rural roads and livestock rest areas, establishing small‑scale processing units such as milk collection centers and slaughter facilities and upgrading market information systems; it also builds capacity of producer organizations in governance, business management and trade facilitation.",file:///home/oai/share/2015-05-04_PAD1091_africa-regional-sahel-pastoralism-support-project_english.pdf,FALSE,FALSE,30,Component 3,,,,
P147674,World Bank,Burkina Faso; Chad; Mali; Mauritania; Niger; Senegal,2015,PAD,intervention,Strengthen early warning systems and provide crisis response funding and livelihood diversification,Markets & Finance,,,,"Component 4 enhances pastoral crisis management by strengthening early warning systems, developing response plans and establishing contingency funds; it also finances vocational training and micro‑projects to diversify livelihoods and provides rapid financing mechanisms to respond to emergencies.",file:///home/oai/share/2015-05-04_PAD1091_africa-regional-sahel-pastoralism-support-project_english.pdf,FALSE,FALSE,31,Component 4,,,,
P147674,World Bank,Burkina Faso; Chad; Mali; Mauritania; Niger; Senegal,2015,PAD,outcome,Vaccination coverage for CBPP and PPR,Resilience,Resilience,Intended,cattle; small ruminants,"PDO‑level results indicators include vaccination coverage for contagious bovine pleuropneumonia (CBPP) and the number of small ruminants vaccinated against peste des petits ruminants (PPR), reflecting improved disease control and resilience of livestock systems.",file:///home/oai/share/2015-05-04_PAD1091_africa-regional-sahel-pastoralism-support-project_english.pdf#:~:text=C,of%20which%20female,FALSE,FALSE,33,Results Framework,,,
P147674,World Bank,Burkina Faso; Chad; Mali; Mauritania; Niger; Senegal,2015,PAD,outcome,Area under sustainable land management and improved water access,Environmental Sustainability,Land area under improved practices,Intended,,"Results indicators include the area under sustainable land management and reductions in distances between water points along transhumance routes, demonstrating improved natural resource management and ecosystem resilience.",file:///home/oai/share/2015-05-04_PAD1091_africa-regional-sahel-pastoralism-support-project_english.pdf#:~:text=C,of%20which%20female,FALSE,FALSE,33,Results Framework,,,
P147674,World Bank,Burkina Faso; Chad; Mali; Mauritania; Niger; Senegal,2015,PAD,outcome,Animals sold at rehabilitated markets and market efficiency,Sustainable Economic Growth,Market efficiency,Intended,cattle; small ruminants; dairy,"PDO indicators track the number of animals sold at rehabilitated livestock markets, indicating improved market infrastructure and value chain efficiency.",file:///home/oai/share/2015-05-04_PAD1091_africa-regional-sahel-pastoralism-support-project_english.pdf#:~:text=C,of%20which%20female,FALSE,FALSE,33,Results Framework,,,
P147674,World Bank,Burkina Faso; Chad; Mali; Mauritania; Niger; Senegal,2015,PAD,outcome,Improved crisis response time for pastoral emergencies,Resilience,Resilience,Intended,,"Results indicators include the response time to release funding for eligible emergencies, measuring the effectiveness of crisis response mechanisms.",file:///home/oai/share/2015-05-04_PAD1091_africa-regional-sahel-pastoralism-support-project_english.pdf#:~:text=C,of%20which%20female,FALSE,FALSE,33,Results Framework,,,
P147674,World Bank,Burkina Faso; Chad; Mali; Mauritania; Niger; Senegal,2015,PAD,outcome,Direct project beneficiaries and women’s participation,Inclusivity & Women’s Empowerment,Women’s empowerment,Intended,,"PDO indicators report the number of direct project beneficiaries and the percentage of female beneficiaries, highlighting the project’s focus on inclusion and gender equity.",file:///home/oai/share/2015-05-04_PAD1091_africa-regional-sahel-pastoralism-support-project_english.pdf#:~:text=C,of%20which%20female,FALSE,FALSE,33,Results Framework,,,
P159040,World Bank,Guinea‑Bissau; Liberia; Nigeria; Togo,2017,PAD,objective,Strengthen national and regional capacity for disease surveillance and provide effective emergency response,,,,,"""Strengthen national and regional cross‑sectoral capacity for collaborative disease surveillance and epidemic preparedness in West Africa, and provide immediate and effective response to eligible emergencies.""",file:///home/oai/share/2017-02-06_PAD2200_africa-region-second-phase-of-regional-disease-surveillance-systems-enhancement-project_english.pdf#:~:text=The%C2%A0PDOs%C2%A0are%C2%A0%3A%C2%A0,in%C2%A0the%C2%A0event%C2%A0of%C2%A0an%C2%A0Eligible%20Emergency%2C%C2%A0to%C2%A0provide%C2%A0immediate%C2%A0and%C2%A0effective%C2%A0response%C2%A0to%C2%A0said%C2%A0Eligible%C2%A0Emer%20gency,FALSE,FALSE,1,Datasheet,,,
P159040,World Bank,Guinea‑Bissau; Liberia; Nigeria; Togo,2017,PAD,intervention,Enhance surveillance and information systems with community and cross‑border coordination,Public Health,,,,"Component 1 enhances national surveillance and reporting systems, promotes cross‑border coordination and community engagement, and develops interoperable early‑warning systems and risk analysis tools to improve disease reporting and analysis.",file:///home/oai/share/2017-02-06_PAD2200_africa-region-second-phase-of-regional-disease-surveillance-systems-enhancement-project_english.pdf#:~:text=Component%201%3A%20Surveillance%20and%20Information,linkages%20between%20community%20action%20and,FALSE,FALSE,23,Component 1,,,
P159040,World Bank,Guinea‑Bissau; Liberia; Nigeria; Togo,2017,PAD,intervention,Strengthen veterinary and public health laboratory networks and accreditation,Public Health,,,unspecified,"Component 2 supports the establishment of networks of public health and veterinary laboratories, strengthens laboratory capacities for surveillance, pathology and diagnosis of priority diseases and antimicrobial resistance, improves data and specimen management and supports accreditation processes.",file:///home/oai/share/2017-02-06_PAD2200_africa-region-second-phase-of-regional-disease-surveillance-systems-enhancement-project_english.pdf#:~:text=Component%202%3A%20Strengthening%20of%20Laboratory,d%E2%80%99Ivoire%2C%20Ghana%2C%20Nigeria%20and%20Senegal,FALSE,FALSE,24,Component 2,,,
P159040,World Bank,Guinea‑Bissau; Liberia; Nigeria; Togo,2017,PAD,intervention,"Improve preparedness and emergency response through planning, rapid response teams and simulation exercises",Public Health,,,,"Component 3 enhances preparedness and emergency response capacity by supporting joint planning across sectors, expanding surge capacity through multidisciplinary rapid response teams, conducting simulation exercises and providing a contingent emergency response component for eligible emergencies.",file:///home/oai/share/2017-02-06_PAD2200_africa-region-second-phase-of-regional-disease-surveillance-systems-enhancement-project_english.pdf#:~:text=Component%203%3A%20Preparedness%20and%20Emergency,into%20the%20broader%20healthcare%20system,FALSE,FALSE,24,Component 3,,,
P159040,World Bank,Guinea‑Bissau; Liberia; Nigeria; Togo,2017,PAD,intervention,Strengthen human resource management and training for health surveillance and epidemic preparedness,Advisory and Extension,,,,"Component 4 strengthens government capacity for workforce planning and human resource management by leveraging training programs such as Field Epidemiology Training Programs (FETP) and veterinary FETP, addressing incentives for retention of skilled personnel and providing cross‑sectoral training for surveillance and preparedness.",file:///home/oai/share/2017-02-06_PAD2200_africa-region-second-phase-of-regional-disease-surveillance-systems-enhancement-project_english.pdf#:~:text=Component%204%3A%20Human%20Resource%20Management,health%20and%20veterinary%20health%20needs,FALSE,FALSE,25,Component 4,,,
P159040,World Bank,Guinea‑Bissau; Liberia; Nigeria; Togo,2017,PAD,outcome,Improved capacity scores for surveillance reporting and laboratory testing,Resilience,Resilience,Intended,,"The results framework measures progress toward International Health Regulations (IHR) and Joint External Evaluation (JEE) benchmarks, including the number of countries achieving higher scores for real‑time surveillance reporting, laboratory testing quality, zoonotic surveillance and emergency preparedness.",file:///home/oai/share/2017-02-06_PAD2200_africa-region-second-phase-of-regional-disease-surveillance-systems-enhancement-project_english.pdf#:~:text=A,FALSE,FALSE,30,Results Framework,,,,
P159040,World Bank,Guinea‑Bissau; Liberia; Nigeria; Togo,2017,PAD,outcome,Functional One Health platforms and cross‑border collaboration,Inducing Policy Change,Institutional changes,Intended,,PDO indicators include establishment of a functional One Health platform for prioritizing zoonotic diseases and effective cross‑border collaboration and information sharing among participating countries.,file:///home/oai/share/2017-02-06_PAD2200_africa-region-second-phase-of-regional-disease-surveillance-systems-enhancement-project_english.pdf#:~:text=A,FALSE,FALSE,30,Results Framework,,,,
P161163,World Bank,Benin; Mali; Mauritania; Niger,2018,PAD,objective,Strengthen cross‑sectoral disease surveillance capacity and provide emergency response,,,,,"""Strengthen national and regional cross‑sectoral capacity for collaborative disease surveillance and epidemic preparedness in West Africa, and provide immediate and effective response to eligible emergencies.""",file:///home/oai/share/2018-04-16_PAD2595_western-africa-third-phase-of-regional-disease-surveillance-systems-enhancement-project_english.pdf#:~:text=The%20PDOs%20are%20%3A%20,response%20to%20said%20Eligible%20Emergency,FALSE,FALSE,1,Datasheet,,,
P161163,World Bank,Benin; Mali; Mauritania; Niger,2018,PAD,intervention,Strengthen surveillance and information systems in participating countries,Public Health,,,,"Component 1 enhances national surveillance and reporting systems, improves cross‑border coordination, develops interoperable early warning systems and supports community‑level surveillance structures.",file:///home/oai/share/2018-04-16_PAD2595_western-africa-third-phase-of-regional-disease-surveillance-systems-enhancement-project_english.pdf#:~:text=This%20component%20will%20support%3A%20enhancement,be%20analyzed%2C%20optimized%20and%20formalized,FALSE,FALSE,23,Component 1,,,
P161163,World Bank,Benin; Mali; Mauritania; Niger,2018,PAD,intervention,Establish networks of public health and veterinary laboratories and improve specimen management,Public Health,,,unspecified,"Component 2 establishes networks of public health and veterinary laboratories, strengthens data and specimen management and links national laboratories to regional reference laboratories.",file:///home/oai/share/2018-04-16_PAD2595_western-africa-third-phase-of-regional-disease-surveillance-systems-enhancement-project_english.pdf#:~:text=Component%202%3A%20Strengthening%20of%20Laboratory,0%20Million,FALSE,FALSE,24,Component 2,,,
P161163,World Bank,Benin; Mali; Mauritania; Niger,2018,PAD,intervention,"Improve preparedness and emergency response, including contingency funding",Public Health,,,,Component 3 improves outbreak preparedness and response capacity through joint planning and simulation exercises and provides contingent emergency response financing to address eligible emergencies.,file:///home/oai/share/2018-04-16_PAD2595_western-africa-third-phase-of-regional-disease-surveillance-systems-enhancement-project_english.pdf#:~:text=Component%203%3A%20Preparedness%20and%20Emergency,2%20Million,FALSE,FALSE,24,Component 3,,,
P161163,World Bank,Benin; Mali; Mauritania; Niger,2018,PAD,intervention,Train and retain human resources for disease surveillance and veterinary services,Advisory and Extension,,,,"Component 4 focuses on human resource management by supporting training programs (Field Epidemiology Training Program, Frontline and Applied Veterinary Epidemiology Training) and strategies to retain skilled health and veterinary workforce.",file:///home/oai/share/2018-04-16_PAD2595_western-africa-third-phase-of-regional-disease-surveillance-systems-enhancement-project_english.pdf#:~:text=and%20Epidemic%20Preparedness%20%28US%2416,FALSE,FALSE,24,Component 4,,,,
P161163,World Bank,Benin; Mali; Mauritania; Niger,2018,PAD,outcome,"Improved capacity scores for surveillance, laboratory quality and emergency preparedness",Resilience,Resilience,Intended,,"The results framework uses International Health Regulations capacity scores to measure improvements in real‑time surveillance and reporting systems, laboratory quality, zoonotic disease surveillance, human resources and emergency preparedness in participating countries.",file:///home/oai/share/2018-04-16_PAD2595_western-africa-third-phase-of-regional-disease-surveillance-systems-enhancement-project_english.pdf#:~:text=The%20PDOs%2C%20key%20results%20and,response%20to%20said%20Eligible%20Emergency,FALSE,FALSE,30,Results Framework,,,
P161163,World Bank,Benin; Mali; Mauritania; Niger,2018,PAD,outcome,Progress toward functional One Health platforms and cross‑sectoral collaboration,Inducing Policy Change,Institutional changes,Intended,,"PDO indicators assess progress toward functional One Health platforms and cross‑sectoral collaboration for disease surveillance, reflecting institutional reforms in veterinary and public health services.",file:///home/oai/share/2018-04-16_PAD2595_western-africa-third-phase-of-regional-disease-surveillance-systems-enhancement-project_english.pdf#:~:text=The%20PDOs%2C%20key%20results%20and,response%20to%20said%20Eligible%20Emergency,FALSE,FALSE,30,Results Framework,,,
P170788,World Bank,West Africa (multiple),2019,PID,objective,Strengthen disease surveillance capacity and provide emergency response (duplicate of REDISSE I),,,,,The PID for additional financing retains the REDISSE development objective to strengthen national and regional cross‑sectoral capacity for disease surveillance and provide emergency response.,file:///home/oai/share/2019-09-25_PIDISDSA27108_project-information-document-integrated-safeguards-data-sheet-additional-financing-regional-disease-surveillance-systems_english.pdf#:~:text=The%20objectives%20of%20the%20Project,response%20to%20said%20Eligible%20Emergency,FALSE,TRUE,1,PID,,,
P173197,World Bank,Burkina Faso; Chad; Mali; Mauritania; Niger; Senegal,2021,PAD,objective,Improve resilience of pastoralists and agro‑pastoralists in selected Sahel areas,,,,,"""Improve the resilience of pastoralists and agro‑pastoralists in selected areas in the Sahel region.""",file:///home/oai/share/2021-03-09_PAD4215_burkina-faso-chad-mali-mauritania-niger-senegal-and-permanent-interstate-committee-for-drought-control-in-the-sahel-seco_english.pdf#:~:text=30,Nations%20Food%20and%20Agriculture%20Organization,FALSE,FALSE,1,Datasheet,,,
P173197,World Bank,Burkina Faso; Chad; Mali; Mauritania; Niger; Senegal,2021,PAD,intervention,"Strengthen veterinary services, upgrade infrastructure and implement mass vaccination and surveillance",Livestock Management & Technologies,,,cattle; small ruminants,"Component 1 strengthens national veterinary services by upgrading clinics, posts, border inspection posts and vaccination pens; building human resource capacity through masters and doctorates; establishing digital disease information systems; updating strategic plans for PPR and CBPP; financing nationwide vaccination and surveillance campaigns; building laboratory capacity; and developing national action plans on veterinary medicines and antimicrobial resistance.",file:///home/oai/share/2021-03-09_PAD4215_burkina-faso-chad-mali-mauritania-niger-senegal-and-permanent-interstate-committee-for-drought-control-in-the-sahel-seco_english.pdf#:~:text=the%20targeted%20VCs%20and%20establishing,and%20surveillance%20campaigns%20primarily%20targeting,FALSE,FALSE,28,Component 1,,,
P173197,World Bank,Burkina Faso; Chad; Mali; Mauritania; Niger; Senegal,2021,PAD,intervention,"Establish community‑driven landscape management, restore rangelands and build water infrastructure",Ecosystem Services,,,,"Component 2 supports sustainable landscape management by creating community‑driven mechanisms, building capacity of decentralized land authorities, delineating transhumance tracks and rest areas, establishing local conflict management committees, restoring rangelands and promoting manure and nutrient management; it constructs and rehabilitates wells, boreholes and ponds and forms water‑user committees, and trains agro‑pastoral field schools on fodder production and improved feeding practices.",file:///home/oai/share/2021-03-09_PAD4215_burkina-faso-chad-mali-mauritania-niger-senegal-and-permanent-interstate-committee-for-drought-control-in-the-sahel-seco_english.pdf,FALSE,FALSE,29,Component 2,,,,
P173197,World Bank,Burkina Faso; Chad; Mali; Mauritania; Niger; Senegal,2021,PAD,intervention,"Develop strategic market infrastructure, build capacity of pastoral organizations and finance value‑chain subprojects",Markets & Finance,,,cattle; small ruminants; dairy,"Component 3 improves pastoral livestock value chains by rehabilitating or constructing small‑scale markets and rest areas along trade routes and digitizing market information systems (Subcomponent 3.1); conducting participatory assessments and action plans to strengthen national and regional pastoral producer organizations, including training on governance, business management, climate change and policy dialogue (Subcomponent 3.2); and financing subprojects that provide inputs, equipment and infrastructure for feed production, hide and skin processing, meat and milk processing, small‑ruminant fattening, and climate‑smart manure management (Subcomponent 3.3).",file:///home/oai/share/2021-03-09_PAD4215_burkina-faso-chad-mali-mauritania-niger-senegal-and-permanent-interstate-committee-for-drought-control-in-the-sahel-seco_english.pdf,FALSE,FALSE,30,Component 3,,,,
P173197,World Bank,Burkina Faso; Chad; Mali; Mauritania; Niger; Senegal,2021,PAD,intervention,"Provide vocational training, social registry access and income‑generating grants for women and youth",Behavior Change & Social Programs,,,,"Component 4 enhances social and economic inclusion by financing vocational and technical training for vulnerable women and youth on climate‑smart agro‑pastoral practices, providing stipends and customized materials (Subcomponent 4.1); improving access to social and civil registries through diagnostic studies, technical assistance and civil registration campaigns (Subcomponent 4.2); and offering small grants (about US$450) and mentoring to women and youth for income‑generating activities such as fodder production and small‑scale processing of milk, hides and skins (Subcomponent 4.3).",file:///home/oai/share/2021-03-09_PAD4215_burkina-faso-chad-mali-mauritania-niger-senegal-and-permanent-interstate-committee-for-drought-control-in-the-sahel-seco_english.pdf#:~:text=%28total%20cost%20US%2448,for%20the%20development%20of%20incomefile:///home/oai/share/2021-03-09_PAD4215_burkina-faso-chad-mali-mauritania-niger-senegal-and-permanent-interstate-committee-for-drought-control-in-the-sahel-seco_english.pdf#:~:text=increasing%20inclusion,FALSE,FALSE,31-32,Component 4,,,
P173197,World Bank,Burkina Faso; Chad; Mali; Mauritania; Niger; Senegal,2021,PAD,intervention,"Coordinate project implementation, strengthen institutions and improve crisis preparedness",Advisory and Extension,,,,"Component 5 supports project coordination and monitoring by financing the PRAPS regional and national coordination units; strengthens institutional capacities through support for master’s and doctoral training, analytical studies using livestock investment and environmental assessment tools and training on climate adaptation; and enhances early warning systems, pastoral crisis preparedness, contingency planning and a contingent emergency response component.",file:///home/oai/share/2021-03-09_PAD4215_burkina-faso-chad-mali-mauritania-niger-senegal-and-permanent-interstate-committee-for-drought-control-in-the-sahel-seco_english.pdf#:~:text=Component%205%3A%20Project%20coordination%2C%20institutional,and%20monitor%20progress%20on%20implementationfile:///home/oai/share/2021-03-09_PAD4215_burkina-faso-chad-mali-mauritania-niger-senegal-and-permanent-interstate-committee-for-drought-control-in-the-sahel-seco_english.pdf,FALSE,FALSE,32-33,Component 5,,,
P173197,World Bank,Burkina Faso; Chad; Mali; Mauritania; Niger; Senegal,2021,PAD,outcome,Vaccination coverage for CBPP and number of small ruminants vaccinated for PPR,Resilience,Resilience,Intended,cattle; small ruminants,PDO indicators include vaccination coverage rates for contagious bovine pleuropneumonia (CBPP) and the number of small ruminants vaccinated and marked against peste des petits ruminants (PPR) at regional and country levels.,file:///home/oai/share/2021-03-09_PAD4215_burkina-faso-chad-mali-mauritania-niger-senegal-and-permanent-interstate-committee-for-drought-control-in-the-sahel-seco_english.pdf#:~:text=Sustained%20and%20maintained%20assets%20,RESULTS%20FRAMEWORK%20AND%20MONITORING,FALSE,FALSE,62,Results Framework,,,
P173197,World Bank,Burkina Faso; Chad; Mali; Mauritania; Niger; Senegal,2021,PAD,outcome,Land area under sustainable landscape management,Environmental Sustainability,Land area under improved practices,Intended,,"The results framework measures the land area under sustainable landscape management practices in hectares for each country and regionally, reflecting improvements in ecosystem management.",file:///home/oai/share/2021-03-09_PAD4215_burkina-faso-chad-mali-mauritania-niger-senegal-and-permanent-interstate-committee-for-drought-control-in-the-sahel-seco_english.pdf#:~:text=36%2C000%2C000,0,FALSE,FALSE,63,Results Framework,,,
P173197,World Bank,Burkina Faso; Chad; Mali; Mauritania; Niger; Senegal,2021,PAD,outcome,Income increase among pastoral households,Sustainable Economic Growth,Income amount per capita,Intended,,"A PDO indicator tracks the income increase of pastoral households generated with the support of the project, with targets disaggregated by country.",file:///home/oai/share/2021-03-09_PAD4215_burkina-faso-chad-mali-mauritania-niger-senegal-and-permanent-interstate-committee-for-drought-control-in-the-sahel-seco_english.pdf#:~:text=36%2C000%2C000,0.00%200.00,FALSE,FALSE,63,Results Framework,,,
P173197,World Bank,Burkina Faso; Chad; Mali; Mauritania; Niger; Senegal,2021,PAD,outcome,Implementation of national strategic plans for PPR and CBPP and improved veterinary infrastructure,Inducing Policy Change,Institutional changes,Intended,cattle; small ruminants,"Intermediate indicators include the level of implementation of national strategic plans for PPR and CBPP, the number of veterinary units built or rehabilitated and functional and the number of vaccination pens built or rehabilitated, indicating institutional improvements in animal health services.",file:///home/oai/share/2021-03-09_PAD4215_burkina-faso-chad-mali-mauritania-niger-senegal-and-permanent-interstate-committee-for-drought-control-in-the-sahel-seco_english.pdf#:~:text=Component%201,0,FALSE,FALSE,64-65,Results Framework,,,
P173197,World Bank,Burkina Faso; Chad; Mali; Mauritania; Niger; Senegal,2021,PAD,outcome,Inspections of veterinary medicines and establishment of regional veterinary committee,Inducing Policy Change,Resilience,Intended,,"Intermediate results indicators track the number of inspections dedicated to controlling veterinary medicines implemented through the project and the operationalization of a regional veterinary committee, contributing to improved regulation and animal health safety.",file:///home/oai/share/2021-03-09_PAD4215_burkina-faso-chad-mali-mauritania-niger-senegal-and-permanent-interstate-committee-for-drought-control-in-the-sahel-seco_english.pdf#:~:text=Inspections%20dedicated%20to%20the%20control,0,FALSE,FALSE,65,Results Framework,,,
P173197,World Bank,Burkina Faso; Chad; Mali; Mauritania; Niger; Senegal,2021,PAD,outcome,Functional committees for sustainable landscape management and access to water,Environmental Sustainability,Land area under improved practices,Intended,,"Indicators measure the number of functional committees for sustainable management of landscapes facilitating mobility and the number of functional water points accessible to (agro)pastoralists on mobility routes, demonstrating improved governance of natural resources and water availability.",file:///home/oai/share/2021-03-09_PAD4215_burkina-faso-chad-mali-mauritania-niger-senegal-and-permanent-interstate-committee-for-drought-control-in-the-sahel-seco_english.pdf#:~:text=Component%202,0,FALSE,FALSE,66,Results Framework,,,
P173197,World Bank,Burkina Faso; Chad; Mali; Mauritania; Niger; Senegal,2021,PAD,outcome,Cultivated fodder production and agreements on peaceful transhumance,Sustainable Economic Growth,Productivity,Intended,cattle; small ruminants,"Intermediate indicators include the quantity of cultivated fodder produced and available to pastoralists and the number of bilateral or multilateral agreements facilitating peaceful transhumance, contributing to improved feed availability and reduced conflict along mobility routes.",file:///home/oai/share/2021-03-09_PAD4215_burkina-faso-chad-mali-mauritania-niger-senegal-and-permanent-interstate-committee-for-drought-control-in-the-sahel-seco_english.pdf#:~:text=Cultivated%20fodder%20produced%20and%20available,0,FALSE,FALSE,67,Results Framework,,,
P173197,World Bank,Burkina Faso; Chad; Mali; Mauritania; Niger; Senegal,2021,PAD,outcome,Reduction of conflicts linked to mobile livestock systems,Resilience,Resilience,Intended,,"The results framework includes an indicator for the reduction rate of conflicts linked to mobile livestock systems along transhumance and trade axes, with targets increasing over the project period.",file:///home/oai/share/2021-03-09_PAD4215_burkina-faso-chad-mali-mauritania-niger-senegal-and-permanent-interstate-committee-for-drought-control-in-the-sahel-seco_english.pdf#:~:text=Reduction%20rate%20of%20conflicts%20linked,0,FALSE,FALSE,67,Results Framework,,,
P173197,World Bank,Burkina Faso; Chad; Mali; Mauritania; Niger; Senegal,2021,PAD,outcome,Operational markets along regional routes and implementation of action plans by producer organizations,Sustainable Economic Growth,Market efficiency,Intended,cattle; small ruminants; dairy,"Indicators measure the number of operational livestock markets built or rehabilitated along regional trade routes and the implementation rate of action plans developed by umbrella pastoral organizations, reflecting enhanced market infrastructure and organizational capacity.",file:///home/oai/share/2021-03-09_PAD4215_burkina-faso-chad-mali-mauritania-niger-senegal-and-permanent-interstate-committee-for-drought-control-in-the-sahel-seco_english.pdf#:~:text=Reduction%20rate%20of%20conflicts%20linked,0,FALSE,FALSE,67-68,Results Framework,,,
P173197,World Bank,Burkina Faso; Chad; Mali; Mauritania; Niger; Senegal,2021,PAD,outcome,Beneficiaries of innovative value‑chain subprojects,Sustainable Economic Growth,Market efficiency,Intended,cattle; small ruminants; dairy,"An intermediate indicator counts the number of direct beneficiaries of innovative subprojects to valorize pastoral value chains, disaggregated by country, demonstrating outreach and impact of the value‑chain financing component.",file:///home/oai/share/2021-03-09_PAD4215_burkina-faso-chad-mali-mauritania-niger-senegal-and-permanent-interstate-committee-for-drought-control-in-the-sahel-seco_english.pdf#:~:text=Direct%20beneficiaries%20of%20innovative%20sub,0,FALSE,FALSE,68,Results Framework,,,
P178791,World Bank,Mauritania; Niger,2022,PID,objective,Improve resilience of pastoralists and agro‑pastoralists in selected areas (same as PRAPS‑2),,,,,The additional financing retains the PRAPS‑II development objective to improve the resilience of pastoralists and agro‑pastoralists in selected areas in the Sahel region.,file:///home/oai/share/2022-05-04_PIDA34034_project-information-document-niger-and-mauritania-emergency-additional-financing-to-praps-2-p178791_english.pdf#:~:text=Proposed%20Development%20Objectivefile:///home/oai/share/2022-05-04_PIDA34034_project-information-document-niger-and-mauritania-emergency-additional-financing-to-praps-2-p178791_english.pdf#:~:text=C,FALSE,FALSE,1,PID,,,,
P178791,World Bank,Mauritania; Niger,2022,PID,intervention,Scale up community‑based landscape restoration and fire management,Ecosystem Services,,,,"Under subcomponent 2.1, the additional financing scales up community‑based interventions to generate revenues and protect natural pastoral areas through building fire strips (1,000 km), constructing stone cordons (350 km), establishing pastoral reserves and assisting natural regeneration in Mauritania; in Niger it finances restoration of degraded land, dune fixation, fire strips, improved rangelands and removal of invasive species.",file:///home/oai/share/2022-05-04_PIDA34034_project-information-document-niger-and-mauritania-emergency-additional-financing-to-praps-2-p178791_english.pdf#:~:text=Sub,and%20other%20land%20tenure%20schemes,FALSE,FALSE,8,Subcomponent 2.1,,,
P178791,World Bank,Mauritania; Niger,2022,PID,intervention,Construct and rehabilitate climate‑resilient water infrastructure,Rural/Public Infrastructure,,,,"Subcomponent 2.2 finances the construction and rehabilitation of additional climate‑resilient water points, including boreholes, pastoral wells and watering ponds, in Mauritania and Niger, and establishes committees to manage, monitor and maintain these water facilities.",file:///home/oai/share/2022-05-04_PIDA34034_project-information-document-niger-and-mauritania-emergency-additional-financing-to-praps-2-p178791_english.pdf#:~:text=Sub,as%20in%20the%20parent%20project,FALSE,FALSE,8,Subcomponent 2.2,,,
P178791,World Bank,Mauritania; Niger,2022,PID,intervention,Expand cultivated fodder and food crop production with climate‑smart practices,Livestock Management & Technologies,,,cattle; small ruminants,"Subcomponent 2.3 supports development of additional cultivated fodder sites (irrigated and rainfed), provision of drought‑tolerant seeds and small equipment, storage units and irrigation infrastructure, and technical assistance for climate‑smart fodder and food crop production; in Niger it includes small irrigation infrastructure, seed banks, rehabilitation of feed stores and training on improved livestock feeding practices.",file:///home/oai/share/2022-05-04_PIDA34034_project-information-document-niger-and-mauritania-emergency-additional-financing-to-praps-2-p178791_english.pdf,FALSE,FALSE,9,Subcomponent 2.3,,,,
P178791,World Bank,Mauritania; Niger,2022,PID,intervention,Provide cash grants for income‑generating activities to vulnerable pastoralists,Markets & Finance,,,,"Under subcomponent 4.3, the additional financing provides cash grants of about US$450 per person to vulnerable pastoral and agro‑pastoral households in Niger to support income‑generating activities such as small processing units, sheltered mills, warehouses and storage facilities, thereby enhancing economic resilience.",file:///home/oai/share/2022-05-04_PIDA34034_project-information-document-niger-and-mauritania-emergency-additional-financing-to-praps-2-p178791_english.pdf#:~:text=Component%204%3A%20Social%20and%20economic,to%20develop%20income%20generating%20activities,FALSE,FALSE,9,Component 4,,,
P179078,World Bank,Cabo Verde; Guinea; Liberia; ECOWAS,2023,PAD,objective,"Increase regional collaboration and health system capacities to prevent, detect and respond to health emergencies",,,,,"""Increase regional collaboration and health system capacities to prevent, detect and respond to health emergencies in Western and Central Africa.""",file:///home/oai/share/2023-11-28_PAD00117_cabo-verde-guinea-liberia-health-security-program-in-western-and-central-africa-project_english.pdf#:~:text=4,in%20Western%20and%20Central%20Africa,FALSE,FALSE,33,Project Description,,,
P179078,World Bank,Cabo Verde; Guinea; Liberia; ECOWAS,2023,PAD,intervention,"Develop health security governance, NAPHS, cross‑border preparedness and compliance assessments",Public Health,,,,"Subcomponent 1.1 provides technical assistance to develop and monitor National Action Plans for Health Security, foster joint cross‑border outbreak preparedness and investigations, conduct operational and analytical research, assess compliance with International Health Regulations and Performance of Veterinary Services through JEEs and PVS evaluations and establish regional strategies and human resource plans.",file:///home/oai/share/2023-11-28_PAD00117_cabo-verde-guinea-liberia-health-security-program-in-western-and-central-africa-project_english.pdf#:~:text=Subcomponent%201,and%20in%20other%20relevant%20strategies,FALSE,FALSE,34,Component 1.1,,,
P179078,World Bank,Cabo Verde; Guinea; Liberia; ECOWAS,2023,PAD,intervention,Operationalize One Health and combat antimicrobial resistance through surveillance and awareness,Public Health,,,cattle; poultry; wildlife,"Subcomponent 1.2 finances technical support to operationalize the One Health approach by establishing coordination platforms, developing guidelines and standard operating procedures, setting up real‑time One Health surveillance systems, monitoring implementation and conducting learning activities; it also funds development of regional AMR surveillance guidelines, education and awareness campaigns on AMR, research and behavioral interventions to promote responsible antibiotic use, and infection prevention and control measures.",file:///home/oai/share/2023-11-28_PAD00117_cabo-verde-guinea-liberia-health-security-program-in-western-and-central-africa-project_english.pdf#:~:text=Subcomponent%201.2.%20Scaling,time%20One%20Health%20surveillance%20%28risk,FALSE,FALSE,34,Component 1.2,,,
P179078,World Bank,Cabo Verde; Guinea; Liberia; ECOWAS,2023,PAD,intervention,Enhance collaborative surveillance and digital platforms for health emergencies,Public Health,,,,"Subcomponent 2.1 supports collaborative surveillance by reviewing priority disease lists, developing a regional strategy, strengthening WAHO’s Health Information System unit, integrating One Health data using interoperable digital platforms, developing dashboards for scenario planning and real‑time surveillance, mapping human, livestock and wildlife surveillance systems, developing multi‑sectoral data protocols and platforms, supporting joint risk assessments and simulations and building machine‑learning platforms to analyse epidemiological data.",file:///home/oai/share/2023-11-28_PAD00117_cabo-verde-guinea-liberia-health-security-program-in-western-and-central-africa-project_english.pdf,FALSE,FALSE,35,Component 2.1,,,,
P179078,World Bank,Cabo Verde; Guinea; Liberia; ECOWAS,2023,PAD,intervention,"Strengthen laboratory quality, biosafety and specimen management across the region",Public Health,,,,"Subcomponent 2.2 strengthens laboratory networks by supporting quality control, biosafety and biosecurity policies, establishment of laboratory information management systems, antimicrobial resistance and zoonotic disease diagnostic capacity, twinning programs between national reference laboratories and centres of excellence, biospecimen surveillance at the regional biobank and sample transportation protocols and quality management mentoring.",file:///home/oai/share/2023-11-28_PAD00117_cabo-verde-guinea-liberia-health-security-program-in-western-and-central-africa-project_english.pdf#:~:text=Subcomponent%202,sessions%20in%20additional%20reference%20laboratories,FALSE,FALSE,35,Component 2.2,,,
P179078,World Bank,Cabo Verde; Guinea; Liberia; ECOWAS,2023,PAD,intervention,Develop multi‑disciplinary health workforce and training programs,Advisory and Extension,,,,"Subcomponent 2.3 supports development and implementation of an ECOWAS public health workforce strategy, assessment and standardization of Field Epidemiology and Laboratory Training Programs and development of new expertise in disaster management, informatics, epidemic modelling and other technical areas through training and capacity building.",file:///home/oai/share/2023-11-28_PAD00117_cabo-verde-guinea-liberia-health-security-program-in-western-and-central-africa-project_english.pdf#:~:text=Subcomponent%202.3.%20Multi,laboratory%20and%20biology%20scientists%3B%20etc,FALSE,FALSE,36,Component 2.3,,,
P179078,World Bank,Cabo Verde; Guinea; Liberia; ECOWAS,2023,PAD,intervention,Support health emergency management and rapid response teams,Public Health,,,,"Subcomponent 3.1 develops standardized training programs in public health emergency management and Good Emergency Management Practice, builds rosters of integrated regional rapid response teams, conducts simulation exercises, integrates gender‑transformative initiatives, establishes risk communication and community engagement systems, trains staff on biosafety, biosecurity, IPC, emergency management, genomic sequencing and climate change preparedness and strengthens regional mechanisms for mobilizing health professionals during emergencies.",file:///home/oai/share/2023-11-28_PAD00117_cabo-verde-guinea-liberia-health-security-program-in-western-and-central-africa-project_english.pdf#:~:text=10,to%20build%20preparedness%20capacities%20of,FALSE,FALSE,36,Component 3.1,,,
P179078,World Bank,Cabo Verde; Guinea; Liberia; ECOWAS,2023,PAD,intervention,Improve health service delivery during emergencies and develop response guidelines,Public Health,,,,"Subcomponent 3.2 conducts regional assessments of infection prevention and control protocols, develops guidelines for continuity of health services during emergencies, builds capacity in clinical management and IPC, supports countries to develop disease outbreak response plans including stockpiling of medical commodities and conducts operations research on uptake and equity of response strategies.",file:///home/oai/share/2023-11-28_PAD00117_cabo-verde-guinea-liberia-health-security-program-in-western-and-central-africa-project_english.pdf#:~:text=million%29,and%20fairness%20in%20services%20delivery,FALSE,FALSE,36,Component 3.2,,,
P179078,World Bank,Cabo Verde; Guinea; Liberia; ECOWAS,2023,PAD,intervention,"Support program management, coordination and advocacy",Advisory and Extension,,,,"Component 4 finances project implementation, including procurement, financial management, environmental and social management, monitoring and evaluation and staff training; it organizes regional steering committees and mobilizes technical and financial partners, conducts advocacy and awareness raising on risk communication and citizen engagement and provides technical assistance to participating countries.",file:///home/oai/share/2023-11-28_PAD00117_cabo-verde-guinea-liberia-health-security-program-in-western-and-central-africa-project_english.pdf#:~:text=Component%204,logistic%20resources%20to%20Participating%20Countries,FALSE,FALSE,36,Component 4,,,
P179078,World Bank,Cabo Verde; Guinea; Liberia; ECOWAS,2023,PAD,outcome,Cross‑border collaboration agreements and harmonized policies,Inducing Policy Change,Institutional changes,Intended,,"PDO‑level outcome indicators include the number of agreements signed for cross‑border collaboration and information sharing facilitated by WAHO and the number of regionally harmonized policies, strategy frameworks or protocols developed by ECOWAS to strengthen health security and systems resilience.",file:///home/oai/share/2023-11-28_PAD00117_cabo-verde-guinea-liberia-health-security-program-in-western-and-central-africa-project_english.pdf#:~:text=Agreements%20signed%20for%20cross,Number%29%200,FALSE,FALSE,33,PDO Indicators,,,
P179078,World Bank,Cabo Verde; Guinea; Liberia; ECOWAS,2023,PAD,outcome,Costed plans for veterinary services and One Health roadmaps developed and implemented,Inducing Policy Change,Institutional changes,Intended,cattle; poultry; wildlife,PDO indicators measure the number of participating countries that have costed five‑year plans to address gaps in veterinary services’ critical competencies based on PVS Gap Analysis and the number of costed One Health roadmaps developed and implemented by national coordination mechanisms.,file:///home/oai/share/2023-11-28_PAD00117_cabo-verde-guinea-liberia-health-security-program-in-western-and-central-africa-project_english.pdf#:~:text=Participating%20countries%20with%20costed%205,Number%29%200%207,FALSE,FALSE,33,PDO Indicators,,,
P179078,World Bank,Cabo Verde; Guinea; Liberia; ECOWAS,2023,PAD,outcome,People trained in health security and gender mainstreaming activities,Inclusivity & Women’s Empowerment,Knowledge increase,Intended,,"Intermediate results indicators track the number of people trained in field epidemiology, laboratory and health security short courses, including the percentage of women trained, and the number of regional gender mainstreaming activities and technical assistance events provided.",file:///home/oai/share/2023-11-28_PAD00117_cabo-verde-guinea-liberia-health-security-program-in-western-and-central-africa-project_english.pdf#:~:text=No,Number,FALSE,FALSE,33-34,Intermediate Results,,,
P179078,World Bank,Cabo Verde; Guinea; Liberia; ECOWAS,2023,PAD,outcome,Annual cross‑border health security collaboration activities and animal health training,Resilience,Resilience,Intended,,"Intermediate indicators include the number of annual cross‑border health security collaboration activities organized and the number of people trained in animal health (with percentage of women), demonstrating enhanced preparedness and regional cooperation.",file:///home/oai/share/2023-11-28_PAD00117_cabo-verde-guinea-liberia-health-security-program-in-western-and-central-africa-project_english.pdf#:~:text=Annual%20cross,Number,FALSE,FALSE,34,Intermediate Results,,,
P179078,World Bank,Cabo Verde; Guinea; Liberia; ECOWAS,2023,PAD,outcome,PVS Pathway missions conducted and grievances addressed,Inducing Policy Change,Institutional changes,Intended,,Intermediate results include the number of PVS Pathway missions conducted to strengthen veterinary services and the percentage of complaints or grievances addressed related to WAHO’s interventions.,file:///home/oai/share/2023-11-28_PAD00117_cabo-verde-guinea-liberia-health-security-program-in-western-and-central-africa-project_english.pdf#:~:text=PVS%20Pathway%20missions%20%E2%80%93%20including,Percentage%29%200%20100,FALSE,FALSE,34,Intermediate Results,,,